event,camera,person_a,person_b,started_at,event_at,duration_seconds,normalized_distance,method
STARTED,NDI: SHINJAN (shinjan-pc) [Q2],unknown_track_18,unknown_track_22,2026-07-23T07:56:31.033+00:00,2026-07-23T07:56:32.135+00:00,1.102,1.9223,sustained_proximity_estimate
STARTED,NDI: SHINJAN (shinjan-pc) [Q2],unknown_track_18,unknown_track_30,2026-07-23T07:56:31.033+00:00,2026-07-23T07:56:32.135+00:00,1.102,0.7717,sustained_proximity_estimate
STARTED,NDI: SHINJAN (shinjan-pc) [Q2],unknown_track_18,unknown_track_34,2026-07-23T07:56:31.033+00:00,2026-07-23T07:56:32.135+00:00,1.102,1.8451,sustained_proximity_estimate
STARTED,NDI: SHINJAN (shinjan-pc) [Q2],unknown_track_22,unknown_track_30,2026-07-23T07:56:31.033+00:00,2026-07-23T07:56:32.135+00:00,1.102,1.6700,sustained_proximity_estimate
STARTED,NDI: SHINJAN (shinjan-pc) [Q2],unknown_track_22,unknown_track_34,2026-07-23T07:56:31.033+00:00,2026-07-23T07:56:32.135+00:00,1.102,1.1416,sustained_proximity_estimate
STARTED,NDI: SHINJAN (shinjan-pc) [Q1],unknown_track_1,unknown_track_5,2026-07-23T07:56:31.033+00:00,2026-07-23T07:56:32.135+00:00,1.102,1.2405,sustained_proximity_estimate
STARTED,NDI: SHINJAN (shinjan-pc) [Q1],unknown_track_1,unknown_track_9,2026-07-23T07:56:31.033+00:00,2026-07-23T07:56:32.135+00:00,1.102,1.4949,sustained_proximity_estimate
STARTED,NDI: SHINJAN (shinjan-pc) [Q1],unknown_track_5,unknown_track_9,2026-07-23T07:56:31.033+00:00,2026-07-23T07:56:32.135+00:00,1.102,1.4697,sustained_proximity_estimate
UPDATED,NDI: SHINJAN (shinjan-pc) [Q2],unknown_track_18,unknown_track_22,2026-07-23T07:56:31.033+00:00,2026-07-23T07:56:32.727+00:00,1.694,1.9180,sustained_proximity_estimate
UPDATED,NDI: SHINJAN (shinjan-pc) [Q2],unknown_track_18,unknown_track_30,2026-07-23T07:56:31.033+00:00,2026-07-23T07:56:32.727+00:00,1.694,0.7798,sustained_proximity_estimate
UPDATED,NDI: SHINJAN (shinjan-pc) [Q2],unknown_track_18,unknown_track_34,2026-07-23T07:56:31.033+00:00,2026-07-23T07:56:32.727+00:00,1.694,1.8455,sustained_proximity_estimate
UPDATED,NDI: SHINJAN (shinjan-pc) [Q2],unknown_track_22,unknown_track_30,2026-07-23T07:56:31.033+00:00,2026-07-23T07:56:32.727+00:00,1.694,1.6417,sustained_proximity_estimate
UPDATED,NDI: SHINJAN (shinjan-pc) [Q2],unknown_track_22,unknown_track_34,2026-07-23T07:56:31.033+00:00,2026-07-23T07:56:32.727+00:00,1.694,1.1487,sustained_proximity_estimate
UPDATED,NDI: SHINJAN (shinjan-pc) [Q1],unknown_track_1,unknown_track_5,2026-07-23T07:56:31.033+00:00,2026-07-23T07:56:32.727+00:00,1.694,1.2841,sustained_proximity_estimate
UPDATED,NDI: SHINJAN (shinjan-pc) [Q1],unknown_track_1,unknown_track_9,2026-07-23T07:56:31.033+00:00,2026-07-23T07:56:32.727+00:00,1.694,1.5472,sustained_proximity_estimate
UPDATED,NDI: SHINJAN (shinjan-pc) [Q1],unknown_track_5,unknown_track_9,2026-07-23T07:56:31.033+00:00,2026-07-23T07:56:32.727+00:00,1.694,1.4512,sustained_proximity_estimate
UPDATED,NDI: SHINJAN (shinjan-pc) [Q2],unknown_track_18,unknown_track_22,2026-07-23T07:56:31.033+00:00,2026-07-23T07:56:33.328+00:00,2.295,1.9149,sustained_proximity_estimate
UPDATED,NDI: SHINJAN (shinjan-pc) [Q2],unknown_track_18,unknown_track_30,2026-07-23T07:56:31.033+00:00,2026-07-23T07:56:33.328+00:00,2.295,0.7816,sustained_proximity_estimate
UPDATED,NDI: SHINJAN (shinjan-pc) [Q2],unknown_track_18,unknown_track_34,2026-07-23T07:56:31.033+00:00,2026-07-23T07:56:33.328+00:00,2.295,1.8295,sustained_proximity_estimate
UPDATED,NDI: SHINJAN (shinjan-pc) [Q2],unknown_track_22,unknown_track_30,2026-07-23T07:56:31.033+00:00,2026-07-23T07:56:33.328+00:00,2.295,1.6586,sustained_proximity_estimate
UPDATED,NDI: SHINJAN (shinjan-pc) [Q2],unknown_track_22,unknown_track_34,2026-07-23T07:56:31.033+00:00,2026-07-23T07:56:33.328+00:00,2.295,1.1421,sustained_proximity_estimate
STARTED,NDI: SHINJAN (shinjan-pc) [Q2],unknown_track_30,unknown_track_34,2026-07-23T07:56:32.135+00:00,2026-07-23T07:56:33.328+00:00,1.193,1.9777,sustained_proximity_estimate
UPDATED,NDI: SHINJAN (shinjan-pc) [Q1],unknown_track_1,unknown_track_5,2026-07-23T07:56:31.033+00:00,2026-07-23T07:56:33.328+00:00,2.295,0.8937,sustained_proximity_estimate
UPDATED,NDI: SHINJAN (shinjan-pc) [Q1],unknown_track_1,unknown_track_9,2026-07-23T07:56:31.033+00:00,2026-07-23T07:56:33.328+00:00,2.295,1.4017,sustained_proximity_estimate
UPDATED,NDI: SHINJAN (shinjan-pc) [Q1],unknown_track_5,unknown_track_9,2026-07-23T07:56:31.033+00:00,2026-07-23T07:56:33.328+00:00,2.295,1.1738,sustained_proximity_estimate
ENDED,NDI: SHINJAN (shinjan-pc) [Q2],unknown_track_18,unknown_track_22,2026-07-23T07:56:31.033+00:00,2026-07-23T07:56:33.328+00:00,2.295,1.9149,sustained_proximity_estimate
ENDED,NDI: SHINJAN (shinjan-pc) [Q2],unknown_track_18,unknown_track_30,2026-07-23T07:56:31.033+00:00,2026-07-23T07:56:33.328+00:00,2.295,0.7816,sustained_proximity_estimate
ENDED,NDI: SHINJAN (shinjan-pc) [Q2],unknown_track_18,unknown_track_34,2026-07-23T07:56:31.033+00:00,2026-07-23T07:56:33.328+00:00,2.295,1.8295,sustained_proximity_estimate
ENDED,NDI: SHINJAN (shinjan-pc) [Q2],unknown_track_22,unknown_track_30,2026-07-23T07:56:31.033+00:00,2026-07-23T07:56:33.328+00:00,2.295,1.6586,sustained_proximity_estimate
ENDED,NDI: SHINJAN (shinjan-pc) [Q2],unknown_track_22,unknown_track_34,2026-07-23T07:56:31.033+00:00,2026-07-23T07:56:33.328+00:00,2.295,1.1421,sustained_proximity_estimate
ENDED,NDI: SHINJAN (shinjan-pc) [Q2],unknown_track_30,unknown_track_34,2026-07-23T07:56:32.135+00:00,2026-07-23T07:56:33.328+00:00,1.193,1.9777,sustained_proximity_estimate
ENDED,NDI: SHINJAN (shinjan-pc) [Q1],unknown_track_1,unknown_track_5,2026-07-23T07:56:31.033+00:00,2026-07-23T07:56:33.328+00:00,2.295,0.8937,sustained_proximity_estimate
ENDED,NDI: SHINJAN (shinjan-pc) [Q1],unknown_track_1,unknown_track_9,2026-07-23T07:56:31.033+00:00,2026-07-23T07:56:33.328+00:00,2.295,1.4017,sustained_proximity_estimate
ENDED,NDI: SHINJAN (shinjan-pc) [Q1],unknown_track_5,unknown_track_9,2026-07-23T07:56:31.033+00:00,2026-07-23T07:56:33.328+00:00,2.295,1.1738,sustained_proximity_estimate
STARTED,NDI: SHINJAN (shinjan-pc) [Q2],unknown_track_22,unknown_track_30,2026-07-23T07:56:36.107+00:00,2026-07-23T07:56:37.411+00:00,1.304,1.8099,sustained_proximity_estimate
STARTED,NDI: SHINJAN (shinjan-pc) [Q2],unknown_track_22,unknown_track_34,2026-07-23T07:56:36.107+00:00,2026-07-23T07:56:37.411+00:00,1.304,1.1480,sustained_proximity_estimate
STARTED,NDI: SHINJAN (shinjan-pc) [Q2],unknown_track_22,unknown_track_46,2026-07-23T07:56:36.107+00:00,2026-07-23T07:56:37.411+00:00,1.304,1.8374,sustained_proximity_estimate
STARTED,NDI: SHINJAN (shinjan-pc) [Q2],unknown_track_30,unknown_track_46,2026-07-23T07:56:36.107+00:00,2026-07-23T07:56:37.411+00:00,1.304,0.6670,sustained_proximity_estimate
STARTED,NDI: SHINJAN (shinjan-pc) [Q2],unknown_track_34,unknown_track_46,2026-07-23T07:56:36.107+00:00,2026-07-23T07:56:37.411+00:00,1.304,1.8052,sustained_proximity_estimate
STARTED,NDI: SHINJAN (shinjan-pc) [Q1],unknown_track_1,unknown_track_5,2026-07-23T07:56:36.107+00:00,2026-07-23T07:56:37.411+00:00,1.304,1.2760,sustained_proximity_estimate
STARTED,NDI: SHINJAN (shinjan-pc) [Q1],unknown_track_1,unknown_track_9,2026-07-23T07:56:36.107+00:00,2026-07-23T07:56:37.411+00:00,1.304,1.3262,sustained_proximity_estimate
STARTED,NDI: SHINJAN (shinjan-pc) [Q1],unknown_track_5,unknown_track_9,2026-07-23T07:56:36.107+00:00,2026-07-23T07:56:37.411+00:00,1.304,1.4480,sustained_proximity_estimate
UPDATED,NDI: SHINJAN (shinjan-pc) [Q2],unknown_track_22,unknown_track_30,2026-07-23T07:56:36.107+00:00,2026-07-23T07:56:38.029+00:00,1.922,1.7030,sustained_proximity_estimate
UPDATED,NDI: SHINJAN (shinjan-pc) [Q2],unknown_track_22,unknown_track_34,2026-07-23T07:56:36.107+00:00,2026-07-23T07:56:38.029+00:00,1.922,1.1533,sustained_proximity_estimate
UPDATED,NDI: SHINJAN (shinjan-pc) [Q2],unknown_track_22,unknown_track_46,2026-07-23T07:56:36.107+00:00,2026-07-23T07:56:38.029+00:00,1.922,1.8773,sustained_proximity_estimate
UPDATED,NDI: SHINJAN (shinjan-pc) [Q2],unknown_track_30,unknown_track_46,2026-07-23T07:56:36.107+00:00,2026-07-23T07:56:38.029+00:00,1.922,0.7761,sustained_proximity_estimate
UPDATED,NDI: SHINJAN (shinjan-pc) [Q2],unknown_track_34,unknown_track_46,2026-07-23T07:56:36.107+00:00,2026-07-23T07:56:38.029+00:00,1.922,1.8289,sustained_proximity_estimate
STARTED,NDI: SHINJAN (shinjan-pc) [Q1],unknown_track_1,unknown_track_49,2026-07-23T07:56:36.687+00:00,2026-07-23T07:56:38.029+00:00,1.342,0.8008,sustained_proximity_estimate
UPDATED,NDI: SHINJAN (shinjan-pc) [Q1],unknown_track_1,unknown_track_5,2026-07-23T07:56:36.107+00:00,2026-07-23T07:56:38.029+00:00,1.922,1.3060,sustained_proximity_estimate
UPDATED,NDI: SHINJAN (shinjan-pc) [Q1],unknown_track_1,unknown_track_9,2026-07-23T07:56:36.107+00:00,2026-07-23T07:56:38.029+00:00,1.922,1.3786,sustained_proximity_estimate
STARTED,NDI: SHINJAN (shinjan-pc) [Q1],unknown_track_49,unknown_track_5,2026-07-23T07:56:36.687+00:00,2026-07-23T07:56:38.029+00:00,1.342,1.5598,sustained_proximity_estimate
UPDATED,NDI: SHINJAN (shinjan-pc) [Q1],unknown_track_5,unknown_track_9,2026-07-23T07:56:36.107+00:00,2026-07-23T07:56:38.029+00:00,1.922,1.4593,sustained_proximity_estimate
UPDATED,NDI: SHINJAN (shinjan-pc) [Q2],unknown_track_22,unknown_track_30,2026-07-23T07:56:36.107+00:00,2026-07-23T07:56:38.707+00:00,2.600,1.7397,sustained_proximity_estimate
UPDATED,NDI: SHINJAN (shinjan-pc) [Q2],unknown_track_22,unknown_track_34,2026-07-23T07:56:36.107+00:00,2026-07-23T07:56:38.707+00:00,2.600,1.1650,sustained_proximity_estimate
UPDATED,NDI: SHINJAN (shinjan-pc) [Q2],unknown_track_22,unknown_track_46,2026-07-23T07:56:36.107+00:00,2026-07-23T07:56:38.707+00:00,2.600,1.9516,sustained_proximity_estimate
UPDATED,NDI: SHINJAN (shinjan-pc) [Q2],unknown_track_30,unknown_track_46,2026-07-23T07:56:36.107+00:00,2026-07-23T07:56:38.707+00:00,2.600,0.8110,sustained_proximity_estimate
UPDATED,NDI: SHINJAN (shinjan-pc) [Q2],unknown_track_34,unknown_track_46,2026-07-23T07:56:36.107+00:00,2026-07-23T07:56:38.707+00:00,2.600,1.8717,sustained_proximity_estimate
UPDATED,NDI: SHINJAN (shinjan-pc) [Q1],unknown_track_49,unknown_track_5,2026-07-23T07:56:36.687+00:00,2026-07-23T07:56:38.707+00:00,2.020,1.5574,sustained_proximity_estimate
UPDATED,NDI: SHINJAN (shinjan-pc) [Q1],unknown_track_5,unknown_track_9,2026-07-23T07:56:36.107+00:00,2026-07-23T07:56:38.707+00:00,2.600,1.4873,sustained_proximity_estimate
ENDED,NDI: SHINJAN (shinjan-pc) [Q2],unknown_track_22,unknown_track_30,2026-07-23T07:56:36.107+00:00,2026-07-23T07:56:38.707+00:00,2.600,1.7397,sustained_proximity_estimate
ENDED,NDI: SHINJAN (shinjan-pc) [Q2],unknown_track_22,unknown_track_34,2026-07-23T07:56:36.107+00:00,2026-07-23T07:56:38.707+00:00,2.600,1.1650,sustained_proximity_estimate
ENDED,NDI: SHINJAN (shinjan-pc) [Q2],unknown_track_22,unknown_track_46,2026-07-23T07:56:36.107+00:00,2026-07-23T07:56:38.707+00:00,2.600,1.9516,sustained_proximity_estimate
ENDED,NDI: SHINJAN (shinjan-pc) [Q2],unknown_track_30,unknown_track_46,2026-07-23T07:56:36.107+00:00,2026-07-23T07:56:38.707+00:00,2.600,0.8110,sustained_proximity_estimate
ENDED,NDI: SHINJAN (shinjan-pc) [Q2],unknown_track_34,unknown_track_46,2026-07-23T07:56:36.107+00:00,2026-07-23T07:56:38.707+00:00,2.600,1.8717,sustained_proximity_estimate
ENDED,NDI: SHINJAN (shinjan-pc) [Q1],unknown_track_1,unknown_track_49,2026-07-23T07:56:36.687+00:00,2026-07-23T07:56:38.029+00:00,1.342,0.8008,sustained_proximity_estimate
ENDED,NDI: SHINJAN (shinjan-pc) [Q1],unknown_track_1,unknown_track_5,2026-07-23T07:56:36.107+00:00,2026-07-23T07:56:38.029+00:00,1.922,1.3060,sustained_proximity_estimate
ENDED,NDI: SHINJAN (shinjan-pc) [Q1],unknown_track_1,unknown_track_9,2026-07-23T07:56:36.107+00:00,2026-07-23T07:56:38.029+00:00,1.922,1.3786,sustained_proximity_estimate
ENDED,NDI: SHINJAN (shinjan-pc) [Q1],unknown_track_49,unknown_track_5,2026-07-23T07:56:36.687+00:00,2026-07-23T07:56:38.707+00:00,2.020,1.5574,sustained_proximity_estimate
ENDED,NDI: SHINJAN (shinjan-pc) [Q1],unknown_track_5,unknown_track_9,2026-07-23T07:56:36.107+00:00,2026-07-23T07:56:38.707+00:00,2.600,1.4873,sustained_proximity_estimate
STARTED,NDI: SHINJAN (shinjan-pc) [Q2],unknown_track_22,unknown_track_30,2026-07-23T07:56:41.794+00:00,2026-07-23T07:56:42.956+00:00,1.162,1.7934,sustained_proximity_estimate
STARTED,NDI: SHINJAN (shinjan-pc) [Q2],unknown_track_22,unknown_track_34,2026-07-23T07:56:41.794+00:00,2026-07-23T07:56:42.956+00:00,1.162,1.1437,sustained_proximity_estimate
STARTED,NDI: SHINJAN (shinjan-pc) [Q2],unknown_track_22,unknown_track_46,2026-07-23T07:56:41.794+00:00,2026-07-23T07:56:42.956+00:00,1.162,1.9993,sustained_proximity_estimate
STARTED,NDI: SHINJAN (shinjan-pc) [Q2],unknown_track_30,unknown_track_46,2026-07-23T07:56:41.794+00:00,2026-07-23T07:56:42.956+00:00,1.162,0.7975,sustained_proximity_estimate
STARTED,NDI: SHINJAN (shinjan-pc) [Q2],unknown_track_34,unknown_track_46,2026-07-23T07:56:41.794+00:00,2026-07-23T07:56:42.956+00:00,1.162,1.8562,sustained_proximity_estimate
STARTED,NDI: SHINJAN (shinjan-pc) [Q1],unknown_track_49,unknown_track_5,2026-07-23T07:56:41.794+00:00,2026-07-23T07:56:42.956+00:00,1.162,1.7081,sustained_proximity_estimate
STARTED,NDI: SHINJAN (shinjan-pc) [Q1],unknown_track_5,unknown_track_9,2026-07-23T07:56:41.794+00:00,2026-07-23T07:56:42.956+00:00,1.162,1.5211,sustained_proximity_estimate
UPDATED,NDI: SHINJAN (shinjan-pc) [Q2],unknown_track_22,unknown_track_30,2026-07-23T07:56:41.794+00:00,2026-07-23T07:56:43.612+00:00,1.818,1.7883,sustained_proximity_estimate
UPDATED,NDI: SHINJAN (shinjan-pc) [Q2],unknown_track_22,unknown_track_34,2026-07-23T07:56:41.794+00:00,2026-07-23T07:56:43.612+00:00,1.818,1.1679,sustained_proximity_estimate
UPDATED,NDI: SHINJAN (shinjan-pc) [Q2],unknown_track_22,unknown_track_46,2026-07-23T07:56:41.794+00:00,2026-07-23T07:56:43.612+00:00,1.818,2.0037,sustained_proximity_estimate
UPDATED,NDI: SHINJAN (shinjan-pc) [Q2],unknown_track_30,unknown_track_46,2026-07-23T07:56:41.794+00:00,2026-07-23T07:56:43.612+00:00,1.818,0.8026,sustained_proximity_estimate
UPDATED,NDI: SHINJAN (shinjan-pc) [Q2],unknown_track_34,unknown_track_46,2026-07-23T07:56:41.794+00:00,2026-07-23T07:56:43.612+00:00,1.818,1.9152,sustained_proximity_estimate
UPDATED,NDI: SHINJAN (shinjan-pc) [Q1],unknown_track_49,unknown_track_5,2026-07-23T07:56:41.794+00:00,2026-07-23T07:56:43.612+00:00,1.818,1.7121,sustained_proximity_estimate
UPDATED,NDI: SHINJAN (shinjan-pc) [Q1],unknown_track_5,unknown_track_9,2026-07-23T07:56:41.794+00:00,2026-07-23T07:56:43.612+00:00,1.818,1.4990,sustained_proximity_estimate
UPDATED,NDI: SHINJAN (shinjan-pc) [Q2],unknown_track_22,unknown_track_30,2026-07-23T07:56:41.794+00:00,2026-07-23T07:56:44.225+00:00,2.431,1.7566,sustained_proximity_estimate
UPDATED,NDI: SHINJAN (shinjan-pc) [Q2],unknown_track_22,unknown_track_34,2026-07-23T07:56:41.794+00:00,2026-07-23T07:56:44.225+00:00,2.431,1.1695,sustained_proximity_estimate
UPDATED,NDI: SHINJAN (shinjan-pc) [Q2],unknown_track_22,unknown_track_46,2026-07-23T07:56:41.794+00:00,2026-07-23T07:56:44.225+00:00,2.431,1.9489,sustained_proximity_estimate
UPDATED,NDI: SHINJAN (shinjan-pc) [Q2],unknown_track_30,unknown_track_46,2026-07-23T07:56:41.794+00:00,2026-07-23T07:56:44.225+00:00,2.431,0.7942,sustained_proximity_estimate
UPDATED,NDI: SHINJAN (shinjan-pc) [Q2],unknown_track_34,unknown_track_46,2026-07-23T07:56:41.794+00:00,2026-07-23T07:56:44.225+00:00,2.431,1.8936,sustained_proximity_estimate
UPDATED,NDI: SHINJAN (shinjan-pc) [Q1],unknown_track_49,unknown_track_5,2026-07-23T07:56:41.794+00:00,2026-07-23T07:56:44.225+00:00,2.431,1.7181,sustained_proximity_estimate
UPDATED,NDI: SHINJAN (shinjan-pc) [Q1],unknown_track_5,unknown_track_9,2026-07-23T07:56:41.794+00:00,2026-07-23T07:56:44.225+00:00,2.431,1.5058,sustained_proximity_estimate
ENDED,NDI: SHINJAN (shinjan-pc) [Q2],unknown_track_22,unknown_track_30,2026-07-23T07:56:41.794+00:00,2026-07-23T07:56:44.225+00:00,2.431,1.7566,sustained_proximity_estimate
ENDED,NDI: SHINJAN (shinjan-pc) [Q2],unknown_track_22,unknown_track_34,2026-07-23T07:56:41.794+00:00,2026-07-23T07:56:44.225+00:00,2.431,1.1695,sustained_proximity_estimate
ENDED,NDI: SHINJAN (shinjan-pc) [Q2],unknown_track_22,unknown_track_46,2026-07-23T07:56:41.794+00:00,2026-07-23T07:56:44.225+00:00,2.431,1.9489,sustained_proximity_estimate
ENDED,NDI: SHINJAN (shinjan-pc) [Q2],unknown_track_30,unknown_track_46,2026-07-23T07:56:41.794+00:00,2026-07-23T07:56:44.225+00:00,2.431,0.7942,sustained_proximity_estimate
ENDED,NDI: SHINJAN (shinjan-pc) [Q2],unknown_track_34,unknown_track_46,2026-07-23T07:56:41.794+00:00,2026-07-23T07:56:44.225+00:00,2.431,1.8936,sustained_proximity_estimate
ENDED,NDI: SHINJAN (shinjan-pc) [Q1],unknown_track_49,unknown_track_5,2026-07-23T07:56:41.794+00:00,2026-07-23T07:56:44.225+00:00,2.431,1.7181,sustained_proximity_estimate
ENDED,NDI: SHINJAN (shinjan-pc) [Q1],unknown_track_5,unknown_track_9,2026-07-23T07:56:41.794+00:00,2026-07-23T07:56:44.225+00:00,2.431,1.5058,sustained_proximity_estimate
STARTED,NDI: SHINJAN (shinjan-pc) [Q2],unknown_track_22,unknown_track_30,2026-07-23T07:56:46.788+00:00,2026-07-23T07:56:48.006+00:00,1.218,1.7989,sustained_proximity_estimate
STARTED,NDI: SHINJAN (shinjan-pc) [Q2],unknown_track_22,unknown_track_34,2026-07-23T07:56:46.788+00:00,2026-07-23T07:56:48.006+00:00,1.218,1.1357,sustained_proximity_estimate
STARTED,NDI: SHINJAN (shinjan-pc) [Q2],unknown_track_22,unknown_track_46,2026-07-23T07:56:46.788+00:00,2026-07-23T07:56:48.006+00:00,1.218,1.9688,sustained_proximity_estimate
STARTED,NDI: SHINJAN (shinjan-pc) [Q2],unknown_track_30,unknown_track_46,2026-07-23T07:56:46.788+00:00,2026-07-23T07:56:48.006+00:00,1.218,0.7648,sustained_proximity_estimate
STARTED,NDI: SHINJAN (shinjan-pc) [Q2],unknown_track_34,unknown_track_46,2026-07-23T07:56:46.788+00:00,2026-07-23T07:56:48.006+00:00,1.218,1.8348,sustained_proximity_estimate
STARTED,NDI: SHINJAN (shinjan-pc) [Q1],unknown_track_1,unknown_track_5,2026-07-23T07:56:46.788+00:00,2026-07-23T07:56:48.006+00:00,1.218,1.2438,sustained_proximity_estimate
STARTED,NDI: SHINJAN (shinjan-pc) [Q1],unknown_track_1,unknown_track_9,2026-07-23T07:56:46.788+00:00,2026-07-23T07:56:48.006+00:00,1.218,1.3428,sustained_proximity_estimate
STARTED,NDI: SHINJAN (shinjan-pc) [Q1],unknown_track_5,unknown_track_9,2026-07-23T07:56:46.788+00:00,2026-07-23T07:56:48.006+00:00,1.218,1.4923,sustained_proximity_estimate
UPDATED,NDI: SHINJAN (shinjan-pc) [Q2],unknown_track_22,unknown_track_30,2026-07-23T07:56:46.788+00:00,2026-07-23T07:56:48.745+00:00,1.957,1.6654,sustained_proximity_estimate
UPDATED,NDI: SHINJAN (shinjan-pc) [Q2],unknown_track_22,unknown_track_34,2026-07-23T07:56:46.788+00:00,2026-07-23T07:56:48.745+00:00,1.957,1.1407,sustained_proximity_estimate
UPDATED,NDI: SHINJAN (shinjan-pc) [Q2],unknown_track_22,unknown_track_46,2026-07-23T07:56:46.788+00:00,2026-07-23T07:56:48.745+00:00,1.957,1.9719,sustained_proximity_estimate
UPDATED,NDI: SHINJAN (shinjan-pc) [Q2],unknown_track_30,unknown_track_46,2026-07-23T07:56:46.788+00:00,2026-07-23T07:56:48.745+00:00,1.957,0.6949,sustained_proximity_estimate
UPDATED,NDI: SHINJAN (shinjan-pc) [Q2],unknown_track_34,unknown_track_46,2026-07-23T07:56:46.788+00:00,2026-07-23T07:56:48.745+00:00,1.957,1.8344,sustained_proximity_estimate
UPDATED,NDI: SHINJAN (shinjan-pc) [Q1],unknown_track_1,unknown_track_5,2026-07-23T07:56:46.788+00:00,2026-07-23T07:56:48.745+00:00,1.957,1.2349,sustained_proximity_estimate
UPDATED,NDI: SHINJAN (shinjan-pc) [Q1],unknown_track_1,unknown_track_9,2026-07-23T07:56:46.788+00:00,2026-07-23T07:56:48.745+00:00,1.957,1.3385,sustained_proximity_estimate
UPDATED,NDI: SHINJAN (shinjan-pc) [Q1],unknown_track_5,unknown_track_9,2026-07-23T07:56:46.788+00:00,2026-07-23T07:56:48.745+00:00,1.957,1.4808,sustained_proximity_estimate
UPDATED,NDI: SHINJAN (shinjan-pc) [Q2],unknown_track_22,unknown_track_30,2026-07-23T07:56:46.788+00:00,2026-07-23T07:56:49.358+00:00,2.570,1.7586,sustained_proximity_estimate
UPDATED,NDI: SHINJAN (shinjan-pc) [Q2],unknown_track_22,unknown_track_34,2026-07-23T07:56:46.788+00:00,2026-07-23T07:56:49.358+00:00,2.570,1.1387,sustained_proximity_estimate
UPDATED,NDI: SHINJAN (shinjan-pc) [Q2],unknown_track_22,unknown_track_46,2026-07-23T07:56:46.788+00:00,2026-07-23T07:56:49.358+00:00,2.570,1.9836,sustained_proximity_estimate
UPDATED,NDI: SHINJAN (shinjan-pc) [Q2],unknown_track_30,unknown_track_46,2026-07-23T07:56:46.788+00:00,2026-07-23T07:56:49.358+00:00,2.570,0.7297,sustained_proximity_estimate
UPDATED,NDI: SHINJAN (shinjan-pc) [Q2],unknown_track_34,unknown_track_46,2026-07-23T07:56:46.788+00:00,2026-07-23T07:56:49.358+00:00,2.570,1.8395,sustained_proximity_estimate
UPDATED,NDI: SHINJAN (shinjan-pc) [Q1],unknown_track_5,unknown_track_9,2026-07-23T07:56:46.788+00:00,2026-07-23T07:56:49.358+00:00,2.570,1.4951,sustained_proximity_estimate
ENDED,NDI: SHINJAN (shinjan-pc) [Q2],unknown_track_22,unknown_track_30,2026-07-23T07:56:46.788+00:00,2026-07-23T07:56:49.358+00:00,2.570,1.7586,sustained_proximity_estimate
ENDED,NDI: SHINJAN (shinjan-pc) [Q2],unknown_track_22,unknown_track_34,2026-07-23T07:56:46.788+00:00,2026-07-23T07:56:49.358+00:00,2.570,1.1387,sustained_proximity_estimate
ENDED,NDI: SHINJAN (shinjan-pc) [Q2],unknown_track_22,unknown_track_46,2026-07-23T07:56:46.788+00:00,2026-07-23T07:56:49.358+00:00,2.570,1.9836,sustained_proximity_estimate
ENDED,NDI: SHINJAN (shinjan-pc) [Q2],unknown_track_30,unknown_track_46,2026-07-23T07:56:46.788+00:00,2026-07-23T07:56:49.358+00:00,2.570,0.7297,sustained_proximity_estimate
ENDED,NDI: SHINJAN (shinjan-pc) [Q2],unknown_track_34,unknown_track_46,2026-07-23T07:56:46.788+00:00,2026-07-23T07:56:49.358+00:00,2.570,1.8395,sustained_proximity_estimate
ENDED,NDI: SHINJAN (shinjan-pc) [Q1],unknown_track_1,unknown_track_5,2026-07-23T07:56:46.788+00:00,2026-07-23T07:56:48.745+00:00,1.957,1.2349,sustained_proximity_estimate
ENDED,NDI: SHINJAN (shinjan-pc) [Q1],unknown_track_1,unknown_track_9,2026-07-23T07:56:46.788+00:00,2026-07-23T07:56:48.745+00:00,1.957,1.3385,sustained_proximity_estimate
ENDED,NDI: SHINJAN (shinjan-pc) [Q1],unknown_track_5,unknown_track_9,2026-07-23T07:56:46.788+00:00,2026-07-23T07:56:49.358+00:00,2.570,1.4951,sustained_proximity_estimate
STARTED,NDI: SHINJAN (shinjan-pc) [Q2],unknown_track_22,unknown_track_30,2026-07-23T07:56:52.597+00:00,2026-07-23T07:56:53.906+00:00,1.309,1.7094,sustained_proximity_estimate
STARTED,NDI: SHINJAN (shinjan-pc) [Q2],unknown_track_22,unknown_track_34,2026-07-23T07:56:52.597+00:00,2026-07-23T07:56:53.906+00:00,1.309,1.1065,sustained_proximity_estimate
STARTED,NDI: SHINJAN (shinjan-pc) [Q2],unknown_track_22,unknown_track_46,2026-07-23T07:56:52.597+00:00,2026-07-23T07:56:53.906+00:00,1.309,1.9358,sustained_proximity_estimate
STARTED,NDI: SHINJAN (shinjan-pc) [Q2],unknown_track_30,unknown_track_34,2026-07-23T07:56:52.597+00:00,2026-07-23T07:56:53.906+00:00,1.309,1.9216,sustained_proximity_estimate
STARTED,NDI: SHINJAN (shinjan-pc) [Q2],unknown_track_30,unknown_track_46,2026-07-23T07:56:52.597+00:00,2026-07-23T07:56:53.906+00:00,1.309,0.7521,sustained_proximity_estimate
STARTED,NDI: SHINJAN (shinjan-pc) [Q2],unknown_track_34,unknown_track_46,2026-07-23T07:56:52.597+00:00,2026-07-23T07:56:53.906+00:00,1.309,1.7692,sustained_proximity_estimate
STARTED,NDI: SHINJAN (shinjan-pc) [Q1],72dd5b08-3bf1-4c65-bb3e-a4c3f1a443d6,unknown_track_5,2026-07-23T07:56:52.597+00:00,2026-07-23T07:56:53.906+00:00,1.309,1.2719,sustained_proximity_estimate
STARTED,NDI: SHINJAN (shinjan-pc) [Q1],72dd5b08-3bf1-4c65-bb3e-a4c3f1a443d6,unknown_track_9,2026-07-23T07:56:52.597+00:00,2026-07-23T07:56:53.906+00:00,1.309,1.4915,sustained_proximity_estimate
STARTED,NDI: SHINJAN (shinjan-pc) [Q1],unknown_track_5,unknown_track_9,2026-07-23T07:56:52.597+00:00,2026-07-23T07:56:53.906+00:00,1.309,1.4982,sustained_proximity_estimate
UPDATED,NDI: SHINJAN (shinjan-pc) [Q2],unknown_track_22,unknown_track_30,2026-07-23T07:56:52.597+00:00,2026-07-23T07:56:54.716+00:00,2.119,1.6589,sustained_proximity_estimate
UPDATED,NDI: SHINJAN (shinjan-pc) [Q2],unknown_track_22,unknown_track_34,2026-07-23T07:56:52.597+00:00,2026-07-23T07:56:54.716+00:00,2.119,1.1307,sustained_proximity_estimate
UPDATED,NDI: SHINJAN (shinjan-pc) [Q2],unknown_track_22,unknown_track_46,2026-07-23T07:56:52.597+00:00,2026-07-23T07:56:54.716+00:00,2.119,1.9418,sustained_proximity_estimate
UPDATED,NDI: SHINJAN (shinjan-pc) [Q2],unknown_track_30,unknown_track_34,2026-07-23T07:56:52.597+00:00,2026-07-23T07:56:54.716+00:00,2.119,1.8693,sustained_proximity_estimate
UPDATED,NDI: SHINJAN (shinjan-pc) [Q2],unknown_track_30,unknown_track_46,2026-07-23T07:56:52.597+00:00,2026-07-23T07:56:54.716+00:00,2.119,0.7098,sustained_proximity_estimate
UPDATED,NDI: SHINJAN (shinjan-pc) [Q2],unknown_track_34,unknown_track_46,2026-07-23T07:56:52.597+00:00,2026-07-23T07:56:54.716+00:00,2.119,1.7989,sustained_proximity_estimate
UPDATED,NDI: SHINJAN (shinjan-pc) [Q1],72dd5b08-3bf1-4c65-bb3e-a4c3f1a443d6,unknown_track_5,2026-07-23T07:56:52.597+00:00,2026-07-23T07:56:54.716+00:00,2.119,1.2871,sustained_proximity_estimate
UPDATED,NDI: SHINJAN (shinjan-pc) [Q1],72dd5b08-3bf1-4c65-bb3e-a4c3f1a443d6,unknown_track_9,2026-07-23T07:56:52.597+00:00,2026-07-23T07:56:54.716+00:00,2.119,1.4172,sustained_proximity_estimate
UPDATED,NDI: SHINJAN (shinjan-pc) [Q1],unknown_track_5,unknown_track_9,2026-07-23T07:56:52.597+00:00,2026-07-23T07:56:54.716+00:00,2.119,1.4941,sustained_proximity_estimate
UPDATED,NDI: SHINJAN (shinjan-pc) [Q2],unknown_track_22,unknown_track_34,2026-07-23T07:56:52.597+00:00,2026-07-23T07:56:55.387+00:00,2.790,1.1404,sustained_proximity_estimate
UPDATED,NDI: SHINJAN (shinjan-pc) [Q1],72dd5b08-3bf1-4c65-bb3e-a4c3f1a443d6,unknown_track_5,2026-07-23T07:56:52.597+00:00,2026-07-23T07:56:55.387+00:00,2.790,1.3086,sustained_proximity_estimate
UPDATED,NDI: SHINJAN (shinjan-pc) [Q1],72dd5b08-3bf1-4c65-bb3e-a4c3f1a443d6,unknown_track_9,2026-07-23T07:56:52.597+00:00,2026-07-23T07:56:55.387+00:00,2.790,1.3988,sustained_proximity_estimate
UPDATED,NDI: SHINJAN (shinjan-pc) [Q1],unknown_track_5,unknown_track_9,2026-07-23T07:56:52.597+00:00,2026-07-23T07:56:55.387+00:00,2.790,1.5024,sustained_proximity_estimate
ENDED,NDI: SHINJAN (shinjan-pc) [Q2],unknown_track_22,unknown_track_30,2026-07-23T07:56:52.597+00:00,2026-07-23T07:56:54.716+00:00,2.119,1.6589,sustained_proximity_estimate
ENDED,NDI: SHINJAN (shinjan-pc) [Q2],unknown_track_22,unknown_track_34,2026-07-23T07:56:52.597+00:00,2026-07-23T07:56:55.387+00:00,2.790,1.1404,sustained_proximity_estimate
ENDED,NDI: SHINJAN (shinjan-pc) [Q2],unknown_track_22,unknown_track_46,2026-07-23T07:56:52.597+00:00,2026-07-23T07:56:54.716+00:00,2.119,1.9418,sustained_proximity_estimate
ENDED,NDI: SHINJAN (shinjan-pc) [Q2],unknown_track_30,unknown_track_34,2026-07-23T07:56:52.597+00:00,2026-07-23T07:56:54.716+00:00,2.119,1.8693,sustained_proximity_estimate
ENDED,NDI: SHINJAN (shinjan-pc) [Q2],unknown_track_30,unknown_track_46,2026-07-23T07:56:52.597+00:00,2026-07-23T07:56:54.716+00:00,2.119,0.7098,sustained_proximity_estimate
ENDED,NDI: SHINJAN (shinjan-pc) [Q2],unknown_track_34,unknown_track_46,2026-07-23T07:56:52.597+00:00,2026-07-23T07:56:54.716+00:00,2.119,1.7989,sustained_proximity_estimate
ENDED,NDI: SHINJAN (shinjan-pc) [Q1],72dd5b08-3bf1-4c65-bb3e-a4c3f1a443d6,unknown_track_5,2026-07-23T07:56:52.597+00:00,2026-07-23T07:56:55.387+00:00,2.790,1.3086,sustained_proximity_estimate
ENDED,NDI: SHINJAN (shinjan-pc) [Q1],72dd5b08-3bf1-4c65-bb3e-a4c3f1a443d6,unknown_track_9,2026-07-23T07:56:52.597+00:00,2026-07-23T07:56:55.387+00:00,2.790,1.3988,sustained_proximity_estimate
ENDED,NDI: SHINJAN (shinjan-pc) [Q1],unknown_track_5,unknown_track_9,2026-07-23T07:56:52.597+00:00,2026-07-23T07:56:55.387+00:00,2.790,1.5024,sustained_proximity_estimate
STARTED,NDI: SHINJAN (shinjan-pc) [Q2],72dd5b08-3bf1-4c65-bb3e-a4c3f1a443d6,unknown_track_22,2026-07-23T07:56:57.985+00:00,2026-07-23T07:56:59.250+00:00,1.265,1.9114,sustained_proximity_estimate
STARTED,NDI: SHINJAN (shinjan-pc) [Q2],72dd5b08-3bf1-4c65-bb3e-a4c3f1a443d6,unknown_track_30,2026-07-23T07:56:57.985+00:00,2026-07-23T07:56:59.250+00:00,1.265,0.7548,sustained_proximity_estimate
STARTED,NDI: SHINJAN (shinjan-pc) [Q2],72dd5b08-3bf1-4c65-bb3e-a4c3f1a443d6,unknown_track_34,2026-07-23T07:56:57.985+00:00,2026-07-23T07:56:59.250+00:00,1.265,1.8040,sustained_proximity_estimate
STARTED,NDI: SHINJAN (shinjan-pc) [Q2],unknown_track_22,unknown_track_30,2026-07-23T07:56:57.985+00:00,2026-07-23T07:56:59.250+00:00,1.265,1.6978,sustained_proximity_estimate
STARTED,NDI: SHINJAN (shinjan-pc) [Q2],unknown_track_22,unknown_track_34,2026-07-23T07:56:57.985+00:00,2026-07-23T07:56:59.250+00:00,1.265,1.1422,sustained_proximity_estimate
STARTED,NDI: SHINJAN (shinjan-pc) [Q2],unknown_track_30,unknown_track_34,2026-07-23T07:56:57.985+00:00,2026-07-23T07:56:59.250+00:00,1.265,1.9711,sustained_proximity_estimate
STARTED,NDI: SHINJAN (shinjan-pc) [Q1],72dd5b08-3bf1-4c65-bb3e-a4c3f1a443d6,unknown_track_49,2026-07-23T07:56:57.985+00:00,2026-07-23T07:56:59.250+00:00,1.265,0.6854,sustained_proximity_estimate
STARTED,NDI: SHINJAN (shinjan-pc) [Q1],72dd5b08-3bf1-4c65-bb3e-a4c3f1a443d6,unknown_track_5,2026-07-23T07:56:57.985+00:00,2026-07-23T07:56:59.250+00:00,1.265,1.2940,sustained_proximity_estimate
STARTED,NDI: SHINJAN (shinjan-pc) [Q1],72dd5b08-3bf1-4c65-bb3e-a4c3f1a443d6,unknown_track_9,2026-07-23T07:56:57.985+00:00,2026-07-23T07:56:59.250+00:00,1.265,1.4957,sustained_proximity_estimate
STARTED,NDI: SHINJAN (shinjan-pc) [Q1],unknown_track_49,unknown_track_5,2026-07-23T07:56:57.985+00:00,2026-07-23T07:56:59.250+00:00,1.265,1.6350,sustained_proximity_estimate
STARTED,NDI: SHINJAN (shinjan-pc) [Q1],unknown_track_5,unknown_track_9,2026-07-23T07:56:57.985+00:00,2026-07-23T07:56:59.250+00:00,1.265,1.5210,sustained_proximity_estimate
UPDATED,NDI: SHINJAN (shinjan-pc) [Q2],72dd5b08-3bf1-4c65-bb3e-a4c3f1a443d6,unknown_track_22,2026-07-23T07:56:57.985+00:00,2026-07-23T07:56:59.874+00:00,1.889,1.9524,sustained_proximity_estimate
UPDATED,NDI: SHINJAN (shinjan-pc) [Q2],72dd5b08-3bf1-4c65-bb3e-a4c3f1a443d6,unknown_track_30,2026-07-23T07:56:57.985+00:00,2026-07-23T07:56:59.874+00:00,1.889,0.7587,sustained_proximity_estimate
UPDATED,NDI: SHINJAN (shinjan-pc) [Q2],72dd5b08-3bf1-4c65-bb3e-a4c3f1a443d6,unknown_track_34,2026-07-23T07:56:57.985+00:00,2026-07-23T07:56:59.874+00:00,1.889,1.8093,sustained_proximity_estimate
UPDATED,NDI: SHINJAN (shinjan-pc) [Q2],unknown_track_22,unknown_track_30,2026-07-23T07:56:57.985+00:00,2026-07-23T07:56:59.874+00:00,1.889,1.7494,sustained_proximity_estimate
UPDATED,NDI: SHINJAN (shinjan-pc) [Q2],unknown_track_22,unknown_track_34,2026-07-23T07:56:57.985+00:00,2026-07-23T07:56:59.874+00:00,1.889,1.1416,sustained_proximity_estimate
UPDATED,NDI: SHINJAN (shinjan-pc) [Q2],unknown_track_30,unknown_track_34,2026-07-23T07:56:57.985+00:00,2026-07-23T07:56:59.874+00:00,1.889,1.9851,sustained_proximity_estimate
UPDATED,NDI: SHINJAN (shinjan-pc) [Q1],72dd5b08-3bf1-4c65-bb3e-a4c3f1a443d6,unknown_track_5,2026-07-23T07:56:57.985+00:00,2026-07-23T07:56:59.874+00:00,1.889,1.3225,sustained_proximity_estimate
UPDATED,NDI: SHINJAN (shinjan-pc) [Q1],72dd5b08-3bf1-4c65-bb3e-a4c3f1a443d6,unknown_track_9,2026-07-23T07:56:57.985+00:00,2026-07-23T07:56:59.874+00:00,1.889,1.5127,sustained_proximity_estimate
UPDATED,NDI: SHINJAN (shinjan-pc) [Q1],unknown_track_5,unknown_track_9,2026-07-23T07:56:57.985+00:00,2026-07-23T07:56:59.874+00:00,1.889,1.5602,sustained_proximity_estimate
UPDATED,NDI: SHINJAN (shinjan-pc) [Q2],72dd5b08-3bf1-4c65-bb3e-a4c3f1a443d6,unknown_track_22,2026-07-23T07:56:57.985+00:00,2026-07-23T07:57:00.537+00:00,2.552,1.9386,sustained_proximity_estimate
UPDATED,NDI: SHINJAN (shinjan-pc) [Q2],72dd5b08-3bf1-4c65-bb3e-a4c3f1a443d6,unknown_track_30,2026-07-23T07:56:57.985+00:00,2026-07-23T07:57:00.537+00:00,2.552,0.7426,sustained_proximity_estimate
UPDATED,NDI: SHINJAN (shinjan-pc) [Q2],72dd5b08-3bf1-4c65-bb3e-a4c3f1a443d6,unknown_track_34,2026-07-23T07:56:57.985+00:00,2026-07-23T07:57:00.537+00:00,2.552,1.9455,sustained_proximity_estimate
UPDATED,NDI: SHINJAN (shinjan-pc) [Q2],unknown_track_22,unknown_track_30,2026-07-23T07:56:57.985+00:00,2026-07-23T07:57:00.537+00:00,2.552,1.7383,sustained_proximity_estimate
UPDATED,NDI: SHINJAN (shinjan-pc) [Q2],unknown_track_22,unknown_track_34,2026-07-23T07:56:57.985+00:00,2026-07-23T07:57:00.537+00:00,2.552,1.2263,sustained_proximity_estimate
UPDATED,NDI: SHINJAN (shinjan-pc) [Q2],unknown_track_30,unknown_track_34,2026-07-23T07:56:57.985+00:00,2026-07-23T07:57:00.537+00:00,2.552,2.1048,sustained_proximity_estimate
ENDED,NDI: SHINJAN (shinjan-pc) [Q1],72dd5b08-3bf1-4c65-bb3e-a4c3f1a443d6,unknown_track_49,2026-07-23T07:56:57.985+00:00,2026-07-23T07:56:59.250+00:00,1.265,0.6854,sustained_proximity_estimate
ENDED,NDI: SHINJAN (shinjan-pc) [Q1],unknown_track_49,unknown_track_5,2026-07-23T07:56:57.985+00:00,2026-07-23T07:56:59.250+00:00,1.265,1.6350,sustained_proximity_estimate
UPDATED,NDI: SHINJAN (shinjan-pc) [Q1],72dd5b08-3bf1-4c65-bb3e-a4c3f1a443d6,unknown_track_5,2026-07-23T07:56:57.985+00:00,2026-07-23T07:57:00.537+00:00,2.552,1.4371,sustained_proximity_estimate
UPDATED,NDI: SHINJAN (shinjan-pc) [Q1],72dd5b08-3bf1-4c65-bb3e-a4c3f1a443d6,unknown_track_9,2026-07-23T07:56:57.985+00:00,2026-07-23T07:57:00.537+00:00,2.552,1.5602,sustained_proximity_estimate
UPDATED,NDI: SHINJAN (shinjan-pc) [Q1],unknown_track_5,unknown_track_9,2026-07-23T07:56:57.985+00:00,2026-07-23T07:57:00.537+00:00,2.552,1.5658,sustained_proximity_estimate
ENDED,NDI: SHINJAN (shinjan-pc) [Q2],72dd5b08-3bf1-4c65-bb3e-a4c3f1a443d6,unknown_track_22,2026-07-23T07:56:57.985+00:00,2026-07-23T07:57:00.537+00:00,2.552,1.9386,sustained_proximity_estimate
ENDED,NDI: SHINJAN (shinjan-pc) [Q2],72dd5b08-3bf1-4c65-bb3e-a4c3f1a443d6,unknown_track_30,2026-07-23T07:56:57.985+00:00,2026-07-23T07:57:00.537+00:00,2.552,0.7426,sustained_proximity_estimate
ENDED,NDI: SHINJAN (shinjan-pc) [Q2],72dd5b08-3bf1-4c65-bb3e-a4c3f1a443d6,unknown_track_34,2026-07-23T07:56:57.985+00:00,2026-07-23T07:57:00.537+00:00,2.552,1.9455,sustained_proximity_estimate
ENDED,NDI: SHINJAN (shinjan-pc) [Q2],unknown_track_22,unknown_track_30,2026-07-23T07:56:57.985+00:00,2026-07-23T07:57:00.537+00:00,2.552,1.7383,sustained_proximity_estimate
ENDED,NDI: SHINJAN (shinjan-pc) [Q2],unknown_track_22,unknown_track_34,2026-07-23T07:56:57.985+00:00,2026-07-23T07:57:00.537+00:00,2.552,1.2263,sustained_proximity_estimate
ENDED,NDI: SHINJAN (shinjan-pc) [Q2],unknown_track_30,unknown_track_34,2026-07-23T07:56:57.985+00:00,2026-07-23T07:57:00.537+00:00,2.552,2.1048,sustained_proximity_estimate
ENDED,NDI: SHINJAN (shinjan-pc) [Q1],72dd5b08-3bf1-4c65-bb3e-a4c3f1a443d6,unknown_track_5,2026-07-23T07:56:57.985+00:00,2026-07-23T07:57:00.537+00:00,2.552,1.4371,sustained_proximity_estimate
ENDED,NDI: SHINJAN (shinjan-pc) [Q1],72dd5b08-3bf1-4c65-bb3e-a4c3f1a443d6,unknown_track_9,2026-07-23T07:56:57.985+00:00,2026-07-23T07:57:00.537+00:00,2.552,1.5602,sustained_proximity_estimate
ENDED,NDI: SHINJAN (shinjan-pc) [Q1],unknown_track_5,unknown_track_9,2026-07-23T07:56:57.985+00:00,2026-07-23T07:57:00.537+00:00,2.552,1.5658,sustained_proximity_estimate
STARTED,NDI: SHINJAN (shinjan-pc) [Q2],72dd5b08-3bf1-4c65-bb3e-a4c3f1a443d6,unknown_track_22,2026-07-23T07:57:04.498+00:00,2026-07-23T07:57:06.072+00:00,1.574,2.0046,sustained_proximity_estimate
STARTED,NDI: SHINJAN (shinjan-pc) [Q2],72dd5b08-3bf1-4c65-bb3e-a4c3f1a443d6,unknown_track_30,2026-07-23T07:57:04.498+00:00,2026-07-23T07:57:06.072+00:00,1.574,0.8552,sustained_proximity_estimate
STARTED,NDI: SHINJAN (shinjan-pc) [Q2],72dd5b08-3bf1-4c65-bb3e-a4c3f1a443d6,unknown_track_34,2026-07-23T07:57:04.498+00:00,2026-07-23T07:57:06.072+00:00,1.574,1.9958,sustained_proximity_estimate
STARTED,NDI: SHINJAN (shinjan-pc) [Q2],unknown_track_22,unknown_track_30,2026-07-23T07:57:04.498+00:00,2026-07-23T07:57:06.072+00:00,1.574,1.8610,sustained_proximity_estimate
STARTED,NDI: SHINJAN (shinjan-pc) [Q2],unknown_track_22,unknown_track_34,2026-07-23T07:57:04.498+00:00,2026-07-23T07:57:06.072+00:00,1.574,1.2137,sustained_proximity_estimate
UPDATED,NDI: SHINJAN (shinjan-pc) [Q2],72dd5b08-3bf1-4c65-bb3e-a4c3f1a443d6,unknown_track_22,2026-07-23T07:57:04.498+00:00,2026-07-23T07:57:06.656+00:00,2.158,2.0034,sustained_proximity_estimate
UPDATED,NDI: SHINJAN (shinjan-pc) [Q2],72dd5b08-3bf1-4c65-bb3e-a4c3f1a443d6,unknown_track_30,2026-07-23T07:57:04.498+00:00,2026-07-23T07:57:06.656+00:00,2.158,0.8537,sustained_proximity_estimate
UPDATED,NDI: SHINJAN (shinjan-pc) [Q2],72dd5b08-3bf1-4c65-bb3e-a4c3f1a443d6,unknown_track_34,2026-07-23T07:57:04.498+00:00,2026-07-23T07:57:06.656+00:00,2.158,1.9960,sustained_proximity_estimate
UPDATED,NDI: SHINJAN (shinjan-pc) [Q2],unknown_track_22,unknown_track_30,2026-07-23T07:57:04.498+00:00,2026-07-23T07:57:06.656+00:00,2.158,1.8516,sustained_proximity_estimate
UPDATED,NDI: SHINJAN (shinjan-pc) [Q2],unknown_track_22,unknown_track_34,2026-07-23T07:57:04.498+00:00,2026-07-23T07:57:06.656+00:00,2.158,1.1958,sustained_proximity_estimate
STARTED,NDI: SHINJAN (shinjan-pc) [Q1],unknown_track_53,unknown_track_9,2026-07-23T07:57:05.223+00:00,2026-07-23T07:57:06.656+00:00,1.433,0.9696,sustained_proximity_estimate
UPDATED,NDI: SHINJAN (shinjan-pc) [Q2],72dd5b08-3bf1-4c65-bb3e-a4c3f1a443d6,unknown_track_22,2026-07-23T07:57:04.498+00:00,2026-07-23T07:57:07.305+00:00,2.807,2.0173,sustained_proximity_estimate
UPDATED,NDI: SHINJAN (shinjan-pc) [Q2],72dd5b08-3bf1-4c65-bb3e-a4c3f1a443d6,unknown_track_30,2026-07-23T07:57:04.498+00:00,2026-07-23T07:57:07.305+00:00,2.807,0.8757,sustained_proximity_estimate
UPDATED,NDI: SHINJAN (shinjan-pc) [Q2],72dd5b08-3bf1-4c65-bb3e-a4c3f1a443d6,unknown_track_34,2026-07-23T07:57:04.498+00:00,2026-07-23T07:57:07.305+00:00,2.807,1.9816,sustained_proximity_estimate
UPDATED,NDI: SHINJAN (shinjan-pc) [Q2],unknown_track_22,unknown_track_30,2026-07-23T07:57:04.498+00:00,2026-07-23T07:57:07.305+00:00,2.807,1.8046,sustained_proximity_estimate
UPDATED,NDI: SHINJAN (shinjan-pc) [Q2],unknown_track_22,unknown_track_34,2026-07-23T07:57:04.498+00:00,2026-07-23T07:57:07.305+00:00,2.807,1.1764,sustained_proximity_estimate
STARTED,NDI: SHINJAN (shinjan-pc) [Q1],72dd5b08-3bf1-4c65-bb3e-a4c3f1a443d6,unknown_track_53,2026-07-23T07:57:06.072+00:00,2026-07-23T07:57:07.305+00:00,1.233,1.4020,sustained_proximity_estimate
UPDATED,NDI: SHINJAN (shinjan-pc) [Q1],unknown_track_53,unknown_track_9,2026-07-23T07:57:05.223+00:00,2026-07-23T07:57:07.305+00:00,2.082,0.9904,sustained_proximity_estimate
ENDED,NDI: SHINJAN (shinjan-pc) [Q2],72dd5b08-3bf1-4c65-bb3e-a4c3f1a443d6,unknown_track_22,2026-07-23T07:57:04.498+00:00,2026-07-23T07:57:07.305+00:00,2.807,2.0173,sustained_proximity_estimate
ENDED,NDI: SHINJAN (shinjan-pc) [Q2],72dd5b08-3bf1-4c65-bb3e-a4c3f1a443d6,unknown_track_30,2026-07-23T07:57:04.498+00:00,2026-07-23T07:57:07.305+00:00,2.807,0.8757,sustained_proximity_estimate
ENDED,NDI: SHINJAN (shinjan-pc) [Q2],72dd5b08-3bf1-4c65-bb3e-a4c3f1a443d6,unknown_track_34,2026-07-23T07:57:04.498+00:00,2026-07-23T07:57:07.305+00:00,2.807,1.9816,sustained_proximity_estimate
ENDED,NDI: SHINJAN (shinjan-pc) [Q2],unknown_track_22,unknown_track_30,2026-07-23T07:57:04.498+00:00,2026-07-23T07:57:07.305+00:00,2.807,1.8046,sustained_proximity_estimate
ENDED,NDI: SHINJAN (shinjan-pc) [Q2],unknown_track_22,unknown_track_34,2026-07-23T07:57:04.498+00:00,2026-07-23T07:57:07.305+00:00,2.807,1.1764,sustained_proximity_estimate
ENDED,NDI: SHINJAN (shinjan-pc) [Q1],72dd5b08-3bf1-4c65-bb3e-a4c3f1a443d6,unknown_track_53,2026-07-23T07:57:06.072+00:00,2026-07-23T07:57:07.305+00:00,1.233,1.4020,sustained_proximity_estimate
ENDED,NDI: SHINJAN (shinjan-pc) [Q1],unknown_track_53,unknown_track_9,2026-07-23T07:57:05.223+00:00,2026-07-23T07:57:07.305+00:00,2.082,0.9904,sustained_proximity_estimate
STARTED,NDI: SHINJAN (shinjan-pc) [Q2],72dd5b08-3bf1-4c65-bb3e-a4c3f1a443d6,unknown_track_22,2026-07-23T07:57:10.891+00:00,2026-07-23T07:57:12.135+00:00,1.244,1.9597,sustained_proximity_estimate
STARTED,NDI: SHINJAN (shinjan-pc) [Q2],72dd5b08-3bf1-4c65-bb3e-a4c3f1a443d6,unknown_track_30,2026-07-23T07:57:10.891+00:00,2026-07-23T07:57:12.135+00:00,1.244,0.7579,sustained_proximity_estimate
STARTED,NDI: SHINJAN (shinjan-pc) [Q2],72dd5b08-3bf1-4c65-bb3e-a4c3f1a443d6,unknown_track_34,2026-07-23T07:57:10.891+00:00,2026-07-23T07:57:12.135+00:00,1.244,1.9657,sustained_proximity_estimate
STARTED,NDI: SHINJAN (shinjan-pc) [Q2],unknown_track_22,unknown_track_30,2026-07-23T07:57:10.891+00:00,2026-07-23T07:57:12.135+00:00,1.244,1.7730,sustained_proximity_estimate
STARTED,NDI: SHINJAN (shinjan-pc) [Q2],unknown_track_22,unknown_track_34,2026-07-23T07:57:10.891+00:00,2026-07-23T07:57:12.135+00:00,1.244,1.2230,sustained_proximity_estimate
STARTED,NDI: SHINJAN (shinjan-pc) [Q1],72dd5b08-3bf1-4c65-bb3e-a4c3f1a443d6,unknown_track_53,2026-07-23T07:57:10.891+00:00,2026-07-23T07:57:12.135+00:00,1.244,0.7958,sustained_proximity_estimate
STARTED,NDI: SHINJAN (shinjan-pc) [Q1],72dd5b08-3bf1-4c65-bb3e-a4c3f1a443d6,unknown_track_9,2026-07-23T07:57:10.891+00:00,2026-07-23T07:57:12.135+00:00,1.244,1.4204,sustained_proximity_estimate
STARTED,NDI: SHINJAN (shinjan-pc) [Q1],unknown_track_53,unknown_track_9,2026-07-23T07:57:10.891+00:00,2026-07-23T07:57:12.135+00:00,1.244,1.0702,sustained_proximity_estimate
UPDATED,NDI: SHINJAN (shinjan-pc) [Q2],72dd5b08-3bf1-4c65-bb3e-a4c3f1a443d6,unknown_track_22,2026-07-23T07:57:10.891+00:00,2026-07-23T07:57:13.039+00:00,2.148,1.9468,sustained_proximity_estimate
UPDATED,NDI: SHINJAN (shinjan-pc) [Q2],72dd5b08-3bf1-4c65-bb3e-a4c3f1a443d6,unknown_track_30,2026-07-23T07:57:10.891+00:00,2026-07-23T07:57:13.039+00:00,2.148,0.7579,sustained_proximity_estimate
UPDATED,NDI: SHINJAN (shinjan-pc) [Q2],72dd5b08-3bf1-4c65-bb3e-a4c3f1a443d6,unknown_track_34,2026-07-23T07:57:10.891+00:00,2026-07-23T07:57:13.039+00:00,2.148,1.9362,sustained_proximity_estimate
UPDATED,NDI: SHINJAN (shinjan-pc) [Q2],unknown_track_22,unknown_track_30,2026-07-23T07:57:10.891+00:00,2026-07-23T07:57:13.039+00:00,2.148,1.7759,sustained_proximity_estimate
UPDATED,NDI: SHINJAN (shinjan-pc) [Q2],unknown_track_22,unknown_track_34,2026-07-23T07:57:10.891+00:00,2026-07-23T07:57:13.039+00:00,2.148,1.2071,sustained_proximity_estimate
UPDATED,NDI: SHINJAN (shinjan-pc) [Q1],72dd5b08-3bf1-4c65-bb3e-a4c3f1a443d6,unknown_track_53,2026-07-23T07:57:10.891+00:00,2026-07-23T07:57:13.039+00:00,2.148,0.7787,sustained_proximity_estimate
UPDATED,NDI: SHINJAN (shinjan-pc) [Q1],72dd5b08-3bf1-4c65-bb3e-a4c3f1a443d6,unknown_track_9,2026-07-23T07:57:10.891+00:00,2026-07-23T07:57:13.039+00:00,2.148,1.4254,sustained_proximity_estimate
UPDATED,NDI: SHINJAN (shinjan-pc) [Q1],unknown_track_53,unknown_track_9,2026-07-23T07:57:10.891+00:00,2026-07-23T07:57:13.039+00:00,2.148,1.0840,sustained_proximity_estimate
UPDATED,NDI: SHINJAN (shinjan-pc) [Q2],72dd5b08-3bf1-4c65-bb3e-a4c3f1a443d6,unknown_track_22,2026-07-23T07:57:10.891+00:00,2026-07-23T07:57:13.722+00:00,2.831,1.9395,sustained_proximity_estimate
UPDATED,NDI: SHINJAN (shinjan-pc) [Q2],72dd5b08-3bf1-4c65-bb3e-a4c3f1a443d6,unknown_track_30,2026-07-23T07:57:10.891+00:00,2026-07-23T07:57:13.722+00:00,2.831,0.7635,sustained_proximity_estimate
UPDATED,NDI: SHINJAN (shinjan-pc) [Q2],72dd5b08-3bf1-4c65-bb3e-a4c3f1a443d6,unknown_track_34,2026-07-23T07:57:10.891+00:00,2026-07-23T07:57:13.722+00:00,2.831,1.9416,sustained_proximity_estimate
STARTED,NDI: SHINJAN (shinjan-pc) [Q2],72dd5b08-3bf1-4c65-bb3e-a4c3f1a443d6,unknown_track_74,2026-07-23T07:57:12.135+00:00,2026-07-23T07:57:13.722+00:00,1.587,1.5103,sustained_proximity_estimate
UPDATED,NDI: SHINJAN (shinjan-pc) [Q2],unknown_track_22,unknown_track_30,2026-07-23T07:57:10.891+00:00,2026-07-23T07:57:13.722+00:00,2.831,1.7628,sustained_proximity_estimate
UPDATED,NDI: SHINJAN (shinjan-pc) [Q2],unknown_track_22,unknown_track_34,2026-07-23T07:57:10.891+00:00,2026-07-23T07:57:13.722+00:00,2.831,1.2059,sustained_proximity_estimate
STARTED,NDI: SHINJAN (shinjan-pc) [Q2],unknown_track_22,unknown_track_74,2026-07-23T07:57:12.135+00:00,2026-07-23T07:57:13.722+00:00,1.587,0.6737,sustained_proximity_estimate
STARTED,NDI: SHINJAN (shinjan-pc) [Q2],unknown_track_30,unknown_track_74,2026-07-23T07:57:12.135+00:00,2026-07-23T07:57:13.722+00:00,1.587,1.6026,sustained_proximity_estimate
STARTED,NDI: SHINJAN (shinjan-pc) [Q2],unknown_track_34,unknown_track_74,2026-07-23T07:57:12.135+00:00,2026-07-23T07:57:13.722+00:00,1.587,0.4869,sustained_proximity_estimate
UPDATED,NDI: SHINJAN (shinjan-pc) [Q1],72dd5b08-3bf1-4c65-bb3e-a4c3f1a443d6,unknown_track_53,2026-07-23T07:57:10.891+00:00,2026-07-23T07:57:13.722+00:00,2.831,1.0945,sustained_proximity_estimate
UPDATED,NDI: SHINJAN (shinjan-pc) [Q1],72dd5b08-3bf1-4c65-bb3e-a4c3f1a443d6,unknown_track_9,2026-07-23T07:57:10.891+00:00,2026-07-23T07:57:13.722+00:00,2.831,2.2441,sustained_proximity_estimate
UPDATED,NDI: SHINJAN (shinjan-pc) [Q1],unknown_track_53,unknown_track_9,2026-07-23T07:57:10.891+00:00,2026-07-23T07:57:13.722+00:00,2.831,1.0601,sustained_proximity_estimate
ENDED,NDI: SHINJAN (shinjan-pc) [Q2],72dd5b08-3bf1-4c65-bb3e-a4c3f1a443d6,unknown_track_22,2026-07-23T07:57:10.891+00:00,2026-07-23T07:57:13.722+00:00,2.831,1.9395,sustained_proximity_estimate
ENDED,NDI: SHINJAN (shinjan-pc) [Q2],72dd5b08-3bf1-4c65-bb3e-a4c3f1a443d6,unknown_track_30,2026-07-23T07:57:10.891+00:00,2026-07-23T07:57:13.722+00:00,2.831,0.7635,sustained_proximity_estimate
ENDED,NDI: SHINJAN (shinjan-pc) [Q2],72dd5b08-3bf1-4c65-bb3e-a4c3f1a443d6,unknown_track_34,2026-07-23T07:57:10.891+00:00,2026-07-23T07:57:13.722+00:00,2.831,1.9416,sustained_proximity_estimate
ENDED,NDI: SHINJAN (shinjan-pc) [Q2],72dd5b08-3bf1-4c65-bb3e-a4c3f1a443d6,unknown_track_74,2026-07-23T07:57:12.135+00:00,2026-07-23T07:57:13.722+00:00,1.587,1.5103,sustained_proximity_estimate
ENDED,NDI: SHINJAN (shinjan-pc) [Q2],unknown_track_22,unknown_track_30,2026-07-23T07:57:10.891+00:00,2026-07-23T07:57:13.722+00:00,2.831,1.7628,sustained_proximity_estimate
ENDED,NDI: SHINJAN (shinjan-pc) [Q2],unknown_track_22,unknown_track_34,2026-07-23T07:57:10.891+00:00,2026-07-23T07:57:13.722+00:00,2.831,1.2059,sustained_proximity_estimate
ENDED,NDI: SHINJAN (shinjan-pc) [Q2],unknown_track_22,unknown_track_74,2026-07-23T07:57:12.135+00:00,2026-07-23T07:57:13.722+00:00,1.587,0.6737,sustained_proximity_estimate
ENDED,NDI: SHINJAN (shinjan-pc) [Q2],unknown_track_30,unknown_track_74,2026-07-23T07:57:12.135+00:00,2026-07-23T07:57:13.722+00:00,1.587,1.6026,sustained_proximity_estimate
ENDED,NDI: SHINJAN (shinjan-pc) [Q2],unknown_track_34,unknown_track_74,2026-07-23T07:57:12.135+00:00,2026-07-23T07:57:13.722+00:00,1.587,0.4869,sustained_proximity_estimate
ENDED,NDI: SHINJAN (shinjan-pc) [Q1],72dd5b08-3bf1-4c65-bb3e-a4c3f1a443d6,unknown_track_53,2026-07-23T07:57:10.891+00:00,2026-07-23T07:57:13.722+00:00,2.831,1.0945,sustained_proximity_estimate
ENDED,NDI: SHINJAN (shinjan-pc) [Q1],72dd5b08-3bf1-4c65-bb3e-a4c3f1a443d6,unknown_track_9,2026-07-23T07:57:10.891+00:00,2026-07-23T07:57:13.722+00:00,2.831,2.2441,sustained_proximity_estimate
ENDED,NDI: SHINJAN (shinjan-pc) [Q1],unknown_track_53,unknown_track_9,2026-07-23T07:57:10.891+00:00,2026-07-23T07:57:13.722+00:00,2.831,1.0601,sustained_proximity_estimate
STARTED,NDI: SHINJAN (shinjan-pc) [Q2],72dd5b08-3bf1-4c65-bb3e-a4c3f1a443d6,unknown_track_22,2026-07-23T07:57:17.344+00:00,2026-07-23T07:57:18.745+00:00,1.401,1.8879,sustained_proximity_estimate
STARTED,NDI: SHINJAN (shinjan-pc) [Q2],72dd5b08-3bf1-4c65-bb3e-a4c3f1a443d6,unknown_track_30,2026-07-23T07:57:17.344+00:00,2026-07-23T07:57:18.745+00:00,1.401,0.7247,sustained_proximity_estimate
STARTED,NDI: SHINJAN (shinjan-pc) [Q2],72dd5b08-3bf1-4c65-bb3e-a4c3f1a443d6,unknown_track_34,2026-07-23T07:57:17.344+00:00,2026-07-23T07:57:18.745+00:00,1.401,2.0200,sustained_proximity_estimate
STARTED,NDI: SHINJAN (shinjan-pc) [Q2],unknown_track_22,unknown_track_30,2026-07-23T07:57:17.344+00:00,2026-07-23T07:57:18.745+00:00,1.401,1.7202,sustained_proximity_estimate
STARTED,NDI: SHINJAN (shinjan-pc) [Q2],unknown_track_22,unknown_track_34,2026-07-23T07:57:17.344+00:00,2026-07-23T07:57:18.745+00:00,1.401,1.1845,sustained_proximity_estimate
STARTED,NDI: SHINJAN (shinjan-pc) [Q1],72dd5b08-3bf1-4c65-bb3e-a4c3f1a443d6,unknown_track_5,2026-07-23T07:57:17.344+00:00,2026-07-23T07:57:18.745+00:00,1.401,1.3276,sustained_proximity_estimate
STARTED,NDI: SHINJAN (shinjan-pc) [Q1],72dd5b08-3bf1-4c65-bb3e-a4c3f1a443d6,unknown_track_9,2026-07-23T07:57:17.344+00:00,2026-07-23T07:57:18.745+00:00,1.401,1.5133,sustained_proximity_estimate
STARTED,NDI: SHINJAN (shinjan-pc) [Q1],unknown_track_5,unknown_track_9,2026-07-23T07:57:17.344+00:00,2026-07-23T07:57:18.745+00:00,1.401,1.3643,sustained_proximity_estimate
UPDATED,NDI: SHINJAN (shinjan-pc) [Q2],72dd5b08-3bf1-4c65-bb3e-a4c3f1a443d6,unknown_track_22,2026-07-23T07:57:17.344+00:00,2026-07-23T07:57:19.589+00:00,2.245,1.8871,sustained_proximity_estimate
UPDATED,NDI: SHINJAN (shinjan-pc) [Q2],72dd5b08-3bf1-4c65-bb3e-a4c3f1a443d6,unknown_track_30,2026-07-23T07:57:17.344+00:00,2026-07-23T07:57:19.589+00:00,2.245,0.7007,sustained_proximity_estimate
UPDATED,NDI: SHINJAN (shinjan-pc) [Q2],72dd5b08-3bf1-4c65-bb3e-a4c3f1a443d6,unknown_track_34,2026-07-23T07:57:17.344+00:00,2026-07-23T07:57:19.589+00:00,2.245,1.9403,sustained_proximity_estimate
UPDATED,NDI: SHINJAN (shinjan-pc) [Q2],unknown_track_22,unknown_track_30,2026-07-23T07:57:17.344+00:00,2026-07-23T07:57:19.589+00:00,2.245,1.7546,sustained_proximity_estimate
UPDATED,NDI: SHINJAN (shinjan-pc) [Q2],unknown_track_22,unknown_track_34,2026-07-23T07:57:17.344+00:00,2026-07-23T07:57:19.589+00:00,2.245,1.0820,sustained_proximity_estimate
UPDATED,NDI: SHINJAN (shinjan-pc) [Q1],72dd5b08-3bf1-4c65-bb3e-a4c3f1a443d6,unknown_track_5,2026-07-23T07:57:17.344+00:00,2026-07-23T07:57:19.589+00:00,2.245,1.2903,sustained_proximity_estimate
UPDATED,NDI: SHINJAN (shinjan-pc) [Q1],72dd5b08-3bf1-4c65-bb3e-a4c3f1a443d6,unknown_track_9,2026-07-23T07:57:17.344+00:00,2026-07-23T07:57:19.589+00:00,2.245,1.5124,sustained_proximity_estimate
UPDATED,NDI: SHINJAN (shinjan-pc) [Q1],unknown_track_5,unknown_track_9,2026-07-23T07:57:17.344+00:00,2026-07-23T07:57:19.589+00:00,2.245,1.4141,sustained_proximity_estimate
UPDATED,NDI: SHINJAN (shinjan-pc) [Q2],72dd5b08-3bf1-4c65-bb3e-a4c3f1a443d6,unknown_track_22,2026-07-23T07:57:17.344+00:00,2026-07-23T07:57:20.234+00:00,2.890,1.7472,sustained_proximity_estimate
UPDATED,NDI: SHINJAN (shinjan-pc) [Q2],72dd5b08-3bf1-4c65-bb3e-a4c3f1a443d6,unknown_track_30,2026-07-23T07:57:17.344+00:00,2026-07-23T07:57:20.234+00:00,2.890,0.5595,sustained_proximity_estimate
UPDATED,NDI: SHINJAN (shinjan-pc) [Q2],72dd5b08-3bf1-4c65-bb3e-a4c3f1a443d6,unknown_track_34,2026-07-23T07:57:17.344+00:00,2026-07-23T07:57:20.234+00:00,2.890,1.7862,sustained_proximity_estimate
UPDATED,NDI: SHINJAN (shinjan-pc) [Q2],unknown_track_22,unknown_track_30,2026-07-23T07:57:17.344+00:00,2026-07-23T07:57:20.234+00:00,2.890,1.9848,sustained_proximity_estimate
UPDATED,NDI: SHINJAN (shinjan-pc) [Q2],unknown_track_22,unknown_track_34,2026-07-23T07:57:17.344+00:00,2026-07-23T07:57:20.234+00:00,2.890,1.0073,sustained_proximity_estimate
UPDATED,NDI: SHINJAN (shinjan-pc) [Q1],72dd5b08-3bf1-4c65-bb3e-a4c3f1a443d6,unknown_track_5,2026-07-23T07:57:17.344+00:00,2026-07-23T07:57:20.234+00:00,2.890,1.3016,sustained_proximity_estimate
UPDATED,NDI: SHINJAN (shinjan-pc) [Q1],72dd5b08-3bf1-4c65-bb3e-a4c3f1a443d6,unknown_track_9,2026-07-23T07:57:17.344+00:00,2026-07-23T07:57:20.234+00:00,2.890,1.3832,sustained_proximity_estimate
UPDATED,NDI: SHINJAN (shinjan-pc) [Q1],unknown_track_5,unknown_track_9,2026-07-23T07:57:17.344+00:00,2026-07-23T07:57:20.234+00:00,2.890,1.4074,sustained_proximity_estimate
ENDED,NDI: SHINJAN (shinjan-pc) [Q2],72dd5b08-3bf1-4c65-bb3e-a4c3f1a443d6,unknown_track_22,2026-07-23T07:57:17.344+00:00,2026-07-23T07:57:20.234+00:00,2.890,1.7472,sustained_proximity_estimate
ENDED,NDI: SHINJAN (shinjan-pc) [Q2],72dd5b08-3bf1-4c65-bb3e-a4c3f1a443d6,unknown_track_30,2026-07-23T07:57:17.344+00:00,2026-07-23T07:57:20.234+00:00,2.890,0.5595,sustained_proximity_estimate
ENDED,NDI: SHINJAN (shinjan-pc) [Q2],72dd5b08-3bf1-4c65-bb3e-a4c3f1a443d6,unknown_track_34,2026-07-23T07:57:17.344+00:00,2026-07-23T07:57:20.234+00:00,2.890,1.7862,sustained_proximity_estimate
ENDED,NDI: SHINJAN (shinjan-pc) [Q2],unknown_track_22,unknown_track_30,2026-07-23T07:57:17.344+00:00,2026-07-23T07:57:20.234+00:00,2.890,1.9848,sustained_proximity_estimate
ENDED,NDI: SHINJAN (shinjan-pc) [Q2],unknown_track_22,unknown_track_34,2026-07-23T07:57:17.344+00:00,2026-07-23T07:57:20.234+00:00,2.890,1.0073,sustained_proximity_estimate
ENDED,NDI: SHINJAN (shinjan-pc) [Q1],72dd5b08-3bf1-4c65-bb3e-a4c3f1a443d6,unknown_track_5,2026-07-23T07:57:17.344+00:00,2026-07-23T07:57:20.234+00:00,2.890,1.3016,sustained_proximity_estimate
ENDED,NDI: SHINJAN (shinjan-pc) [Q1],72dd5b08-3bf1-4c65-bb3e-a4c3f1a443d6,unknown_track_9,2026-07-23T07:57:17.344+00:00,2026-07-23T07:57:20.234+00:00,2.890,1.3832,sustained_proximity_estimate
ENDED,NDI: SHINJAN (shinjan-pc) [Q1],unknown_track_5,unknown_track_9,2026-07-23T07:57:17.344+00:00,2026-07-23T07:57:20.234+00:00,2.890,1.4074,sustained_proximity_estimate
STARTED,NDI: SHINJAN (shinjan-pc) [Q2],72dd5b08-3bf1-4c65-bb3e-a4c3f1a443d6,unknown_track_22,2026-07-23T07:57:22.820+00:00,2026-07-23T07:57:24.270+00:00,1.450,1.6440,sustained_proximity_estimate
STARTED,NDI: SHINJAN (shinjan-pc) [Q2],72dd5b08-3bf1-4c65-bb3e-a4c3f1a443d6,unknown_track_30,2026-07-23T07:57:22.820+00:00,2026-07-23T07:57:24.270+00:00,1.450,0.4420,sustained_proximity_estimate
STARTED,NDI: SHINJAN (shinjan-pc) [Q2],72dd5b08-3bf1-4c65-bb3e-a4c3f1a443d6,unknown_track_34,2026-07-23T07:57:22.820+00:00,2026-07-23T07:57:24.270+00:00,1.450,1.7263,sustained_proximity_estimate
STARTED,NDI: SHINJAN (shinjan-pc) [Q2],unknown_track_22,unknown_track_34,2026-07-23T07:57:22.820+00:00,2026-07-23T07:57:24.270+00:00,1.450,1.0894,sustained_proximity_estimate
STARTED,NDI: SHINJAN (shinjan-pc) [Q1],72dd5b08-3bf1-4c65-bb3e-a4c3f1a443d6,unknown_track_5,2026-07-23T07:57:22.820+00:00,2026-07-23T07:57:24.270+00:00,1.450,1.4819,sustained_proximity_estimate
UPDATED,NDI: SHINJAN (shinjan-pc) [Q2],72dd5b08-3bf1-4c65-bb3e-a4c3f1a443d6,unknown_track_22,2026-07-23T07:57:22.820+00:00,2026-07-23T07:57:24.901+00:00,2.081,1.6401,sustained_proximity_estimate
UPDATED,NDI: SHINJAN (shinjan-pc) [Q2],72dd5b08-3bf1-4c65-bb3e-a4c3f1a443d6,unknown_track_30,2026-07-23T07:57:22.820+00:00,2026-07-23T07:57:24.901+00:00,2.081,0.4456,sustained_proximity_estimate
UPDATED,NDI: SHINJAN (shinjan-pc) [Q2],72dd5b08-3bf1-4c65-bb3e-a4c3f1a443d6,unknown_track_34,2026-07-23T07:57:22.820+00:00,2026-07-23T07:57:24.901+00:00,2.081,1.7497,sustained_proximity_estimate
UPDATED,NDI: SHINJAN (shinjan-pc) [Q2],unknown_track_22,unknown_track_34,2026-07-23T07:57:22.820+00:00,2026-07-23T07:57:24.901+00:00,2.081,1.1086,sustained_proximity_estimate
STARTED,NDI: SHINJAN (shinjan-pc) [Q1],unknown_track_5,unknown_track_85,2026-07-23T07:57:23.647+00:00,2026-07-23T07:57:24.901+00:00,1.254,1.1368,sustained_proximity_estimate
STARTED,NDI: SHINJAN (shinjan-pc) [Q1],unknown_track_5,unknown_track_9,2026-07-23T07:57:23.647+00:00,2026-07-23T07:57:24.901+00:00,1.254,1.3970,sustained_proximity_estimate
STARTED,NDI: SHINJAN (shinjan-pc) [Q1],unknown_track_85,unknown_track_9,2026-07-23T07:57:23.647+00:00,2026-07-23T07:57:24.901+00:00,1.254,1.3259,sustained_proximity_estimate
UPDATED,NDI: SHINJAN (shinjan-pc) [Q2],72dd5b08-3bf1-4c65-bb3e-a4c3f1a443d6,unknown_track_22,2026-07-23T07:57:22.820+00:00,2026-07-23T07:57:25.515+00:00,2.695,1.6323,sustained_proximity_estimate
UPDATED,NDI: SHINJAN (shinjan-pc) [Q2],72dd5b08-3bf1-4c65-bb3e-a4c3f1a443d6,unknown_track_30,2026-07-23T07:57:22.820+00:00,2026-07-23T07:57:25.515+00:00,2.695,0.4485,sustained_proximity_estimate
UPDATED,NDI: SHINJAN (shinjan-pc) [Q2],72dd5b08-3bf1-4c65-bb3e-a4c3f1a443d6,unknown_track_34,2026-07-23T07:57:22.820+00:00,2026-07-23T07:57:25.515+00:00,2.695,1.7981,sustained_proximity_estimate
UPDATED,NDI: SHINJAN (shinjan-pc) [Q2],unknown_track_22,unknown_track_34,2026-07-23T07:57:22.820+00:00,2026-07-23T07:57:25.515+00:00,2.695,1.1907,sustained_proximity_estimate
ENDED,NDI: SHINJAN (shinjan-pc) [Q1],72dd5b08-3bf1-4c65-bb3e-a4c3f1a443d6,unknown_track_5,2026-07-23T07:57:22.820+00:00,2026-07-23T07:57:24.270+00:00,1.450,1.4819,sustained_proximity_estimate
UPDATED,NDI: SHINJAN (shinjan-pc) [Q1],unknown_track_5,unknown_track_85,2026-07-23T07:57:23.647+00:00,2026-07-23T07:57:25.515+00:00,1.868,1.1600,sustained_proximity_estimate
ENDED,NDI: SHINJAN (shinjan-pc) [Q2],72dd5b08-3bf1-4c65-bb3e-a4c3f1a443d6,unknown_track_22,2026-07-23T07:57:22.820+00:00,2026-07-23T07:57:25.515+00:00,2.695,1.6323,sustained_proximity_estimate
ENDED,NDI: SHINJAN (shinjan-pc) [Q2],72dd5b08-3bf1-4c65-bb3e-a4c3f1a443d6,unknown_track_30,2026-07-23T07:57:22.820+00:00,2026-07-23T07:57:25.515+00:00,2.695,0.4485,sustained_proximity_estimate
ENDED,NDI: SHINJAN (shinjan-pc) [Q2],72dd5b08-3bf1-4c65-bb3e-a4c3f1a443d6,unknown_track_34,2026-07-23T07:57:22.820+00:00,2026-07-23T07:57:25.515+00:00,2.695,1.7981,sustained_proximity_estimate
ENDED,NDI: SHINJAN (shinjan-pc) [Q2],unknown_track_22,unknown_track_34,2026-07-23T07:57:22.820+00:00,2026-07-23T07:57:25.515+00:00,2.695,1.1907,sustained_proximity_estimate
ENDED,NDI: SHINJAN (shinjan-pc) [Q1],unknown_track_5,unknown_track_85,2026-07-23T07:57:23.647+00:00,2026-07-23T07:57:25.515+00:00,1.868,1.1600,sustained_proximity_estimate
ENDED,NDI: SHINJAN (shinjan-pc) [Q1],unknown_track_5,unknown_track_9,2026-07-23T07:57:23.647+00:00,2026-07-23T07:57:24.901+00:00,1.254,1.3970,sustained_proximity_estimate
ENDED,NDI: SHINJAN (shinjan-pc) [Q1],unknown_track_85,unknown_track_9,2026-07-23T07:57:23.647+00:00,2026-07-23T07:57:24.901+00:00,1.254,1.3259,sustained_proximity_estimate
STARTED,NDI: SHINJAN (shinjan-pc) [Q2],72dd5b08-3bf1-4c65-bb3e-a4c3f1a443d6,unknown_track_22,2026-07-23T07:57:28.003+00:00,2026-07-23T07:57:29.189+00:00,1.186,1.7187,sustained_proximity_estimate
STARTED,NDI: SHINJAN (shinjan-pc) [Q2],72dd5b08-3bf1-4c65-bb3e-a4c3f1a443d6,unknown_track_30,2026-07-23T07:57:28.003+00:00,2026-07-23T07:57:29.189+00:00,1.186,0.4363,sustained_proximity_estimate
STARTED,NDI: SHINJAN (shinjan-pc) [Q2],72dd5b08-3bf1-4c65-bb3e-a4c3f1a443d6,unknown_track_34,2026-07-23T07:57:28.003+00:00,2026-07-23T07:57:29.189+00:00,1.186,1.8457,sustained_proximity_estimate
STARTED,NDI: SHINJAN (shinjan-pc) [Q2],unknown_track_22,unknown_track_34,2026-07-23T07:57:28.003+00:00,2026-07-23T07:57:29.189+00:00,1.186,1.0856,sustained_proximity_estimate
STARTED,NDI: SHINJAN (shinjan-pc) [Q1],72dd5b08-3bf1-4c65-bb3e-a4c3f1a443d6,unknown_track_5,2026-07-23T07:57:28.003+00:00,2026-07-23T07:57:29.189+00:00,1.186,1.5291,sustained_proximity_estimate
STARTED,NDI: SHINJAN (shinjan-pc) [Q1],72dd5b08-3bf1-4c65-bb3e-a4c3f1a443d6,unknown_track_9,2026-07-23T07:57:28.003+00:00,2026-07-23T07:57:29.189+00:00,1.186,1.3665,sustained_proximity_estimate
STARTED,NDI: SHINJAN (shinjan-pc) [Q1],unknown_track_5,unknown_track_9,2026-07-23T07:57:28.003+00:00,2026-07-23T07:57:29.189+00:00,1.186,1.3172,sustained_proximity_estimate
UPDATED,NDI: SHINJAN (shinjan-pc) [Q2],72dd5b08-3bf1-4c65-bb3e-a4c3f1a443d6,unknown_track_22,2026-07-23T07:57:28.003+00:00,2026-07-23T07:57:29.886+00:00,1.883,1.7101,sustained_proximity_estimate
UPDATED,NDI: SHINJAN (shinjan-pc) [Q2],72dd5b08-3bf1-4c65-bb3e-a4c3f1a443d6,unknown_track_30,2026-07-23T07:57:28.003+00:00,2026-07-23T07:57:29.886+00:00,1.883,0.4165,sustained_proximity_estimate
UPDATED,NDI: SHINJAN (shinjan-pc) [Q2],72dd5b08-3bf1-4c65-bb3e-a4c3f1a443d6,unknown_track_34,2026-07-23T07:57:28.003+00:00,2026-07-23T07:57:29.886+00:00,1.883,1.8726,sustained_proximity_estimate
UPDATED,NDI: SHINJAN (shinjan-pc) [Q2],unknown_track_22,unknown_track_34,2026-07-23T07:57:28.003+00:00,2026-07-23T07:57:29.886+00:00,1.883,1.1000,sustained_proximity_estimate
UPDATED,NDI: SHINJAN (shinjan-pc) [Q1],72dd5b08-3bf1-4c65-bb3e-a4c3f1a443d6,unknown_track_5,2026-07-23T07:57:28.003+00:00,2026-07-23T07:57:29.886+00:00,1.883,1.4649,sustained_proximity_estimate
STARTED,NDI: SHINJAN (shinjan-pc) [Q1],72dd5b08-3bf1-4c65-bb3e-a4c3f1a443d6,unknown_track_85,2026-07-23T07:57:28.599+00:00,2026-07-23T07:57:29.886+00:00,1.287,0.3523,sustained_proximity_estimate
UPDATED,NDI: SHINJAN (shinjan-pc) [Q1],72dd5b08-3bf1-4c65-bb3e-a4c3f1a443d6,unknown_track_9,2026-07-23T07:57:28.003+00:00,2026-07-23T07:57:29.886+00:00,1.883,1.7821,sustained_proximity_estimate
STARTED,NDI: SHINJAN (shinjan-pc) [Q1],unknown_track_5,unknown_track_85,2026-07-23T07:57:28.599+00:00,2026-07-23T07:57:29.886+00:00,1.287,1.3081,sustained_proximity_estimate
UPDATED,NDI: SHINJAN (shinjan-pc) [Q1],unknown_track_5,unknown_track_9,2026-07-23T07:57:28.003+00:00,2026-07-23T07:57:29.886+00:00,1.883,1.3409,sustained_proximity_estimate
STARTED,NDI: SHINJAN (shinjan-pc) [Q1],unknown_track_85,unknown_track_9,2026-07-23T07:57:28.599+00:00,2026-07-23T07:57:29.886+00:00,1.287,1.3831,sustained_proximity_estimate
UPDATED,NDI: SHINJAN (shinjan-pc) [Q2],72dd5b08-3bf1-4c65-bb3e-a4c3f1a443d6,unknown_track_22,2026-07-23T07:57:28.003+00:00,2026-07-23T07:57:30.498+00:00,2.495,1.7140,sustained_proximity_estimate
UPDATED,NDI: SHINJAN (shinjan-pc) [Q2],72dd5b08-3bf1-4c65-bb3e-a4c3f1a443d6,unknown_track_30,2026-07-23T07:57:28.003+00:00,2026-07-23T07:57:30.498+00:00,2.495,0.3986,sustained_proximity_estimate
UPDATED,NDI: SHINJAN (shinjan-pc) [Q2],72dd5b08-3bf1-4c65-bb3e-a4c3f1a443d6,unknown_track_34,2026-07-23T07:57:28.003+00:00,2026-07-23T07:57:30.498+00:00,2.495,1.8657,sustained_proximity_estimate
UPDATED,NDI: SHINJAN (shinjan-pc) [Q2],unknown_track_22,unknown_track_34,2026-07-23T07:57:28.003+00:00,2026-07-23T07:57:30.498+00:00,2.495,1.1140,sustained_proximity_estimate
UPDATED,NDI: SHINJAN (shinjan-pc) [Q1],72dd5b08-3bf1-4c65-bb3e-a4c3f1a443d6,unknown_track_5,2026-07-23T07:57:28.003+00:00,2026-07-23T07:57:30.498+00:00,2.495,1.4715,sustained_proximity_estimate
UPDATED,NDI: SHINJAN (shinjan-pc) [Q1],72dd5b08-3bf1-4c65-bb3e-a4c3f1a443d6,unknown_track_85,2026-07-23T07:57:28.599+00:00,2026-07-23T07:57:30.498+00:00,1.899,0.3438,sustained_proximity_estimate
UPDATED,NDI: SHINJAN (shinjan-pc) [Q1],72dd5b08-3bf1-4c65-bb3e-a4c3f1a443d6,unknown_track_9,2026-07-23T07:57:28.003+00:00,2026-07-23T07:57:30.498+00:00,2.495,1.7869,sustained_proximity_estimate
UPDATED,NDI: SHINJAN (shinjan-pc) [Q1],unknown_track_5,unknown_track_85,2026-07-23T07:57:28.599+00:00,2026-07-23T07:57:30.498+00:00,1.899,1.3060,sustained_proximity_estimate
UPDATED,NDI: SHINJAN (shinjan-pc) [Q1],unknown_track_5,unknown_track_9,2026-07-23T07:57:28.003+00:00,2026-07-23T07:57:30.498+00:00,2.495,1.3593,sustained_proximity_estimate
UPDATED,NDI: SHINJAN (shinjan-pc) [Q1],unknown_track_85,unknown_track_9,2026-07-23T07:57:28.599+00:00,2026-07-23T07:57:30.498+00:00,1.899,1.3891,sustained_proximity_estimate
ENDED,NDI: SHINJAN (shinjan-pc) [Q2],72dd5b08-3bf1-4c65-bb3e-a4c3f1a443d6,unknown_track_22,2026-07-23T07:57:28.003+00:00,2026-07-23T07:57:30.498+00:00,2.495,1.7140,sustained_proximity_estimate
ENDED,NDI: SHINJAN (shinjan-pc) [Q2],72dd5b08-3bf1-4c65-bb3e-a4c3f1a443d6,unknown_track_30,2026-07-23T07:57:28.003+00:00,2026-07-23T07:57:30.498+00:00,2.495,0.3986,sustained_proximity_estimate
ENDED,NDI: SHINJAN (shinjan-pc) [Q2],72dd5b08-3bf1-4c65-bb3e-a4c3f1a443d6,unknown_track_34,2026-07-23T07:57:28.003+00:00,2026-07-23T07:57:30.498+00:00,2.495,1.8657,sustained_proximity_estimate
ENDED,NDI: SHINJAN (shinjan-pc) [Q2],unknown_track_22,unknown_track_34,2026-07-23T07:57:28.003+00:00,2026-07-23T07:57:30.498+00:00,2.495,1.1140,sustained_proximity_estimate
ENDED,NDI: SHINJAN (shinjan-pc) [Q1],72dd5b08-3bf1-4c65-bb3e-a4c3f1a443d6,unknown_track_5,2026-07-23T07:57:28.003+00:00,2026-07-23T07:57:30.498+00:00,2.495,1.4715,sustained_proximity_estimate
ENDED,NDI: SHINJAN (shinjan-pc) [Q1],72dd5b08-3bf1-4c65-bb3e-a4c3f1a443d6,unknown_track_85,2026-07-23T07:57:28.599+00:00,2026-07-23T07:57:30.498+00:00,1.899,0.3438,sustained_proximity_estimate
ENDED,NDI: SHINJAN (shinjan-pc) [Q1],72dd5b08-3bf1-4c65-bb3e-a4c3f1a443d6,unknown_track_9,2026-07-23T07:57:28.003+00:00,2026-07-23T07:57:30.498+00:00,2.495,1.7869,sustained_proximity_estimate
ENDED,NDI: SHINJAN (shinjan-pc) [Q1],unknown_track_5,unknown_track_85,2026-07-23T07:57:28.599+00:00,2026-07-23T07:57:30.498+00:00,1.899,1.3060,sustained_proximity_estimate
ENDED,NDI: SHINJAN (shinjan-pc) [Q1],unknown_track_5,unknown_track_9,2026-07-23T07:57:28.003+00:00,2026-07-23T07:57:30.498+00:00,2.495,1.3593,sustained_proximity_estimate
ENDED,NDI: SHINJAN (shinjan-pc) [Q1],unknown_track_85,unknown_track_9,2026-07-23T07:57:28.599+00:00,2026-07-23T07:57:30.498+00:00,1.899,1.3891,sustained_proximity_estimate
STARTED,NDI: SHINJAN (shinjan-pc) [Q2],72dd5b08-3bf1-4c65-bb3e-a4c3f1a443d6,unknown_track_22,2026-07-23T07:57:34.074+00:00,2026-07-23T07:57:35.332+00:00,1.258,1.7921,sustained_proximity_estimate
STARTED,NDI: SHINJAN (shinjan-pc) [Q2],72dd5b08-3bf1-4c65-bb3e-a4c3f1a443d6,unknown_track_34,2026-07-23T07:57:34.074+00:00,2026-07-23T07:57:35.332+00:00,1.258,1.8542,sustained_proximity_estimate
STARTED,NDI: SHINJAN (shinjan-pc) [Q2],unknown_track_22,unknown_track_34,2026-07-23T07:57:34.074+00:00,2026-07-23T07:57:35.332+00:00,1.258,1.1416,sustained_proximity_estimate
UPDATED,NDI: SHINJAN (shinjan-pc) [Q2],72dd5b08-3bf1-4c65-bb3e-a4c3f1a443d6,unknown_track_22,2026-07-23T07:57:34.074+00:00,2026-07-23T07:57:35.937+00:00,1.863,1.8654,sustained_proximity_estimate
UPDATED,NDI: SHINJAN (shinjan-pc) [Q2],72dd5b08-3bf1-4c65-bb3e-a4c3f1a443d6,unknown_track_34,2026-07-23T07:57:34.074+00:00,2026-07-23T07:57:35.937+00:00,1.863,1.8300,sustained_proximity_estimate
UPDATED,NDI: SHINJAN (shinjan-pc) [Q2],unknown_track_22,unknown_track_34,2026-07-23T07:57:34.074+00:00,2026-07-23T07:57:35.937+00:00,1.863,1.0891,sustained_proximity_estimate
STARTED,NDI: SHINJAN (shinjan-pc) [Q1],unknown_track_5,unknown_track_85,2026-07-23T07:57:34.748+00:00,2026-07-23T07:57:35.937+00:00,1.189,1.3162,sustained_proximity_estimate
UPDATED,NDI: SHINJAN (shinjan-pc) [Q2],72dd5b08-3bf1-4c65-bb3e-a4c3f1a443d6,unknown_track_22,2026-07-23T07:57:34.074+00:00,2026-07-23T07:57:36.534+00:00,2.460,2.0291,sustained_proximity_estimate
UPDATED,NDI: SHINJAN (shinjan-pc) [Q2],72dd5b08-3bf1-4c65-bb3e-a4c3f1a443d6,unknown_track_34,2026-07-23T07:57:34.074+00:00,2026-07-23T07:57:36.534+00:00,2.460,1.8676,sustained_proximity_estimate
UPDATED,NDI: SHINJAN (shinjan-pc) [Q2],unknown_track_22,unknown_track_34,2026-07-23T07:57:34.074+00:00,2026-07-23T07:57:36.534+00:00,2.460,1.0620,sustained_proximity_estimate
UPDATED,NDI: SHINJAN (shinjan-pc) [Q1],unknown_track_5,unknown_track_85,2026-07-23T07:57:34.748+00:00,2026-07-23T07:57:36.534+00:00,1.786,1.2403,sustained_proximity_estimate
ENDED,NDI: SHINJAN (shinjan-pc) [Q2],72dd5b08-3bf1-4c65-bb3e-a4c3f1a443d6,unknown_track_22,2026-07-23T07:57:34.074+00:00,2026-07-23T07:57:36.534+00:00,2.460,2.0291,sustained_proximity_estimate
ENDED,NDI: SHINJAN (shinjan-pc) [Q2],72dd5b08-3bf1-4c65-bb3e-a4c3f1a443d6,unknown_track_34,2026-07-23T07:57:34.074+00:00,2026-07-23T07:57:36.534+00:00,2.460,1.8676,sustained_proximity_estimate
ENDED,NDI: SHINJAN (shinjan-pc) [Q2],unknown_track_22,unknown_track_34,2026-07-23T07:57:34.074+00:00,2026-07-23T07:57:36.534+00:00,2.460,1.0620,sustained_proximity_estimate
ENDED,NDI: SHINJAN (shinjan-pc) [Q1],unknown_track_5,unknown_track_85,2026-07-23T07:57:34.748+00:00,2026-07-23T07:57:36.534+00:00,1.786,1.2403,sustained_proximity_estimate
STARTED,NDI: SHINJAN (shinjan-pc) [Q2],72dd5b08-3bf1-4c65-bb3e-a4c3f1a443d6,unknown_track_22,2026-07-23T07:57:39.681+00:00,2026-07-23T07:57:40.854+00:00,1.173,2.0059,sustained_proximity_estimate
STARTED,NDI: SHINJAN (shinjan-pc) [Q2],72dd5b08-3bf1-4c65-bb3e-a4c3f1a443d6,unknown_track_30,2026-07-23T07:57:39.681+00:00,2026-07-23T07:57:40.854+00:00,1.173,0.7306,sustained_proximity_estimate
STARTED,NDI: SHINJAN (shinjan-pc) [Q2],72dd5b08-3bf1-4c65-bb3e-a4c3f1a443d6,unknown_track_34,2026-07-23T07:57:39.681+00:00,2026-07-23T07:57:40.854+00:00,1.173,1.8814,sustained_proximity_estimate
STARTED,NDI: SHINJAN (shinjan-pc) [Q2],72dd5b08-3bf1-4c65-bb3e-a4c3f1a443d6,unknown_track_74,2026-07-23T07:57:39.681+00:00,2026-07-23T07:57:40.854+00:00,1.173,1.5762,sustained_proximity_estimate
STARTED,NDI: SHINJAN (shinjan-pc) [Q2],unknown_track_22,unknown_track_30,2026-07-23T07:57:39.681+00:00,2026-07-23T07:57:40.854+00:00,1.173,1.8592,sustained_proximity_estimate
STARTED,NDI: SHINJAN (shinjan-pc) [Q2],unknown_track_22,unknown_track_34,2026-07-23T07:57:39.681+00:00,2026-07-23T07:57:40.854+00:00,1.173,1.0837,sustained_proximity_estimate
STARTED,NDI: SHINJAN (shinjan-pc) [Q2],unknown_track_22,unknown_track_74,2026-07-23T07:57:39.681+00:00,2026-07-23T07:57:40.854+00:00,1.173,0.6248,sustained_proximity_estimate
STARTED,NDI: SHINJAN (shinjan-pc) [Q2],unknown_track_30,unknown_track_34,2026-07-23T07:57:39.681+00:00,2026-07-23T07:57:40.854+00:00,1.173,2.0683,sustained_proximity_estimate
STARTED,NDI: SHINJAN (shinjan-pc) [Q2],unknown_track_30,unknown_track_74,2026-07-23T07:57:39.681+00:00,2026-07-23T07:57:40.854+00:00,1.173,1.6729,sustained_proximity_estimate
STARTED,NDI: SHINJAN (shinjan-pc) [Q2],unknown_track_34,unknown_track_74,2026-07-23T07:57:39.681+00:00,2026-07-23T07:57:40.854+00:00,1.173,0.4045,sustained_proximity_estimate
STARTED,NDI: SHINJAN (shinjan-pc) [Q1],unknown_track_5,unknown_track_85,2026-07-23T07:57:39.681+00:00,2026-07-23T07:57:40.854+00:00,1.173,1.1873,sustained_proximity_estimate
STARTED,NDI: SHINJAN (shinjan-pc) [Q1],unknown_track_5,unknown_track_9,2026-07-23T07:57:39.681+00:00,2026-07-23T07:57:40.854+00:00,1.173,1.3376,sustained_proximity_estimate
STARTED,NDI: SHINJAN (shinjan-pc) [Q1],unknown_track_85,unknown_track_9,2026-07-23T07:57:39.681+00:00,2026-07-23T07:57:40.854+00:00,1.173,1.2707,sustained_proximity_estimate
UPDATED,NDI: SHINJAN (shinjan-pc) [Q2],72dd5b08-3bf1-4c65-bb3e-a4c3f1a443d6,unknown_track_22,2026-07-23T07:57:39.681+00:00,2026-07-23T07:57:41.455+00:00,1.774,2.0156,sustained_proximity_estimate
UPDATED,NDI: SHINJAN (shinjan-pc) [Q2],72dd5b08-3bf1-4c65-bb3e-a4c3f1a443d6,unknown_track_30,2026-07-23T07:57:39.681+00:00,2026-07-23T07:57:41.455+00:00,1.774,0.8052,sustained_proximity_estimate
UPDATED,NDI: SHINJAN (shinjan-pc) [Q2],72dd5b08-3bf1-4c65-bb3e-a4c3f1a443d6,unknown_track_34,2026-07-23T07:57:39.681+00:00,2026-07-23T07:57:41.455+00:00,1.774,1.8923,sustained_proximity_estimate
UPDATED,NDI: SHINJAN (shinjan-pc) [Q2],unknown_track_22,unknown_track_30,2026-07-23T07:57:39.681+00:00,2026-07-23T07:57:41.455+00:00,1.774,1.9639,sustained_proximity_estimate
UPDATED,NDI: SHINJAN (shinjan-pc) [Q2],unknown_track_22,unknown_track_34,2026-07-23T07:57:39.681+00:00,2026-07-23T07:57:41.455+00:00,1.774,1.0792,sustained_proximity_estimate
UPDATED,NDI: SHINJAN (shinjan-pc) [Q2],unknown_track_30,unknown_track_34,2026-07-23T07:57:39.681+00:00,2026-07-23T07:57:41.455+00:00,1.774,2.2205,sustained_proximity_estimate
UPDATED,NDI: SHINJAN (shinjan-pc) [Q1],unknown_track_5,unknown_track_85,2026-07-23T07:57:39.681+00:00,2026-07-23T07:57:41.455+00:00,1.774,1.1848,sustained_proximity_estimate
UPDATED,NDI: SHINJAN (shinjan-pc) [Q1],unknown_track_5,unknown_track_9,2026-07-23T07:57:39.681+00:00,2026-07-23T07:57:41.455+00:00,1.774,1.3427,sustained_proximity_estimate
UPDATED,NDI: SHINJAN (shinjan-pc) [Q1],unknown_track_85,unknown_track_9,2026-07-23T07:57:39.681+00:00,2026-07-23T07:57:41.455+00:00,1.774,1.2200,sustained_proximity_estimate
ENDED,NDI: SHINJAN (shinjan-pc) [Q2],72dd5b08-3bf1-4c65-bb3e-a4c3f1a443d6,unknown_track_74,2026-07-23T07:57:39.681+00:00,2026-07-23T07:57:40.854+00:00,1.173,1.5762,sustained_proximity_estimate
ENDED,NDI: SHINJAN (shinjan-pc) [Q2],unknown_track_22,unknown_track_74,2026-07-23T07:57:39.681+00:00,2026-07-23T07:57:40.854+00:00,1.173,0.6248,sustained_proximity_estimate
ENDED,NDI: SHINJAN (shinjan-pc) [Q2],unknown_track_30,unknown_track_74,2026-07-23T07:57:39.681+00:00,2026-07-23T07:57:40.854+00:00,1.173,1.6729,sustained_proximity_estimate
ENDED,NDI: SHINJAN (shinjan-pc) [Q2],unknown_track_34,unknown_track_74,2026-07-23T07:57:39.681+00:00,2026-07-23T07:57:40.854+00:00,1.173,0.4045,sustained_proximity_estimate
UPDATED,NDI: SHINJAN (shinjan-pc) [Q2],72dd5b08-3bf1-4c65-bb3e-a4c3f1a443d6,unknown_track_30,2026-07-23T07:57:39.681+00:00,2026-07-23T07:57:42.073+00:00,2.392,0.7895,sustained_proximity_estimate
UPDATED,NDI: SHINJAN (shinjan-pc) [Q2],72dd5b08-3bf1-4c65-bb3e-a4c3f1a443d6,unknown_track_34,2026-07-23T07:57:39.681+00:00,2026-07-23T07:57:42.073+00:00,2.392,1.9117,sustained_proximity_estimate
UPDATED,NDI: SHINJAN (shinjan-pc) [Q2],unknown_track_30,unknown_track_34,2026-07-23T07:57:39.681+00:00,2026-07-23T07:57:42.073+00:00,2.392,2.3736,sustained_proximity_estimate
UPDATED,NDI: SHINJAN (shinjan-pc) [Q1],unknown_track_5,unknown_track_9,2026-07-23T07:57:39.681+00:00,2026-07-23T07:57:42.073+00:00,2.392,1.3533,sustained_proximity_estimate
ENDED,NDI: SHINJAN (shinjan-pc) [Q2],72dd5b08-3bf1-4c65-bb3e-a4c3f1a443d6,unknown_track_22,2026-07-23T07:57:39.681+00:00,2026-07-23T07:57:41.455+00:00,1.774,2.0156,sustained_proximity_estimate
ENDED,NDI: SHINJAN (shinjan-pc) [Q2],72dd5b08-3bf1-4c65-bb3e-a4c3f1a443d6,unknown_track_30,2026-07-23T07:57:39.681+00:00,2026-07-23T07:57:42.073+00:00,2.392,0.7895,sustained_proximity_estimate
ENDED,NDI: SHINJAN (shinjan-pc) [Q2],72dd5b08-3bf1-4c65-bb3e-a4c3f1a443d6,unknown_track_34,2026-07-23T07:57:39.681+00:00,2026-07-23T07:57:42.073+00:00,2.392,1.9117,sustained_proximity_estimate
ENDED,NDI: SHINJAN (shinjan-pc) [Q2],unknown_track_22,unknown_track_30,2026-07-23T07:57:39.681+00:00,2026-07-23T07:57:41.455+00:00,1.774,1.9639,sustained_proximity_estimate
ENDED,NDI: SHINJAN (shinjan-pc) [Q2],unknown_track_22,unknown_track_34,2026-07-23T07:57:39.681+00:00,2026-07-23T07:57:41.455+00:00,1.774,1.0792,sustained_proximity_estimate
ENDED,NDI: SHINJAN (shinjan-pc) [Q2],unknown_track_30,unknown_track_34,2026-07-23T07:57:39.681+00:00,2026-07-23T07:57:42.073+00:00,2.392,2.3736,sustained_proximity_estimate
ENDED,NDI: SHINJAN (shinjan-pc) [Q1],unknown_track_5,unknown_track_85,2026-07-23T07:57:39.681+00:00,2026-07-23T07:57:41.455+00:00,1.774,1.1848,sustained_proximity_estimate
ENDED,NDI: SHINJAN (shinjan-pc) [Q1],unknown_track_5,unknown_track_9,2026-07-23T07:57:39.681+00:00,2026-07-23T07:57:42.073+00:00,2.392,1.3533,sustained_proximity_estimate
ENDED,NDI: SHINJAN (shinjan-pc) [Q1],unknown_track_85,unknown_track_9,2026-07-23T07:57:39.681+00:00,2026-07-23T07:57:41.455+00:00,1.774,1.2200,sustained_proximity_estimate
STARTED,NDI: SHINJAN (shinjan-pc) [Q2],72dd5b08-3bf1-4c65-bb3e-a4c3f1a443d6,unknown_track_30,2026-07-23T07:57:45.076+00:00,2026-07-23T07:57:46.280+00:00,1.204,0.9050,sustained_proximity_estimate
STARTED,NDI: SHINJAN (shinjan-pc) [Q2],72dd5b08-3bf1-4c65-bb3e-a4c3f1a443d6,unknown_track_34,2026-07-23T07:57:45.076+00:00,2026-07-23T07:57:46.280+00:00,1.204,1.9801,sustained_proximity_estimate
STARTED,NDI: SHINJAN (shinjan-pc) [Q2],72dd5b08-3bf1-4c65-bb3e-a4c3f1a443d6,unknown_track_74,2026-07-23T07:57:45.076+00:00,2026-07-23T07:57:46.280+00:00,1.204,1.6038,sustained_proximity_estimate
STARTED,NDI: SHINJAN (shinjan-pc) [Q2],b20659d6-0ffd-4647-bd8e-b9140be6c652,unknown_track_34,2026-07-23T07:57:45.076+00:00,2026-07-23T07:57:46.280+00:00,1.204,1.1236,sustained_proximity_estimate
STARTED,NDI: SHINJAN (shinjan-pc) [Q2],b20659d6-0ffd-4647-bd8e-b9140be6c652,unknown_track_74,2026-07-23T07:57:45.076+00:00,2026-07-23T07:57:46.280+00:00,1.204,0.6171,sustained_proximity_estimate
STARTED,NDI: SHINJAN (shinjan-pc) [Q2],unknown_track_30,unknown_track_74,2026-07-23T07:57:45.076+00:00,2026-07-23T07:57:46.280+00:00,1.204,1.8460,sustained_proximity_estimate
STARTED,NDI: SHINJAN (shinjan-pc) [Q2],unknown_track_34,unknown_track_74,2026-07-23T07:57:45.076+00:00,2026-07-23T07:57:46.280+00:00,1.204,0.4467,sustained_proximity_estimate
STARTED,NDI: SHINJAN (shinjan-pc) [Q1],72dd5b08-3bf1-4c65-bb3e-a4c3f1a443d6,unknown_track_5,2026-07-23T07:57:45.076+00:00,2026-07-23T07:57:46.280+00:00,1.204,1.2039,sustained_proximity_estimate
UPDATED,NDI: SHINJAN (shinjan-pc) [Q2],72dd5b08-3bf1-4c65-bb3e-a4c3f1a443d6,unknown_track_30,2026-07-23T07:57:45.076+00:00,2026-07-23T07:57:46.897+00:00,1.821,0.8962,sustained_proximity_estimate
UPDATED,NDI: SHINJAN (shinjan-pc) [Q2],72dd5b08-3bf1-4c65-bb3e-a4c3f1a443d6,unknown_track_34,2026-07-23T07:57:45.076+00:00,2026-07-23T07:57:46.897+00:00,1.821,1.9508,sustained_proximity_estimate
UPDATED,NDI: SHINJAN (shinjan-pc) [Q2],b20659d6-0ffd-4647-bd8e-b9140be6c652,unknown_track_34,2026-07-23T07:57:45.076+00:00,2026-07-23T07:57:46.897+00:00,1.821,1.1066,sustained_proximity_estimate
UPDATED,NDI: SHINJAN (shinjan-pc) [Q1],72dd5b08-3bf1-4c65-bb3e-a4c3f1a443d6,unknown_track_5,2026-07-23T07:57:45.076+00:00,2026-07-23T07:57:46.897+00:00,1.821,1.2046,sustained_proximity_estimate
ENDED,NDI: SHINJAN (shinjan-pc) [Q2],72dd5b08-3bf1-4c65-bb3e-a4c3f1a443d6,unknown_track_74,2026-07-23T07:57:45.076+00:00,2026-07-23T07:57:46.280+00:00,1.204,1.6038,sustained_proximity_estimate
ENDED,NDI: SHINJAN (shinjan-pc) [Q2],b20659d6-0ffd-4647-bd8e-b9140be6c652,unknown_track_74,2026-07-23T07:57:45.076+00:00,2026-07-23T07:57:46.280+00:00,1.204,0.6171,sustained_proximity_estimate
ENDED,NDI: SHINJAN (shinjan-pc) [Q2],unknown_track_30,unknown_track_74,2026-07-23T07:57:45.076+00:00,2026-07-23T07:57:46.280+00:00,1.204,1.8460,sustained_proximity_estimate
ENDED,NDI: SHINJAN (shinjan-pc) [Q2],unknown_track_34,unknown_track_74,2026-07-23T07:57:45.076+00:00,2026-07-23T07:57:46.280+00:00,1.204,0.4467,sustained_proximity_estimate
UPDATED,NDI: SHINJAN (shinjan-pc) [Q2],72dd5b08-3bf1-4c65-bb3e-a4c3f1a443d6,unknown_track_30,2026-07-23T07:57:45.076+00:00,2026-07-23T07:57:47.505+00:00,2.429,0.9558,sustained_proximity_estimate
UPDATED,NDI: SHINJAN (shinjan-pc) [Q1],72dd5b08-3bf1-4c65-bb3e-a4c3f1a443d6,unknown_track_5,2026-07-23T07:57:45.076+00:00,2026-07-23T07:57:47.505+00:00,2.429,1.2009,sustained_proximity_estimate
ENDED,NDI: SHINJAN (shinjan-pc) [Q2],72dd5b08-3bf1-4c65-bb3e-a4c3f1a443d6,unknown_track_30,2026-07-23T07:57:45.076+00:00,2026-07-23T07:57:47.505+00:00,2.429,0.9558,sustained_proximity_estimate
ENDED,NDI: SHINJAN (shinjan-pc) [Q2],72dd5b08-3bf1-4c65-bb3e-a4c3f1a443d6,unknown_track_34,2026-07-23T07:57:45.076+00:00,2026-07-23T07:57:46.897+00:00,1.821,1.9508,sustained_proximity_estimate
ENDED,NDI: SHINJAN (shinjan-pc) [Q2],b20659d6-0ffd-4647-bd8e-b9140be6c652,unknown_track_34,2026-07-23T07:57:45.076+00:00,2026-07-23T07:57:46.897+00:00,1.821,1.1066,sustained_proximity_estimate
ENDED,NDI: SHINJAN (shinjan-pc) [Q1],72dd5b08-3bf1-4c65-bb3e-a4c3f1a443d6,unknown_track_5,2026-07-23T07:57:45.076+00:00,2026-07-23T07:57:47.505+00:00,2.429,1.2009,sustained_proximity_estimate
STARTED,NDI: SHINJAN (shinjan-pc) [Q2],72dd5b08-3bf1-4c65-bb3e-a4c3f1a443d6,unknown_track_30,2026-07-23T07:57:49.735+00:00,2026-07-23T07:57:50.933+00:00,1.198,0.8739,sustained_proximity_estimate
STARTED,NDI: SHINJAN (shinjan-pc) [Q1],72dd5b08-3bf1-4c65-bb3e-a4c3f1a443d6,unknown_track_5,2026-07-23T07:57:49.735+00:00,2026-07-23T07:57:50.933+00:00,1.198,1.2305,sustained_proximity_estimate
UPDATED,NDI: SHINJAN (shinjan-pc) [Q2],72dd5b08-3bf1-4c65-bb3e-a4c3f1a443d6,unknown_track_30,2026-07-23T07:57:49.735+00:00,2026-07-23T07:57:51.559+00:00,1.824,0.8869,sustained_proximity_estimate
UPDATED,NDI: SHINJAN (shinjan-pc) [Q1],72dd5b08-3bf1-4c65-bb3e-a4c3f1a443d6,unknown_track_5,2026-07-23T07:57:49.735+00:00,2026-07-23T07:57:51.559+00:00,1.824,1.2468,sustained_proximity_estimate
UPDATED,NDI: SHINJAN (shinjan-pc) [Q2],72dd5b08-3bf1-4c65-bb3e-a4c3f1a443d6,unknown_track_30,2026-07-23T07:57:49.735+00:00,2026-07-23T07:57:52.176+00:00,2.441,0.9815,sustained_proximity_estimate
UPDATED,NDI: SHINJAN (shinjan-pc) [Q1],72dd5b08-3bf1-4c65-bb3e-a4c3f1a443d6,unknown_track_5,2026-07-23T07:57:49.735+00:00,2026-07-23T07:57:52.176+00:00,2.441,1.2433,sustained_proximity_estimate
ENDED,NDI: SHINJAN (shinjan-pc) [Q2],72dd5b08-3bf1-4c65-bb3e-a4c3f1a443d6,unknown_track_30,2026-07-23T07:57:49.735+00:00,2026-07-23T07:57:52.176+00:00,2.441,0.9815,sustained_proximity_estimate
ENDED,NDI: SHINJAN (shinjan-pc) [Q1],72dd5b08-3bf1-4c65-bb3e-a4c3f1a443d6,unknown_track_5,2026-07-23T07:57:49.735+00:00,2026-07-23T07:57:52.176+00:00,2.441,1.2433,sustained_proximity_estimate
STARTED,NDI: SHINJAN (shinjan-pc) [Q2],72dd5b08-3bf1-4c65-bb3e-a4c3f1a443d6,b20659d6-0ffd-4647-bd8e-b9140be6c652,2026-07-23T07:57:54.830+00:00,2026-07-23T07:57:56.277+00:00,1.447,1.7369,sustained_proximity_estimate
STARTED,NDI: SHINJAN (shinjan-pc) [Q2],72dd5b08-3bf1-4c65-bb3e-a4c3f1a443d6,unknown_track_30,2026-07-23T07:57:54.830+00:00,2026-07-23T07:57:56.277+00:00,1.447,0.6572,sustained_proximity_estimate
STARTED,NDI: SHINJAN (shinjan-pc) [Q2],b20659d6-0ffd-4647-bd8e-b9140be6c652,unknown_track_30,2026-07-23T07:57:54.830+00:00,2026-07-23T07:57:56.277+00:00,1.447,2.1265,sustained_proximity_estimate
STARTED,NDI: SHINJAN (shinjan-pc) [Q1],72dd5b08-3bf1-4c65-bb3e-a4c3f1a443d6,unknown_track_5,2026-07-23T07:57:54.830+00:00,2026-07-23T07:57:56.277+00:00,1.447,1.3754,sustained_proximity_estimate
UPDATED,NDI: SHINJAN (shinjan-pc) [Q2],72dd5b08-3bf1-4c65-bb3e-a4c3f1a443d6,b20659d6-0ffd-4647-bd8e-b9140be6c652,2026-07-23T07:57:54.830+00:00,2026-07-23T07:57:56.914+00:00,2.084,1.7291,sustained_proximity_estimate
UPDATED,NDI: SHINJAN (shinjan-pc) [Q2],72dd5b08-3bf1-4c65-bb3e-a4c3f1a443d6,unknown_track_30,2026-07-23T07:57:54.830+00:00,2026-07-23T07:57:56.914+00:00,2.084,0.6545,sustained_proximity_estimate
UPDATED,NDI: SHINJAN (shinjan-pc) [Q2],b20659d6-0ffd-4647-bd8e-b9140be6c652,unknown_track_30,2026-07-23T07:57:54.830+00:00,2026-07-23T07:57:56.914+00:00,2.084,2.1298,sustained_proximity_estimate
UPDATED,NDI: SHINJAN (shinjan-pc) [Q1],72dd5b08-3bf1-4c65-bb3e-a4c3f1a443d6,unknown_track_5,2026-07-23T07:57:54.830+00:00,2026-07-23T07:57:56.914+00:00,2.084,1.3653,sustained_proximity_estimate
UPDATED,NDI: SHINJAN (shinjan-pc) [Q2],72dd5b08-3bf1-4c65-bb3e-a4c3f1a443d6,b20659d6-0ffd-4647-bd8e-b9140be6c652,2026-07-23T07:57:54.830+00:00,2026-07-23T07:57:57.485+00:00,2.655,1.7012,sustained_proximity_estimate
UPDATED,NDI: SHINJAN (shinjan-pc) [Q2],72dd5b08-3bf1-4c65-bb3e-a4c3f1a443d6,unknown_track_30,2026-07-23T07:57:54.830+00:00,2026-07-23T07:57:57.485+00:00,2.655,0.6048,sustained_proximity_estimate
UPDATED,NDI: SHINJAN (shinjan-pc) [Q2],b20659d6-0ffd-4647-bd8e-b9140be6c652,unknown_track_30,2026-07-23T07:57:54.830+00:00,2026-07-23T07:57:57.485+00:00,2.655,2.0764,sustained_proximity_estimate
UPDATED,NDI: SHINJAN (shinjan-pc) [Q1],72dd5b08-3bf1-4c65-bb3e-a4c3f1a443d6,unknown_track_5,2026-07-23T07:57:54.830+00:00,2026-07-23T07:57:57.485+00:00,2.655,1.2980,sustained_proximity_estimate
ENDED,NDI: SHINJAN (shinjan-pc) [Q2],72dd5b08-3bf1-4c65-bb3e-a4c3f1a443d6,b20659d6-0ffd-4647-bd8e-b9140be6c652,2026-07-23T07:57:54.830+00:00,2026-07-23T07:57:57.485+00:00,2.655,1.7012,sustained_proximity_estimate
ENDED,NDI: SHINJAN (shinjan-pc) [Q2],72dd5b08-3bf1-4c65-bb3e-a4c3f1a443d6,unknown_track_30,2026-07-23T07:57:54.830+00:00,2026-07-23T07:57:57.485+00:00,2.655,0.6048,sustained_proximity_estimate
ENDED,NDI: SHINJAN (shinjan-pc) [Q2],b20659d6-0ffd-4647-bd8e-b9140be6c652,unknown_track_30,2026-07-23T07:57:54.830+00:00,2026-07-23T07:57:57.485+00:00,2.655,2.0764,sustained_proximity_estimate
ENDED,NDI: SHINJAN (shinjan-pc) [Q1],72dd5b08-3bf1-4c65-bb3e-a4c3f1a443d6,unknown_track_5,2026-07-23T07:57:54.830+00:00,2026-07-23T07:57:57.485+00:00,2.655,1.2980,sustained_proximity_estimate
STARTED,NDI: SHINJAN (shinjan-pc) [Q2],72dd5b08-3bf1-4c65-bb3e-a4c3f1a443d6,b20659d6-0ffd-4647-bd8e-b9140be6c652,2026-07-23T07:58:00.079+00:00,2026-07-23T07:58:01.413+00:00,1.334,1.7629,sustained_proximity_estimate
STARTED,NDI: SHINJAN (shinjan-pc) [Q2],72dd5b08-3bf1-4c65-bb3e-a4c3f1a443d6,unknown_track_30,2026-07-23T07:58:00.079+00:00,2026-07-23T07:58:01.413+00:00,1.334,0.6208,sustained_proximity_estimate
STARTED,NDI: SHINJAN (shinjan-pc) [Q1],72dd5b08-3bf1-4c65-bb3e-a4c3f1a443d6,unknown_track_5,2026-07-23T07:58:00.079+00:00,2026-07-23T07:58:01.413+00:00,1.334,1.1667,sustained_proximity_estimate
STARTED,NDI: SHINJAN (shinjan-pc) [Q1],72dd5b08-3bf1-4c65-bb3e-a4c3f1a443d6,unknown_track_9,2026-07-23T07:58:00.079+00:00,2026-07-23T07:58:01.413+00:00,1.334,1.2618,sustained_proximity_estimate
STARTED,NDI: SHINJAN (shinjan-pc) [Q1],unknown_track_5,unknown_track_9,2026-07-23T07:58:00.079+00:00,2026-07-23T07:58:01.413+00:00,1.334,1.3621,sustained_proximity_estimate
UPDATED,NDI: SHINJAN (shinjan-pc) [Q2],72dd5b08-3bf1-4c65-bb3e-a4c3f1a443d6,b20659d6-0ffd-4647-bd8e-b9140be6c652,2026-07-23T07:58:00.079+00:00,2026-07-23T07:58:02.015+00:00,1.936,1.6794,sustained_proximity_estimate
UPDATED,NDI: SHINJAN (shinjan-pc) [Q2],72dd5b08-3bf1-4c65-bb3e-a4c3f1a443d6,unknown_track_30,2026-07-23T07:58:00.079+00:00,2026-07-23T07:58:02.015+00:00,1.936,0.5792,sustained_proximity_estimate
STARTED,NDI: SHINJAN (shinjan-pc) [Q2],b20659d6-0ffd-4647-bd8e-b9140be6c652,unknown_track_30,2026-07-23T07:58:00.752+00:00,2026-07-23T07:58:02.015+00:00,1.263,1.7542,sustained_proximity_estimate
UPDATED,NDI: SHINJAN (shinjan-pc) [Q1],72dd5b08-3bf1-4c65-bb3e-a4c3f1a443d6,unknown_track_5,2026-07-23T07:58:00.079+00:00,2026-07-23T07:58:02.015+00:00,1.936,1.1844,sustained_proximity_estimate
UPDATED,NDI: SHINJAN (shinjan-pc) [Q2],72dd5b08-3bf1-4c65-bb3e-a4c3f1a443d6,b20659d6-0ffd-4647-bd8e-b9140be6c652,2026-07-23T07:58:00.079+00:00,2026-07-23T07:58:02.680+00:00,2.601,1.6230,sustained_proximity_estimate
UPDATED,NDI: SHINJAN (shinjan-pc) [Q2],72dd5b08-3bf1-4c65-bb3e-a4c3f1a443d6,unknown_track_30,2026-07-23T07:58:00.079+00:00,2026-07-23T07:58:02.680+00:00,2.601,0.5578,sustained_proximity_estimate
UPDATED,NDI: SHINJAN (shinjan-pc) [Q2],b20659d6-0ffd-4647-bd8e-b9140be6c652,unknown_track_30,2026-07-23T07:58:00.752+00:00,2026-07-23T07:58:02.680+00:00,1.928,1.7146,sustained_proximity_estimate
ENDED,NDI: SHINJAN (shinjan-pc) [Q1],72dd5b08-3bf1-4c65-bb3e-a4c3f1a443d6,unknown_track_9,2026-07-23T07:58:00.079+00:00,2026-07-23T07:58:01.413+00:00,1.334,1.2618,sustained_proximity_estimate
ENDED,NDI: SHINJAN (shinjan-pc) [Q1],unknown_track_5,unknown_track_9,2026-07-23T07:58:00.079+00:00,2026-07-23T07:58:01.413+00:00,1.334,1.3621,sustained_proximity_estimate
UPDATED,NDI: SHINJAN (shinjan-pc) [Q1],72dd5b08-3bf1-4c65-bb3e-a4c3f1a443d6,unknown_track_5,2026-07-23T07:58:00.079+00:00,2026-07-23T07:58:02.680+00:00,2.601,1.2113,sustained_proximity_estimate
ENDED,NDI: SHINJAN (shinjan-pc) [Q2],72dd5b08-3bf1-4c65-bb3e-a4c3f1a443d6,b20659d6-0ffd-4647-bd8e-b9140be6c652,2026-07-23T07:58:00.079+00:00,2026-07-23T07:58:02.680+00:00,2.601,1.6230,sustained_proximity_estimate
ENDED,NDI: SHINJAN (shinjan-pc) [Q2],72dd5b08-3bf1-4c65-bb3e-a4c3f1a443d6,unknown_track_30,2026-07-23T07:58:00.079+00:00,2026-07-23T07:58:02.680+00:00,2.601,0.5578,sustained_proximity_estimate
ENDED,NDI: SHINJAN (shinjan-pc) [Q2],b20659d6-0ffd-4647-bd8e-b9140be6c652,unknown_track_30,2026-07-23T07:58:00.752+00:00,2026-07-23T07:58:02.680+00:00,1.928,1.7146,sustained_proximity_estimate
ENDED,NDI: SHINJAN (shinjan-pc) [Q1],72dd5b08-3bf1-4c65-bb3e-a4c3f1a443d6,unknown_track_5,2026-07-23T07:58:00.079+00:00,2026-07-23T07:58:02.680+00:00,2.601,1.2113,sustained_proximity_estimate
STARTED,NDI: SHINJAN (shinjan-pc) [Q2],72dd5b08-3bf1-4c65-bb3e-a4c3f1a443d6,b20659d6-0ffd-4647-bd8e-b9140be6c652,2026-07-23T07:58:05.942+00:00,2026-07-23T07:58:07.228+00:00,1.286,1.6090,sustained_proximity_estimate
STARTED,NDI: SHINJAN (shinjan-pc) [Q2],72dd5b08-3bf1-4c65-bb3e-a4c3f1a443d6,unknown_track_30,2026-07-23T07:58:05.942+00:00,2026-07-23T07:58:07.228+00:00,1.286,0.4427,sustained_proximity_estimate
STARTED,NDI: SHINJAN (shinjan-pc) [Q2],b20659d6-0ffd-4647-bd8e-b9140be6c652,unknown_track_30,2026-07-23T07:58:05.942+00:00,2026-07-23T07:58:07.228+00:00,1.286,1.7203,sustained_proximity_estimate
STARTED,NDI: SHINJAN (shinjan-pc) [Q1],72dd5b08-3bf1-4c65-bb3e-a4c3f1a443d6,unknown_track_5,2026-07-23T07:58:05.942+00:00,2026-07-23T07:58:07.228+00:00,1.286,1.2516,sustained_proximity_estimate
STARTED,NDI: SHINJAN (shinjan-pc) [Q1],72dd5b08-3bf1-4c65-bb3e-a4c3f1a443d6,unknown_track_9,2026-07-23T07:58:05.942+00:00,2026-07-23T07:58:07.228+00:00,1.286,1.3884,sustained_proximity_estimate
STARTED,NDI: SHINJAN (shinjan-pc) [Q1],unknown_track_5,unknown_track_9,2026-07-23T07:58:05.942+00:00,2026-07-23T07:58:07.228+00:00,1.286,1.3719,sustained_proximity_estimate
UPDATED,NDI: SHINJAN (shinjan-pc) [Q2],72dd5b08-3bf1-4c65-bb3e-a4c3f1a443d6,b20659d6-0ffd-4647-bd8e-b9140be6c652,2026-07-23T07:58:05.942+00:00,2026-07-23T07:58:07.820+00:00,1.878,1.6116,sustained_proximity_estimate
UPDATED,NDI: SHINJAN (shinjan-pc) [Q2],72dd5b08-3bf1-4c65-bb3e-a4c3f1a443d6,unknown_track_30,2026-07-23T07:58:05.942+00:00,2026-07-23T07:58:07.820+00:00,1.878,0.4123,sustained_proximity_estimate
UPDATED,NDI: SHINJAN (shinjan-pc) [Q2],b20659d6-0ffd-4647-bd8e-b9140be6c652,unknown_track_30,2026-07-23T07:58:05.942+00:00,2026-07-23T07:58:07.820+00:00,1.878,1.6923,sustained_proximity_estimate
UPDATED,NDI: SHINJAN (shinjan-pc) [Q1],72dd5b08-3bf1-4c65-bb3e-a4c3f1a443d6,unknown_track_5,2026-07-23T07:58:05.942+00:00,2026-07-23T07:58:07.820+00:00,1.878,1.2356,sustained_proximity_estimate
UPDATED,NDI: SHINJAN (shinjan-pc) [Q1],72dd5b08-3bf1-4c65-bb3e-a4c3f1a443d6,unknown_track_9,2026-07-23T07:58:05.942+00:00,2026-07-23T07:58:07.820+00:00,1.878,1.4851,sustained_proximity_estimate
UPDATED,NDI: SHINJAN (shinjan-pc) [Q1],unknown_track_5,unknown_track_9,2026-07-23T07:58:05.942+00:00,2026-07-23T07:58:07.820+00:00,1.878,1.3947,sustained_proximity_estimate
UPDATED,NDI: SHINJAN (shinjan-pc) [Q2],72dd5b08-3bf1-4c65-bb3e-a4c3f1a443d6,b20659d6-0ffd-4647-bd8e-b9140be6c652,2026-07-23T07:58:05.942+00:00,2026-07-23T07:58:08.467+00:00,2.525,1.5334,sustained_proximity_estimate
UPDATED,NDI: SHINJAN (shinjan-pc) [Q2],72dd5b08-3bf1-4c65-bb3e-a4c3f1a443d6,unknown_track_30,2026-07-23T07:58:05.942+00:00,2026-07-23T07:58:08.467+00:00,2.525,0.4046,sustained_proximity_estimate
UPDATED,NDI: SHINJAN (shinjan-pc) [Q2],b20659d6-0ffd-4647-bd8e-b9140be6c652,unknown_track_30,2026-07-23T07:58:05.942+00:00,2026-07-23T07:58:08.467+00:00,2.525,1.5967,sustained_proximity_estimate
UPDATED,NDI: SHINJAN (shinjan-pc) [Q1],72dd5b08-3bf1-4c65-bb3e-a4c3f1a443d6,unknown_track_5,2026-07-23T07:58:05.942+00:00,2026-07-23T07:58:08.467+00:00,2.525,1.2091,sustained_proximity_estimate
UPDATED,NDI: SHINJAN (shinjan-pc) [Q1],72dd5b08-3bf1-4c65-bb3e-a4c3f1a443d6,unknown_track_9,2026-07-23T07:58:05.942+00:00,2026-07-23T07:58:08.467+00:00,2.525,1.5073,sustained_proximity_estimate
UPDATED,NDI: SHINJAN (shinjan-pc) [Q1],unknown_track_5,unknown_track_9,2026-07-23T07:58:05.942+00:00,2026-07-23T07:58:08.467+00:00,2.525,1.3848,sustained_proximity_estimate
ENDED,NDI: SHINJAN (shinjan-pc) [Q2],72dd5b08-3bf1-4c65-bb3e-a4c3f1a443d6,b20659d6-0ffd-4647-bd8e-b9140be6c652,2026-07-23T07:58:05.942+00:00,2026-07-23T07:58:08.467+00:00,2.525,1.5334,sustained_proximity_estimate
ENDED,NDI: SHINJAN (shinjan-pc) [Q2],72dd5b08-3bf1-4c65-bb3e-a4c3f1a443d6,unknown_track_30,2026-07-23T07:58:05.942+00:00,2026-07-23T07:58:08.467+00:00,2.525,0.4046,sustained_proximity_estimate
ENDED,NDI: SHINJAN (shinjan-pc) [Q2],b20659d6-0ffd-4647-bd8e-b9140be6c652,unknown_track_30,2026-07-23T07:58:05.942+00:00,2026-07-23T07:58:08.467+00:00,2.525,1.5967,sustained_proximity_estimate
ENDED,NDI: SHINJAN (shinjan-pc) [Q1],72dd5b08-3bf1-4c65-bb3e-a4c3f1a443d6,unknown_track_5,2026-07-23T07:58:05.942+00:00,2026-07-23T07:58:08.467+00:00,2.525,1.2091,sustained_proximity_estimate
ENDED,NDI: SHINJAN (shinjan-pc) [Q1],72dd5b08-3bf1-4c65-bb3e-a4c3f1a443d6,unknown_track_9,2026-07-23T07:58:05.942+00:00,2026-07-23T07:58:08.467+00:00,2.525,1.5073,sustained_proximity_estimate
ENDED,NDI: SHINJAN (shinjan-pc) [Q1],unknown_track_5,unknown_track_9,2026-07-23T07:58:05.942+00:00,2026-07-23T07:58:08.467+00:00,2.525,1.3848,sustained_proximity_estimate
STARTED,NDI: SHINJAN (shinjan-pc) [Q2],72dd5b08-3bf1-4c65-bb3e-a4c3f1a443d6,b20659d6-0ffd-4647-bd8e-b9140be6c652,2026-07-23T07:58:11.727+00:00,2026-07-23T07:58:13.024+00:00,1.297,1.8057,sustained_proximity_estimate
STARTED,NDI: SHINJAN (shinjan-pc) [Q2],72dd5b08-3bf1-4c65-bb3e-a4c3f1a443d6,unknown_track_30,2026-07-23T07:58:11.727+00:00,2026-07-23T07:58:13.024+00:00,1.297,0.5250,sustained_proximity_estimate
STARTED,NDI: SHINJAN (shinjan-pc) [Q2],b20659d6-0ffd-4647-bd8e-b9140be6c652,unknown_track_30,2026-07-23T07:58:11.727+00:00,2026-07-23T07:58:13.024+00:00,1.297,1.8008,sustained_proximity_estimate
STARTED,NDI: SHINJAN (shinjan-pc) [Q1],72dd5b08-3bf1-4c65-bb3e-a4c3f1a443d6,unknown_track_5,2026-07-23T07:58:11.727+00:00,2026-07-23T07:58:13.024+00:00,1.297,1.2795,sustained_proximity_estimate
STARTED,NDI: SHINJAN (shinjan-pc) [Q1],72dd5b08-3bf1-4c65-bb3e-a4c3f1a443d6,unknown_track_9,2026-07-23T07:58:11.727+00:00,2026-07-23T07:58:13.024+00:00,1.297,1.4924,sustained_proximity_estimate
STARTED,NDI: SHINJAN (shinjan-pc) [Q1],unknown_track_5,unknown_track_9,2026-07-23T07:58:11.727+00:00,2026-07-23T07:58:13.024+00:00,1.297,1.3653,sustained_proximity_estimate
UPDATED,NDI: SHINJAN (shinjan-pc) [Q2],b20659d6-0ffd-4647-bd8e-b9140be6c652,unknown_track_30,2026-07-23T07:58:11.727+00:00,2026-07-23T07:58:13.821+00:00,2.094,1.7417,sustained_proximity_estimate
UPDATED,NDI: SHINJAN (shinjan-pc) [Q1],72dd5b08-3bf1-4c65-bb3e-a4c3f1a443d6,unknown_track_5,2026-07-23T07:58:11.727+00:00,2026-07-23T07:58:13.821+00:00,2.094,1.3112,sustained_proximity_estimate
UPDATED,NDI: SHINJAN (shinjan-pc) [Q1],72dd5b08-3bf1-4c65-bb3e-a4c3f1a443d6,unknown_track_9,2026-07-23T07:58:11.727+00:00,2026-07-23T07:58:13.821+00:00,2.094,1.5521,sustained_proximity_estimate
STARTED,NDI: SHINJAN (shinjan-pc) [Q1],72dd5b08-3bf1-4c65-bb3e-a4c3f1a443d6,unknown_track_97,2026-07-23T07:58:12.342+00:00,2026-07-23T07:58:13.821+00:00,1.479,0.6002,sustained_proximity_estimate
UPDATED,NDI: SHINJAN (shinjan-pc) [Q1],unknown_track_5,unknown_track_9,2026-07-23T07:58:11.727+00:00,2026-07-23T07:58:13.821+00:00,2.094,1.3451,sustained_proximity_estimate
STARTED,NDI: SHINJAN (shinjan-pc) [Q1],unknown_track_5,unknown_track_97,2026-07-23T07:58:12.342+00:00,2026-07-23T07:58:13.821+00:00,1.479,1.6330,sustained_proximity_estimate
ENDED,NDI: SHINJAN (shinjan-pc) [Q2],72dd5b08-3bf1-4c65-bb3e-a4c3f1a443d6,b20659d6-0ffd-4647-bd8e-b9140be6c652,2026-07-23T07:58:11.727+00:00,2026-07-23T07:58:13.024+00:00,1.297,1.8057,sustained_proximity_estimate
ENDED,NDI: SHINJAN (shinjan-pc) [Q2],72dd5b08-3bf1-4c65-bb3e-a4c3f1a443d6,unknown_track_30,2026-07-23T07:58:11.727+00:00,2026-07-23T07:58:13.024+00:00,1.297,0.5250,sustained_proximity_estimate
UPDATED,NDI: SHINJAN (shinjan-pc) [Q2],b20659d6-0ffd-4647-bd8e-b9140be6c652,unknown_track_30,2026-07-23T07:58:11.727+00:00,2026-07-23T07:58:14.468+00:00,2.741,1.7369,sustained_proximity_estimate
UPDATED,NDI: SHINJAN (shinjan-pc) [Q1],72dd5b08-3bf1-4c65-bb3e-a4c3f1a443d6,unknown_track_5,2026-07-23T07:58:11.727+00:00,2026-07-23T07:58:14.468+00:00,2.741,1.3029,sustained_proximity_estimate
UPDATED,NDI: SHINJAN (shinjan-pc) [Q1],72dd5b08-3bf1-4c65-bb3e-a4c3f1a443d6,unknown_track_9,2026-07-23T07:58:11.727+00:00,2026-07-23T07:58:14.468+00:00,2.741,1.6050,sustained_proximity_estimate
UPDATED,NDI: SHINJAN (shinjan-pc) [Q1],72dd5b08-3bf1-4c65-bb3e-a4c3f1a443d6,unknown_track_97,2026-07-23T07:58:12.342+00:00,2026-07-23T07:58:14.468+00:00,2.126,0.6066,sustained_proximity_estimate
UPDATED,NDI: SHINJAN (shinjan-pc) [Q1],unknown_track_5,unknown_track_9,2026-07-23T07:58:11.727+00:00,2026-07-23T07:58:14.468+00:00,2.741,1.3592,sustained_proximity_estimate
UPDATED,NDI: SHINJAN (shinjan-pc) [Q1],unknown_track_5,unknown_track_97,2026-07-23T07:58:12.342+00:00,2026-07-23T07:58:14.468+00:00,2.126,1.6283,sustained_proximity_estimate
ENDED,NDI: SHINJAN (shinjan-pc) [Q2],b20659d6-0ffd-4647-bd8e-b9140be6c652,unknown_track_30,2026-07-23T07:58:11.727+00:00,2026-07-23T07:58:14.468+00:00,2.741,1.7369,sustained_proximity_estimate
ENDED,NDI: SHINJAN (shinjan-pc) [Q1],72dd5b08-3bf1-4c65-bb3e-a4c3f1a443d6,unknown_track_5,2026-07-23T07:58:11.727+00:00,2026-07-23T07:58:14.468+00:00,2.741,1.3029,sustained_proximity_estimate
ENDED,NDI: SHINJAN (shinjan-pc) [Q1],72dd5b08-3bf1-4c65-bb3e-a4c3f1a443d6,unknown_track_9,2026-07-23T07:58:11.727+00:00,2026-07-23T07:58:14.468+00:00,2.741,1.6050,sustained_proximity_estimate
ENDED,NDI: SHINJAN (shinjan-pc) [Q1],72dd5b08-3bf1-4c65-bb3e-a4c3f1a443d6,unknown_track_97,2026-07-23T07:58:12.342+00:00,2026-07-23T07:58:14.468+00:00,2.126,0.6066,sustained_proximity_estimate
ENDED,NDI: SHINJAN (shinjan-pc) [Q1],unknown_track_5,unknown_track_9,2026-07-23T07:58:11.727+00:00,2026-07-23T07:58:14.468+00:00,2.741,1.3592,sustained_proximity_estimate
ENDED,NDI: SHINJAN (shinjan-pc) [Q1],unknown_track_5,unknown_track_97,2026-07-23T07:58:12.342+00:00,2026-07-23T07:58:14.468+00:00,2.126,1.6283,sustained_proximity_estimate
STARTED,NDI: SHINJAN (shinjan-pc) [Q2],72dd5b08-3bf1-4c65-bb3e-a4c3f1a443d6,b20659d6-0ffd-4647-bd8e-b9140be6c652,2026-07-23T07:58:18.050+00:00,2026-07-23T07:58:19.306+00:00,1.256,1.6245,sustained_proximity_estimate
STARTED,NDI: SHINJAN (shinjan-pc) [Q2],72dd5b08-3bf1-4c65-bb3e-a4c3f1a443d6,unknown_track_30,2026-07-23T07:58:18.050+00:00,2026-07-23T07:58:19.306+00:00,1.256,0.5260,sustained_proximity_estimate
STARTED,NDI: SHINJAN (shinjan-pc) [Q2],b20659d6-0ffd-4647-bd8e-b9140be6c652,unknown_track_30,2026-07-23T07:58:18.050+00:00,2026-07-23T07:58:19.306+00:00,1.256,2.0274,sustained_proximity_estimate
STARTED,NDI: SHINJAN (shinjan-pc) [Q1],72dd5b08-3bf1-4c65-bb3e-a4c3f1a443d6,unknown_track_5,2026-07-23T07:58:18.050+00:00,2026-07-23T07:58:19.306+00:00,1.256,1.3974,sustained_proximity_estimate
STARTED,NDI: SHINJAN (shinjan-pc) [Q1],72dd5b08-3bf1-4c65-bb3e-a4c3f1a443d6,unknown_track_9,2026-07-23T07:58:18.050+00:00,2026-07-23T07:58:19.306+00:00,1.256,1.3611,sustained_proximity_estimate
STARTED,NDI: SHINJAN (shinjan-pc) [Q1],unknown_track_5,unknown_track_9,2026-07-23T07:58:18.050+00:00,2026-07-23T07:58:19.306+00:00,1.256,1.3847,sustained_proximity_estimate
UPDATED,NDI: SHINJAN (shinjan-pc) [Q2],72dd5b08-3bf1-4c65-bb3e-a4c3f1a443d6,b20659d6-0ffd-4647-bd8e-b9140be6c652,2026-07-23T07:58:18.050+00:00,2026-07-23T07:58:19.927+00:00,1.877,1.6489,sustained_proximity_estimate
UPDATED,NDI: SHINJAN (shinjan-pc) [Q2],72dd5b08-3bf1-4c65-bb3e-a4c3f1a443d6,unknown_track_30,2026-07-23T07:58:18.050+00:00,2026-07-23T07:58:19.927+00:00,1.877,0.5608,sustained_proximity_estimate
UPDATED,NDI: SHINJAN (shinjan-pc) [Q2],b20659d6-0ffd-4647-bd8e-b9140be6c652,unknown_track_30,2026-07-23T07:58:18.050+00:00,2026-07-23T07:58:19.927+00:00,1.877,2.0365,sustained_proximity_estimate
UPDATED,NDI: SHINJAN (shinjan-pc) [Q1],72dd5b08-3bf1-4c65-bb3e-a4c3f1a443d6,unknown_track_5,2026-07-23T07:58:18.050+00:00,2026-07-23T07:58:19.927+00:00,1.877,1.4048,sustained_proximity_estimate
UPDATED,NDI: SHINJAN (shinjan-pc) [Q1],72dd5b08-3bf1-4c65-bb3e-a4c3f1a443d6,unknown_track_9,2026-07-23T07:58:18.050+00:00,2026-07-23T07:58:19.927+00:00,1.877,1.3082,sustained_proximity_estimate
UPDATED,NDI: SHINJAN (shinjan-pc) [Q1],unknown_track_5,unknown_track_9,2026-07-23T07:58:18.050+00:00,2026-07-23T07:58:19.927+00:00,1.877,1.4042,sustained_proximity_estimate
UPDATED,NDI: SHINJAN (shinjan-pc) [Q2],72dd5b08-3bf1-4c65-bb3e-a4c3f1a443d6,b20659d6-0ffd-4647-bd8e-b9140be6c652,2026-07-23T07:58:18.050+00:00,2026-07-23T07:58:20.616+00:00,2.566,1.6471,sustained_proximity_estimate
UPDATED,NDI: SHINJAN (shinjan-pc) [Q2],72dd5b08-3bf1-4c65-bb3e-a4c3f1a443d6,unknown_track_30,2026-07-23T07:58:18.050+00:00,2026-07-23T07:58:20.616+00:00,2.566,0.5222,sustained_proximity_estimate
UPDATED,NDI: SHINJAN (shinjan-pc) [Q2],b20659d6-0ffd-4647-bd8e-b9140be6c652,unknown_track_30,2026-07-23T07:58:18.050+00:00,2026-07-23T07:58:20.616+00:00,2.566,2.0746,sustained_proximity_estimate
UPDATED,NDI: SHINJAN (shinjan-pc) [Q1],72dd5b08-3bf1-4c65-bb3e-a4c3f1a443d6,unknown_track_5,2026-07-23T07:58:18.050+00:00,2026-07-23T07:58:20.616+00:00,2.566,1.4152,sustained_proximity_estimate
UPDATED,NDI: SHINJAN (shinjan-pc) [Q1],72dd5b08-3bf1-4c65-bb3e-a4c3f1a443d6,unknown_track_9,2026-07-23T07:58:18.050+00:00,2026-07-23T07:58:20.616+00:00,2.566,1.2454,sustained_proximity_estimate
UPDATED,NDI: SHINJAN (shinjan-pc) [Q1],unknown_track_5,unknown_track_9,2026-07-23T07:58:18.050+00:00,2026-07-23T07:58:20.616+00:00,2.566,1.4047,sustained_proximity_estimate
ENDED,NDI: SHINJAN (shinjan-pc) [Q2],72dd5b08-3bf1-4c65-bb3e-a4c3f1a443d6,b20659d6-0ffd-4647-bd8e-b9140be6c652,2026-07-23T07:58:18.050+00:00,2026-07-23T07:58:20.616+00:00,2.566,1.6471,sustained_proximity_estimate
ENDED,NDI: SHINJAN (shinjan-pc) [Q2],72dd5b08-3bf1-4c65-bb3e-a4c3f1a443d6,unknown_track_30,2026-07-23T07:58:18.050+00:00,2026-07-23T07:58:20.616+00:00,2.566,0.5222,sustained_proximity_estimate
ENDED,NDI: SHINJAN (shinjan-pc) [Q2],b20659d6-0ffd-4647-bd8e-b9140be6c652,unknown_track_30,2026-07-23T07:58:18.050+00:00,2026-07-23T07:58:20.616+00:00,2.566,2.0746,sustained_proximity_estimate
ENDED,NDI: SHINJAN (shinjan-pc) [Q1],72dd5b08-3bf1-4c65-bb3e-a4c3f1a443d6,unknown_track_5,2026-07-23T07:58:18.050+00:00,2026-07-23T07:58:20.616+00:00,2.566,1.4152,sustained_proximity_estimate
ENDED,NDI: SHINJAN (shinjan-pc) [Q1],72dd5b08-3bf1-4c65-bb3e-a4c3f1a443d6,unknown_track_9,2026-07-23T07:58:18.050+00:00,2026-07-23T07:58:20.616+00:00,2.566,1.2454,sustained_proximity_estimate
ENDED,NDI: SHINJAN (shinjan-pc) [Q1],unknown_track_5,unknown_track_9,2026-07-23T07:58:18.050+00:00,2026-07-23T07:58:20.616+00:00,2.566,1.4047,sustained_proximity_estimate
STARTED,NDI: SHINJAN (shinjan-pc) [Q2],72dd5b08-3bf1-4c65-bb3e-a4c3f1a443d6,b20659d6-0ffd-4647-bd8e-b9140be6c652,2026-07-23T07:58:24.060+00:00,2026-07-23T07:58:25.482+00:00,1.422,1.6007,sustained_proximity_estimate
STARTED,NDI: SHINJAN (shinjan-pc) [Q2],72dd5b08-3bf1-4c65-bb3e-a4c3f1a443d6,unknown_track_30,2026-07-23T07:58:24.060+00:00,2026-07-23T07:58:25.482+00:00,1.422,0.5319,sustained_proximity_estimate
STARTED,NDI: SHINJAN (shinjan-pc) [Q1],unknown_track_5,unknown_track_9,2026-07-23T07:58:24.060+00:00,2026-07-23T07:58:25.482+00:00,1.422,1.4347,sustained_proximity_estimate
UPDATED,NDI: SHINJAN (shinjan-pc) [Q2],72dd5b08-3bf1-4c65-bb3e-a4c3f1a443d6,b20659d6-0ffd-4647-bd8e-b9140be6c652,2026-07-23T07:58:24.060+00:00,2026-07-23T07:58:26.128+00:00,2.068,1.6020,sustained_proximity_estimate
UPDATED,NDI: SHINJAN (shinjan-pc) [Q2],72dd5b08-3bf1-4c65-bb3e-a4c3f1a443d6,unknown_track_30,2026-07-23T07:58:24.060+00:00,2026-07-23T07:58:26.128+00:00,2.068,0.5241,sustained_proximity_estimate
UPDATED,NDI: SHINJAN (shinjan-pc) [Q1],unknown_track_5,unknown_track_9,2026-07-23T07:58:24.060+00:00,2026-07-23T07:58:26.128+00:00,2.068,1.4154,sustained_proximity_estimate
UPDATED,NDI: SHINJAN (shinjan-pc) [Q2],72dd5b08-3bf1-4c65-bb3e-a4c3f1a443d6,b20659d6-0ffd-4647-bd8e-b9140be6c652,2026-07-23T07:58:24.060+00:00,2026-07-23T07:58:26.810+00:00,2.750,1.6049,sustained_proximity_estimate
UPDATED,NDI: SHINJAN (shinjan-pc) [Q2],72dd5b08-3bf1-4c65-bb3e-a4c3f1a443d6,unknown_track_30,2026-07-23T07:58:24.060+00:00,2026-07-23T07:58:26.810+00:00,2.750,0.5148,sustained_proximity_estimate
STARTED,NDI: SHINJAN (shinjan-pc) [Q1],72dd5b08-3bf1-4c65-bb3e-a4c3f1a443d6,unknown_track_5,2026-07-23T07:58:25.482+00:00,2026-07-23T07:58:26.810+00:00,1.328,1.3197,sustained_proximity_estimate
STARTED,NDI: SHINJAN (shinjan-pc) [Q1],72dd5b08-3bf1-4c65-bb3e-a4c3f1a443d6,unknown_track_9,2026-07-23T07:58:25.482+00:00,2026-07-23T07:58:26.810+00:00,1.328,1.4943,sustained_proximity_estimate
UPDATED,NDI: SHINJAN (shinjan-pc) [Q1],unknown_track_5,unknown_track_9,2026-07-23T07:58:24.060+00:00,2026-07-23T07:58:26.810+00:00,2.750,1.3947,sustained_proximity_estimate
ENDED,NDI: SHINJAN (shinjan-pc) [Q2],72dd5b08-3bf1-4c65-bb3e-a4c3f1a443d6,b20659d6-0ffd-4647-bd8e-b9140be6c652,2026-07-23T07:58:24.060+00:00,2026-07-23T07:58:26.810+00:00,2.750,1.6049,sustained_proximity_estimate
ENDED,NDI: SHINJAN (shinjan-pc) [Q2],72dd5b08-3bf1-4c65-bb3e-a4c3f1a443d6,unknown_track_30,2026-07-23T07:58:24.060+00:00,2026-07-23T07:58:26.810+00:00,2.750,0.5148,sustained_proximity_estimate
ENDED,NDI: SHINJAN (shinjan-pc) [Q1],72dd5b08-3bf1-4c65-bb3e-a4c3f1a443d6,unknown_track_5,2026-07-23T07:58:25.482+00:00,2026-07-23T07:58:26.810+00:00,1.328,1.3197,sustained_proximity_estimate
ENDED,NDI: SHINJAN (shinjan-pc) [Q1],72dd5b08-3bf1-4c65-bb3e-a4c3f1a443d6,unknown_track_9,2026-07-23T07:58:25.482+00:00,2026-07-23T07:58:26.810+00:00,1.328,1.4943,sustained_proximity_estimate
ENDED,NDI: SHINJAN (shinjan-pc) [Q1],unknown_track_5,unknown_track_9,2026-07-23T07:58:24.060+00:00,2026-07-23T07:58:26.810+00:00,2.750,1.3947,sustained_proximity_estimate
