event,camera,person_a,person_b,started_at,event_at,duration_seconds,normalized_distance,method
STARTED,NDI: SHINJAN (shinjan-pc) [Q1],unknown_track_25,unknown_track_9,2026-07-23T07:46:17.773+00:00,2026-07-23T07:46:19.376+00:00,1.603,1.2045,sustained_proximity_estimate
STARTED,NDI: SHINJAN (shinjan-pc) [Q2],unknown_track_14,unknown_track_22,2026-07-23T07:46:17.773+00:00,2026-07-23T07:46:19.376+00:00,1.603,1.4331,sustained_proximity_estimate
STARTED,NDI: SHINJAN (shinjan-pc) [Q2],unknown_track_14,unknown_track_34,2026-07-23T07:46:17.773+00:00,2026-07-23T07:46:19.376+00:00,1.603,1.2955,sustained_proximity_estimate
STARTED,NDI: SHINJAN (shinjan-pc) [Q2],unknown_track_22,unknown_track_34,2026-07-23T07:46:17.773+00:00,2026-07-23T07:46:19.376+00:00,1.603,1.4442,sustained_proximity_estimate
ENDED,NDI: SHINJAN (shinjan-pc) [Q1],unknown_track_25,unknown_track_9,2026-07-23T07:46:17.773+00:00,2026-07-23T07:46:19.376+00:00,1.603,1.2045,sustained_proximity_estimate
ENDED,NDI: SHINJAN (shinjan-pc) [Q2],unknown_track_14,unknown_track_22,2026-07-23T07:46:17.773+00:00,2026-07-23T07:46:19.376+00:00,1.603,1.4331,sustained_proximity_estimate
ENDED,NDI: SHINJAN (shinjan-pc) [Q2],unknown_track_14,unknown_track_34,2026-07-23T07:46:17.773+00:00,2026-07-23T07:46:19.376+00:00,1.603,1.2955,sustained_proximity_estimate
ENDED,NDI: SHINJAN (shinjan-pc) [Q2],unknown_track_22,unknown_track_34,2026-07-23T07:46:17.773+00:00,2026-07-23T07:46:19.376+00:00,1.603,1.4442,sustained_proximity_estimate
STARTED,NDI: SHINJAN (shinjan-pc) [Q1],unknown_track_25,unknown_track_29,2026-07-23T07:46:26.023+00:00,2026-07-23T07:46:27.775+00:00,1.752,1.1589,sustained_proximity_estimate
STARTED,NDI: SHINJAN (shinjan-pc) [Q1],unknown_track_25,unknown_track_9,2026-07-23T07:46:26.023+00:00,2026-07-23T07:46:27.775+00:00,1.752,1.1209,sustained_proximity_estimate
STARTED,NDI: SHINJAN (shinjan-pc) [Q1],unknown_track_29,unknown_track_9,2026-07-23T07:46:26.023+00:00,2026-07-23T07:46:27.775+00:00,1.752,1.5688,sustained_proximity_estimate
STARTED,NDI: SHINJAN (shinjan-pc) [Q2],unknown_track_14,unknown_track_22,2026-07-23T07:46:26.023+00:00,2026-07-23T07:46:27.775+00:00,1.752,1.2120,sustained_proximity_estimate
STARTED,NDI: SHINJAN (shinjan-pc) [Q2],unknown_track_14,unknown_track_34,2026-07-23T07:46:26.023+00:00,2026-07-23T07:46:27.775+00:00,1.752,1.1642,sustained_proximity_estimate
STARTED,NDI: SHINJAN (shinjan-pc) [Q2],unknown_track_22,unknown_track_34,2026-07-23T07:46:26.023+00:00,2026-07-23T07:46:27.775+00:00,1.752,1.1116,sustained_proximity_estimate
UPDATED,NDI: SHINJAN (shinjan-pc) [Q1],unknown_track_25,unknown_track_29,2026-07-23T07:46:26.023+00:00,2026-07-23T07:46:28.702+00:00,2.679,1.1770,sustained_proximity_estimate
UPDATED,NDI: SHINJAN (shinjan-pc) [Q1],unknown_track_25,unknown_track_9,2026-07-23T07:46:26.023+00:00,2026-07-23T07:46:28.702+00:00,2.679,1.1072,sustained_proximity_estimate
UPDATED,NDI: SHINJAN (shinjan-pc) [Q1],unknown_track_29,unknown_track_9,2026-07-23T07:46:26.023+00:00,2026-07-23T07:46:28.702+00:00,2.679,1.4869,sustained_proximity_estimate
UPDATED,NDI: SHINJAN (shinjan-pc) [Q2],unknown_track_14,unknown_track_22,2026-07-23T07:46:26.023+00:00,2026-07-23T07:46:28.702+00:00,2.679,1.2150,sustained_proximity_estimate
ENDED,NDI: SHINJAN (shinjan-pc) [Q1],unknown_track_25,unknown_track_29,2026-07-23T07:46:26.023+00:00,2026-07-23T07:46:28.702+00:00,2.679,1.1770,sustained_proximity_estimate
ENDED,NDI: SHINJAN (shinjan-pc) [Q1],unknown_track_25,unknown_track_9,2026-07-23T07:46:26.023+00:00,2026-07-23T07:46:28.702+00:00,2.679,1.1072,sustained_proximity_estimate
ENDED,NDI: SHINJAN (shinjan-pc) [Q1],unknown_track_29,unknown_track_9,2026-07-23T07:46:26.023+00:00,2026-07-23T07:46:28.702+00:00,2.679,1.4869,sustained_proximity_estimate
ENDED,NDI: SHINJAN (shinjan-pc) [Q2],unknown_track_14,unknown_track_22,2026-07-23T07:46:26.023+00:00,2026-07-23T07:46:28.702+00:00,2.679,1.2150,sustained_proximity_estimate
ENDED,NDI: SHINJAN (shinjan-pc) [Q2],unknown_track_14,unknown_track_34,2026-07-23T07:46:26.023+00:00,2026-07-23T07:46:27.775+00:00,1.752,1.1642,sustained_proximity_estimate
ENDED,NDI: SHINJAN (shinjan-pc) [Q2],unknown_track_22,unknown_track_34,2026-07-23T07:46:26.023+00:00,2026-07-23T07:46:27.775+00:00,1.752,1.1116,sustained_proximity_estimate
STARTED,NDI: SHINJAN (shinjan-pc) [Q1],unknown_track_25,unknown_track_29,2026-07-23T07:46:33.443+00:00,2026-07-23T07:46:34.787+00:00,1.344,1.0929,sustained_proximity_estimate
STARTED,NDI: SHINJAN (shinjan-pc) [Q1],unknown_track_25,unknown_track_9,2026-07-23T07:46:33.443+00:00,2026-07-23T07:46:34.787+00:00,1.344,1.1719,sustained_proximity_estimate
STARTED,NDI: SHINJAN (shinjan-pc) [Q1],unknown_track_29,unknown_track_9,2026-07-23T07:46:33.443+00:00,2026-07-23T07:46:34.787+00:00,1.344,1.5827,sustained_proximity_estimate
STARTED,NDI: SHINJAN (shinjan-pc) [Q2],unknown_track_14,unknown_track_22,2026-07-23T07:46:33.443+00:00,2026-07-23T07:46:34.787+00:00,1.344,1.2216,sustained_proximity_estimate
STARTED,NDI: SHINJAN (shinjan-pc) [Q2],unknown_track_14,unknown_track_34,2026-07-23T07:46:33.443+00:00,2026-07-23T07:46:34.787+00:00,1.344,1.1681,sustained_proximity_estimate
STARTED,NDI: SHINJAN (shinjan-pc) [Q2],unknown_track_22,unknown_track_34,2026-07-23T07:46:33.443+00:00,2026-07-23T07:46:34.787+00:00,1.344,1.0904,sustained_proximity_estimate
UPDATED,NDI: SHINJAN (shinjan-pc) [Q1],unknown_track_25,unknown_track_29,2026-07-23T07:46:33.443+00:00,2026-07-23T07:46:35.508+00:00,2.065,1.1369,sustained_proximity_estimate
UPDATED,NDI: SHINJAN (shinjan-pc) [Q1],unknown_track_25,unknown_track_9,2026-07-23T07:46:33.443+00:00,2026-07-23T07:46:35.508+00:00,2.065,1.1203,sustained_proximity_estimate
UPDATED,NDI: SHINJAN (shinjan-pc) [Q1],unknown_track_29,unknown_track_9,2026-07-23T07:46:33.443+00:00,2026-07-23T07:46:35.508+00:00,2.065,1.5972,sustained_proximity_estimate
UPDATED,NDI: SHINJAN (shinjan-pc) [Q2],unknown_track_14,unknown_track_22,2026-07-23T07:46:33.443+00:00,2026-07-23T07:46:35.508+00:00,2.065,1.2448,sustained_proximity_estimate
UPDATED,NDI: SHINJAN (shinjan-pc) [Q2],unknown_track_14,unknown_track_34,2026-07-23T07:46:33.443+00:00,2026-07-23T07:46:35.508+00:00,2.065,1.1635,sustained_proximity_estimate
UPDATED,NDI: SHINJAN (shinjan-pc) [Q2],unknown_track_22,unknown_track_34,2026-07-23T07:46:33.443+00:00,2026-07-23T07:46:35.508+00:00,2.065,1.0834,sustained_proximity_estimate
ENDED,NDI: SHINJAN (shinjan-pc) [Q1],unknown_track_25,unknown_track_29,2026-07-23T07:46:33.443+00:00,2026-07-23T07:46:35.508+00:00,2.065,1.1369,sustained_proximity_estimate
ENDED,NDI: SHINJAN (shinjan-pc) [Q1],unknown_track_25,unknown_track_9,2026-07-23T07:46:33.443+00:00,2026-07-23T07:46:35.508+00:00,2.065,1.1203,sustained_proximity_estimate
ENDED,NDI: SHINJAN (shinjan-pc) [Q1],unknown_track_29,unknown_track_9,2026-07-23T07:46:33.443+00:00,2026-07-23T07:46:35.508+00:00,2.065,1.5972,sustained_proximity_estimate
ENDED,NDI: SHINJAN (shinjan-pc) [Q2],unknown_track_14,unknown_track_22,2026-07-23T07:46:33.443+00:00,2026-07-23T07:46:35.508+00:00,2.065,1.2448,sustained_proximity_estimate
ENDED,NDI: SHINJAN (shinjan-pc) [Q2],unknown_track_14,unknown_track_34,2026-07-23T07:46:33.443+00:00,2026-07-23T07:46:35.508+00:00,2.065,1.1635,sustained_proximity_estimate
ENDED,NDI: SHINJAN (shinjan-pc) [Q2],unknown_track_22,unknown_track_34,2026-07-23T07:46:33.443+00:00,2026-07-23T07:46:35.508+00:00,2.065,1.0834,sustained_proximity_estimate
STARTED,NDI: SHINJAN (shinjan-pc) [Q1],unknown_track_25,unknown_track_9,2026-07-23T07:46:38.653+00:00,2026-07-23T07:46:40.017+00:00,1.364,1.1059,sustained_proximity_estimate
STARTED,NDI: SHINJAN (shinjan-pc) [Q2],unknown_track_14,unknown_track_22,2026-07-23T07:46:38.653+00:00,2026-07-23T07:46:40.017+00:00,1.364,1.2407,sustained_proximity_estimate
STARTED,NDI: SHINJAN (shinjan-pc) [Q2],unknown_track_14,unknown_track_34,2026-07-23T07:46:38.653+00:00,2026-07-23T07:46:40.017+00:00,1.364,1.1695,sustained_proximity_estimate
STARTED,NDI: SHINJAN (shinjan-pc) [Q2],unknown_track_22,unknown_track_34,2026-07-23T07:46:38.653+00:00,2026-07-23T07:46:40.017+00:00,1.364,1.1227,sustained_proximity_estimate
UPDATED,NDI: SHINJAN (shinjan-pc) [Q1],unknown_track_25,unknown_track_9,2026-07-23T07:46:38.653+00:00,2026-07-23T07:46:40.664+00:00,2.011,1.1099,sustained_proximity_estimate
UPDATED,NDI: SHINJAN (shinjan-pc) [Q2],unknown_track_14,unknown_track_22,2026-07-23T07:46:38.653+00:00,2026-07-23T07:46:40.664+00:00,2.011,1.2340,sustained_proximity_estimate
UPDATED,NDI: SHINJAN (shinjan-pc) [Q2],unknown_track_14,unknown_track_34,2026-07-23T07:46:38.653+00:00,2026-07-23T07:46:40.664+00:00,2.011,1.1761,sustained_proximity_estimate
UPDATED,NDI: SHINJAN (shinjan-pc) [Q2],unknown_track_22,unknown_track_34,2026-07-23T07:46:38.653+00:00,2026-07-23T07:46:40.664+00:00,2.011,1.1334,sustained_proximity_estimate
UPDATED,NDI: SHINJAN (shinjan-pc) [Q1],unknown_track_25,unknown_track_9,2026-07-23T07:46:38.653+00:00,2026-07-23T07:46:41.341+00:00,2.688,1.1144,sustained_proximity_estimate
UPDATED,NDI: SHINJAN (shinjan-pc) [Q2],unknown_track_22,unknown_track_34,2026-07-23T07:46:38.653+00:00,2026-07-23T07:46:41.341+00:00,2.688,1.1072,sustained_proximity_estimate
ENDED,NDI: SHINJAN (shinjan-pc) [Q1],unknown_track_25,unknown_track_9,2026-07-23T07:46:38.653+00:00,2026-07-23T07:46:41.341+00:00,2.688,1.1144,sustained_proximity_estimate
ENDED,NDI: SHINJAN (shinjan-pc) [Q2],unknown_track_14,unknown_track_22,2026-07-23T07:46:38.653+00:00,2026-07-23T07:46:40.664+00:00,2.011,1.2340,sustained_proximity_estimate
ENDED,NDI: SHINJAN (shinjan-pc) [Q2],unknown_track_14,unknown_track_34,2026-07-23T07:46:38.653+00:00,2026-07-23T07:46:40.664+00:00,2.011,1.1761,sustained_proximity_estimate
ENDED,NDI: SHINJAN (shinjan-pc) [Q2],unknown_track_22,unknown_track_34,2026-07-23T07:46:38.653+00:00,2026-07-23T07:46:41.341+00:00,2.688,1.1072,sustained_proximity_estimate
STARTED,NDI: SHINJAN (shinjan-pc) [Q1],unknown_track_25,unknown_track_29,2026-07-23T07:46:44.340+00:00,2026-07-23T07:46:45.621+00:00,1.281,1.1664,sustained_proximity_estimate
STARTED,NDI: SHINJAN (shinjan-pc) [Q1],unknown_track_25,unknown_track_53,2026-07-23T07:46:44.340+00:00,2026-07-23T07:46:45.621+00:00,1.281,0.4604,sustained_proximity_estimate
STARTED,NDI: SHINJAN (shinjan-pc) [Q1],unknown_track_25,unknown_track_9,2026-07-23T07:46:44.340+00:00,2026-07-23T07:46:45.621+00:00,1.281,1.1277,sustained_proximity_estimate
STARTED,NDI: SHINJAN (shinjan-pc) [Q1],unknown_track_29,unknown_track_53,2026-07-23T07:46:44.340+00:00,2026-07-23T07:46:45.621+00:00,1.281,0.9370,sustained_proximity_estimate
STARTED,NDI: SHINJAN (shinjan-pc) [Q1],unknown_track_29,unknown_track_9,2026-07-23T07:46:44.340+00:00,2026-07-23T07:46:45.621+00:00,1.281,1.6210,sustained_proximity_estimate
STARTED,NDI: SHINJAN (shinjan-pc) [Q1],unknown_track_53,unknown_track_9,2026-07-23T07:46:44.340+00:00,2026-07-23T07:46:45.621+00:00,1.281,1.4573,sustained_proximity_estimate
STARTED,NDI: SHINJAN (shinjan-pc) [Q2],b20659d6-0ffd-4647-bd8e-b9140be6c652,unknown_track_22,2026-07-23T07:46:44.340+00:00,2026-07-23T07:46:45.621+00:00,1.281,1.2594,sustained_proximity_estimate
STARTED,NDI: SHINJAN (shinjan-pc) [Q2],b20659d6-0ffd-4647-bd8e-b9140be6c652,unknown_track_34,2026-07-23T07:46:44.340+00:00,2026-07-23T07:46:45.621+00:00,1.281,1.1573,sustained_proximity_estimate
STARTED,NDI: SHINJAN (shinjan-pc) [Q2],unknown_track_22,unknown_track_34,2026-07-23T07:46:44.340+00:00,2026-07-23T07:46:45.621+00:00,1.281,1.0686,sustained_proximity_estimate
UPDATED,NDI: SHINJAN (shinjan-pc) [Q1],unknown_track_25,unknown_track_29,2026-07-23T07:46:44.340+00:00,2026-07-23T07:46:46.319+00:00,1.979,1.1715,sustained_proximity_estimate
UPDATED,NDI: SHINJAN (shinjan-pc) [Q1],unknown_track_25,unknown_track_9,2026-07-23T07:46:44.340+00:00,2026-07-23T07:46:46.319+00:00,1.979,1.1330,sustained_proximity_estimate
UPDATED,NDI: SHINJAN (shinjan-pc) [Q1],unknown_track_29,unknown_track_9,2026-07-23T07:46:44.340+00:00,2026-07-23T07:46:46.319+00:00,1.979,1.6096,sustained_proximity_estimate
UPDATED,NDI: SHINJAN (shinjan-pc) [Q2],b20659d6-0ffd-4647-bd8e-b9140be6c652,unknown_track_22,2026-07-23T07:46:44.340+00:00,2026-07-23T07:46:46.319+00:00,1.979,1.2368,sustained_proximity_estimate
UPDATED,NDI: SHINJAN (shinjan-pc) [Q2],b20659d6-0ffd-4647-bd8e-b9140be6c652,unknown_track_34,2026-07-23T07:46:44.340+00:00,2026-07-23T07:46:46.319+00:00,1.979,1.1533,sustained_proximity_estimate
UPDATED,NDI: SHINJAN (shinjan-pc) [Q2],unknown_track_22,unknown_track_34,2026-07-23T07:46:44.340+00:00,2026-07-23T07:46:46.319+00:00,1.979,1.0882,sustained_proximity_estimate
ENDED,NDI: SHINJAN (shinjan-pc) [Q1],unknown_track_25,unknown_track_53,2026-07-23T07:46:44.340+00:00,2026-07-23T07:46:45.621+00:00,1.281,0.4604,sustained_proximity_estimate
ENDED,NDI: SHINJAN (shinjan-pc) [Q1],unknown_track_29,unknown_track_53,2026-07-23T07:46:44.340+00:00,2026-07-23T07:46:45.621+00:00,1.281,0.9370,sustained_proximity_estimate
ENDED,NDI: SHINJAN (shinjan-pc) [Q1],unknown_track_53,unknown_track_9,2026-07-23T07:46:44.340+00:00,2026-07-23T07:46:45.621+00:00,1.281,1.4573,sustained_proximity_estimate
UPDATED,NDI: SHINJAN (shinjan-pc) [Q1],unknown_track_25,unknown_track_29,2026-07-23T07:46:44.340+00:00,2026-07-23T07:46:46.981+00:00,2.641,1.1604,sustained_proximity_estimate
UPDATED,NDI: SHINJAN (shinjan-pc) [Q1],unknown_track_25,unknown_track_9,2026-07-23T07:46:44.340+00:00,2026-07-23T07:46:46.981+00:00,2.641,1.1248,sustained_proximity_estimate
UPDATED,NDI: SHINJAN (shinjan-pc) [Q1],unknown_track_29,unknown_track_9,2026-07-23T07:46:44.340+00:00,2026-07-23T07:46:46.981+00:00,2.641,1.5832,sustained_proximity_estimate
UPDATED,NDI: SHINJAN (shinjan-pc) [Q2],b20659d6-0ffd-4647-bd8e-b9140be6c652,unknown_track_22,2026-07-23T07:46:44.340+00:00,2026-07-23T07:46:46.981+00:00,2.641,1.2396,sustained_proximity_estimate
UPDATED,NDI: SHINJAN (shinjan-pc) [Q2],b20659d6-0ffd-4647-bd8e-b9140be6c652,unknown_track_34,2026-07-23T07:46:44.340+00:00,2026-07-23T07:46:46.981+00:00,2.641,1.1536,sustained_proximity_estimate
UPDATED,NDI: SHINJAN (shinjan-pc) [Q2],unknown_track_22,unknown_track_34,2026-07-23T07:46:44.340+00:00,2026-07-23T07:46:46.981+00:00,2.641,1.0945,sustained_proximity_estimate
ENDED,NDI: SHINJAN (shinjan-pc) [Q1],unknown_track_25,unknown_track_29,2026-07-23T07:46:44.340+00:00,2026-07-23T07:46:46.981+00:00,2.641,1.1604,sustained_proximity_estimate
ENDED,NDI: SHINJAN (shinjan-pc) [Q1],unknown_track_25,unknown_track_9,2026-07-23T07:46:44.340+00:00,2026-07-23T07:46:46.981+00:00,2.641,1.1248,sustained_proximity_estimate
ENDED,NDI: SHINJAN (shinjan-pc) [Q1],unknown_track_29,unknown_track_9,2026-07-23T07:46:44.340+00:00,2026-07-23T07:46:46.981+00:00,2.641,1.5832,sustained_proximity_estimate
ENDED,NDI: SHINJAN (shinjan-pc) [Q2],b20659d6-0ffd-4647-bd8e-b9140be6c652,unknown_track_22,2026-07-23T07:46:44.340+00:00,2026-07-23T07:46:46.981+00:00,2.641,1.2396,sustained_proximity_estimate
ENDED,NDI: SHINJAN (shinjan-pc) [Q2],b20659d6-0ffd-4647-bd8e-b9140be6c652,unknown_track_34,2026-07-23T07:46:44.340+00:00,2026-07-23T07:46:46.981+00:00,2.641,1.1536,sustained_proximity_estimate
ENDED,NDI: SHINJAN (shinjan-pc) [Q2],unknown_track_22,unknown_track_34,2026-07-23T07:46:44.340+00:00,2026-07-23T07:46:46.981+00:00,2.641,1.0945,sustained_proximity_estimate
STARTED,NDI: SHINJAN (shinjan-pc) [Q1],unknown_track_29,unknown_track_53,2026-07-23T07:46:49.646+00:00,2026-07-23T07:46:50.994+00:00,1.348,0.9375,sustained_proximity_estimate
STARTED,NDI: SHINJAN (shinjan-pc) [Q1],unknown_track_29,unknown_track_9,2026-07-23T07:46:49.646+00:00,2026-07-23T07:46:50.994+00:00,1.348,1.6408,sustained_proximity_estimate
STARTED,NDI: SHINJAN (shinjan-pc) [Q1],unknown_track_53,unknown_track_9,2026-07-23T07:46:49.646+00:00,2026-07-23T07:46:50.994+00:00,1.348,1.5857,sustained_proximity_estimate
STARTED,NDI: SHINJAN (shinjan-pc) [Q2],b20659d6-0ffd-4647-bd8e-b9140be6c652,unknown_track_22,2026-07-23T07:46:49.646+00:00,2026-07-23T07:46:50.994+00:00,1.348,1.3650,sustained_proximity_estimate
STARTED,NDI: SHINJAN (shinjan-pc) [Q2],b20659d6-0ffd-4647-bd8e-b9140be6c652,unknown_track_34,2026-07-23T07:46:49.646+00:00,2026-07-23T07:46:50.994+00:00,1.348,1.1509,sustained_proximity_estimate
STARTED,NDI: SHINJAN (shinjan-pc) [Q2],unknown_track_22,unknown_track_34,2026-07-23T07:46:49.646+00:00,2026-07-23T07:46:50.994+00:00,1.348,1.0757,sustained_proximity_estimate
UPDATED,NDI: SHINJAN (shinjan-pc) [Q1],unknown_track_29,unknown_track_53,2026-07-23T07:46:49.646+00:00,2026-07-23T07:46:51.701+00:00,2.055,0.9670,sustained_proximity_estimate
UPDATED,NDI: SHINJAN (shinjan-pc) [Q1],unknown_track_29,unknown_track_9,2026-07-23T07:46:49.646+00:00,2026-07-23T07:46:51.701+00:00,2.055,1.6368,sustained_proximity_estimate
UPDATED,NDI: SHINJAN (shinjan-pc) [Q1],unknown_track_53,unknown_track_9,2026-07-23T07:46:49.646+00:00,2026-07-23T07:46:51.701+00:00,2.055,1.5263,sustained_proximity_estimate
UPDATED,NDI: SHINJAN (shinjan-pc) [Q2],b20659d6-0ffd-4647-bd8e-b9140be6c652,unknown_track_22,2026-07-23T07:46:49.646+00:00,2026-07-23T07:46:51.701+00:00,2.055,1.3053,sustained_proximity_estimate
UPDATED,NDI: SHINJAN (shinjan-pc) [Q2],b20659d6-0ffd-4647-bd8e-b9140be6c652,unknown_track_34,2026-07-23T07:46:49.646+00:00,2026-07-23T07:46:51.701+00:00,2.055,1.1723,sustained_proximity_estimate
UPDATED,NDI: SHINJAN (shinjan-pc) [Q2],unknown_track_22,unknown_track_34,2026-07-23T07:46:49.646+00:00,2026-07-23T07:46:51.701+00:00,2.055,1.0756,sustained_proximity_estimate
UPDATED,NDI: SHINJAN (shinjan-pc) [Q1],unknown_track_29,unknown_track_53,2026-07-23T07:46:49.646+00:00,2026-07-23T07:46:52.554+00:00,2.908,0.9776,sustained_proximity_estimate
UPDATED,NDI: SHINJAN (shinjan-pc) [Q1],unknown_track_29,unknown_track_9,2026-07-23T07:46:49.646+00:00,2026-07-23T07:46:52.554+00:00,2.908,1.6408,sustained_proximity_estimate
UPDATED,NDI: SHINJAN (shinjan-pc) [Q1],unknown_track_53,unknown_track_9,2026-07-23T07:46:49.646+00:00,2026-07-23T07:46:52.554+00:00,2.908,1.4811,sustained_proximity_estimate
UPDATED,NDI: SHINJAN (shinjan-pc) [Q2],b20659d6-0ffd-4647-bd8e-b9140be6c652,unknown_track_22,2026-07-23T07:46:49.646+00:00,2026-07-23T07:46:52.554+00:00,2.908,1.2971,sustained_proximity_estimate
UPDATED,NDI: SHINJAN (shinjan-pc) [Q2],b20659d6-0ffd-4647-bd8e-b9140be6c652,unknown_track_34,2026-07-23T07:46:49.646+00:00,2026-07-23T07:46:52.554+00:00,2.908,1.1653,sustained_proximity_estimate
UPDATED,NDI: SHINJAN (shinjan-pc) [Q2],unknown_track_22,unknown_track_34,2026-07-23T07:46:49.646+00:00,2026-07-23T07:46:52.554+00:00,2.908,1.0666,sustained_proximity_estimate
ENDED,NDI: SHINJAN (shinjan-pc) [Q1],unknown_track_29,unknown_track_53,2026-07-23T07:46:49.646+00:00,2026-07-23T07:46:52.554+00:00,2.908,0.9776,sustained_proximity_estimate
ENDED,NDI: SHINJAN (shinjan-pc) [Q1],unknown_track_29,unknown_track_9,2026-07-23T07:46:49.646+00:00,2026-07-23T07:46:52.554+00:00,2.908,1.6408,sustained_proximity_estimate
ENDED,NDI: SHINJAN (shinjan-pc) [Q1],unknown_track_53,unknown_track_9,2026-07-23T07:46:49.646+00:00,2026-07-23T07:46:52.554+00:00,2.908,1.4811,sustained_proximity_estimate
ENDED,NDI: SHINJAN (shinjan-pc) [Q2],b20659d6-0ffd-4647-bd8e-b9140be6c652,unknown_track_22,2026-07-23T07:46:49.646+00:00,2026-07-23T07:46:52.554+00:00,2.908,1.2971,sustained_proximity_estimate
ENDED,NDI: SHINJAN (shinjan-pc) [Q2],b20659d6-0ffd-4647-bd8e-b9140be6c652,unknown_track_34,2026-07-23T07:46:49.646+00:00,2026-07-23T07:46:52.554+00:00,2.908,1.1653,sustained_proximity_estimate
ENDED,NDI: SHINJAN (shinjan-pc) [Q2],unknown_track_22,unknown_track_34,2026-07-23T07:46:49.646+00:00,2026-07-23T07:46:52.554+00:00,2.908,1.0666,sustained_proximity_estimate
STARTED,NDI: SHINJAN (shinjan-pc) [Q1],unknown_track_25,unknown_track_29,2026-07-23T07:46:55.879+00:00,2026-07-23T07:46:57.187+00:00,1.308,1.1505,sustained_proximity_estimate
STARTED,NDI: SHINJAN (shinjan-pc) [Q1],unknown_track_25,unknown_track_9,2026-07-23T07:46:55.879+00:00,2026-07-23T07:46:57.187+00:00,1.308,0.9944,sustained_proximity_estimate
STARTED,NDI: SHINJAN (shinjan-pc) [Q1],unknown_track_29,unknown_track_9,2026-07-23T07:46:55.879+00:00,2026-07-23T07:46:57.187+00:00,1.308,1.3047,sustained_proximity_estimate
STARTED,NDI: SHINJAN (shinjan-pc) [Q2],b20659d6-0ffd-4647-bd8e-b9140be6c652,unknown_track_22,2026-07-23T07:46:55.879+00:00,2026-07-23T07:46:57.187+00:00,1.308,1.0655,sustained_proximity_estimate
STARTED,NDI: SHINJAN (shinjan-pc) [Q2],b20659d6-0ffd-4647-bd8e-b9140be6c652,unknown_track_34,2026-07-23T07:46:55.879+00:00,2026-07-23T07:46:57.187+00:00,1.308,1.0024,sustained_proximity_estimate
STARTED,NDI: SHINJAN (shinjan-pc) [Q2],unknown_track_22,unknown_track_34,2026-07-23T07:46:55.879+00:00,2026-07-23T07:46:57.187+00:00,1.308,1.0399,sustained_proximity_estimate
UPDATED,NDI: SHINJAN (shinjan-pc) [Q1],unknown_track_25,unknown_track_29,2026-07-23T07:46:55.879+00:00,2026-07-23T07:46:57.823+00:00,1.944,1.1351,sustained_proximity_estimate
UPDATED,NDI: SHINJAN (shinjan-pc) [Q1],unknown_track_25,unknown_track_9,2026-07-23T07:46:55.879+00:00,2026-07-23T07:46:57.823+00:00,1.944,0.9999,sustained_proximity_estimate
UPDATED,NDI: SHINJAN (shinjan-pc) [Q1],unknown_track_29,unknown_track_9,2026-07-23T07:46:55.879+00:00,2026-07-23T07:46:57.823+00:00,1.944,1.3043,sustained_proximity_estimate
UPDATED,NDI: SHINJAN (shinjan-pc) [Q2],b20659d6-0ffd-4647-bd8e-b9140be6c652,unknown_track_22,2026-07-23T07:46:55.879+00:00,2026-07-23T07:46:57.823+00:00,1.944,1.0436,sustained_proximity_estimate
UPDATED,NDI: SHINJAN (shinjan-pc) [Q2],b20659d6-0ffd-4647-bd8e-b9140be6c652,unknown_track_34,2026-07-23T07:46:55.879+00:00,2026-07-23T07:46:57.823+00:00,1.944,1.0013,sustained_proximity_estimate
UPDATED,NDI: SHINJAN (shinjan-pc) [Q2],unknown_track_22,unknown_track_34,2026-07-23T07:46:55.879+00:00,2026-07-23T07:46:57.823+00:00,1.944,1.0443,sustained_proximity_estimate
UPDATED,NDI: SHINJAN (shinjan-pc) [Q1],unknown_track_25,unknown_track_29,2026-07-23T07:46:55.879+00:00,2026-07-23T07:46:58.509+00:00,2.630,1.1449,sustained_proximity_estimate
UPDATED,NDI: SHINJAN (shinjan-pc) [Q1],unknown_track_25,unknown_track_9,2026-07-23T07:46:55.879+00:00,2026-07-23T07:46:58.509+00:00,2.630,1.0019,sustained_proximity_estimate
UPDATED,NDI: SHINJAN (shinjan-pc) [Q1],unknown_track_29,unknown_track_9,2026-07-23T07:46:55.879+00:00,2026-07-23T07:46:58.509+00:00,2.630,1.3107,sustained_proximity_estimate
UPDATED,NDI: SHINJAN (shinjan-pc) [Q2],b20659d6-0ffd-4647-bd8e-b9140be6c652,unknown_track_22,2026-07-23T07:46:55.879+00:00,2026-07-23T07:46:58.509+00:00,2.630,1.0586,sustained_proximity_estimate
UPDATED,NDI: SHINJAN (shinjan-pc) [Q2],b20659d6-0ffd-4647-bd8e-b9140be6c652,unknown_track_34,2026-07-23T07:46:55.879+00:00,2026-07-23T07:46:58.509+00:00,2.630,1.0030,sustained_proximity_estimate
UPDATED,NDI: SHINJAN (shinjan-pc) [Q2],unknown_track_22,unknown_track_34,2026-07-23T07:46:55.879+00:00,2026-07-23T07:46:58.509+00:00,2.630,1.0538,sustained_proximity_estimate
ENDED,NDI: SHINJAN (shinjan-pc) [Q1],unknown_track_25,unknown_track_29,2026-07-23T07:46:55.879+00:00,2026-07-23T07:46:58.509+00:00,2.630,1.1449,sustained_proximity_estimate
ENDED,NDI: SHINJAN (shinjan-pc) [Q1],unknown_track_25,unknown_track_9,2026-07-23T07:46:55.879+00:00,2026-07-23T07:46:58.509+00:00,2.630,1.0019,sustained_proximity_estimate
ENDED,NDI: SHINJAN (shinjan-pc) [Q1],unknown_track_29,unknown_track_9,2026-07-23T07:46:55.879+00:00,2026-07-23T07:46:58.509+00:00,2.630,1.3107,sustained_proximity_estimate
ENDED,NDI: SHINJAN (shinjan-pc) [Q2],b20659d6-0ffd-4647-bd8e-b9140be6c652,unknown_track_22,2026-07-23T07:46:55.879+00:00,2026-07-23T07:46:58.509+00:00,2.630,1.0586,sustained_proximity_estimate
ENDED,NDI: SHINJAN (shinjan-pc) [Q2],b20659d6-0ffd-4647-bd8e-b9140be6c652,unknown_track_34,2026-07-23T07:46:55.879+00:00,2026-07-23T07:46:58.509+00:00,2.630,1.0030,sustained_proximity_estimate
ENDED,NDI: SHINJAN (shinjan-pc) [Q2],unknown_track_22,unknown_track_34,2026-07-23T07:46:55.879+00:00,2026-07-23T07:46:58.509+00:00,2.630,1.0538,sustained_proximity_estimate
STARTED,NDI: SHINJAN (shinjan-pc) [Q1],unknown_track_29,unknown_track_9,2026-07-23T07:47:01.863+00:00,2026-07-23T07:47:03.349+00:00,1.486,1.3268,sustained_proximity_estimate
STARTED,NDI: SHINJAN (shinjan-pc) [Q2],b20659d6-0ffd-4647-bd8e-b9140be6c652,unknown_track_22,2026-07-23T07:47:01.863+00:00,2026-07-23T07:47:03.349+00:00,1.486,1.3602,sustained_proximity_estimate
STARTED,NDI: SHINJAN (shinjan-pc) [Q2],b20659d6-0ffd-4647-bd8e-b9140be6c652,unknown_track_34,2026-07-23T07:47:01.863+00:00,2026-07-23T07:47:03.349+00:00,1.486,1.1605,sustained_proximity_estimate
STARTED,NDI: SHINJAN (shinjan-pc) [Q2],unknown_track_22,unknown_track_34,2026-07-23T07:47:01.863+00:00,2026-07-23T07:47:03.349+00:00,1.486,1.0761,sustained_proximity_estimate
UPDATED,NDI: SHINJAN (shinjan-pc) [Q1],unknown_track_29,unknown_track_9,2026-07-23T07:47:01.863+00:00,2026-07-23T07:47:03.996+00:00,2.133,1.2866,sustained_proximity_estimate
UPDATED,NDI: SHINJAN (shinjan-pc) [Q2],b20659d6-0ffd-4647-bd8e-b9140be6c652,unknown_track_22,2026-07-23T07:47:01.863+00:00,2026-07-23T07:47:03.996+00:00,2.133,1.4284,sustained_proximity_estimate
UPDATED,NDI: SHINJAN (shinjan-pc) [Q2],b20659d6-0ffd-4647-bd8e-b9140be6c652,unknown_track_34,2026-07-23T07:47:01.863+00:00,2026-07-23T07:47:03.996+00:00,2.133,1.1812,sustained_proximity_estimate
UPDATED,NDI: SHINJAN (shinjan-pc) [Q2],unknown_track_22,unknown_track_34,2026-07-23T07:47:01.863+00:00,2026-07-23T07:47:03.996+00:00,2.133,1.0830,sustained_proximity_estimate
STARTED,NDI: SHINJAN (shinjan-pc) [Q1],unknown_track_29,unknown_track_53,2026-07-23T07:47:03.349+00:00,2026-07-23T07:47:04.674+00:00,1.325,0.9602,sustained_proximity_estimate
UPDATED,NDI: SHINJAN (shinjan-pc) [Q2],b20659d6-0ffd-4647-bd8e-b9140be6c652,unknown_track_22,2026-07-23T07:47:01.863+00:00,2026-07-23T07:47:04.674+00:00,2.811,1.4032,sustained_proximity_estimate
UPDATED,NDI: SHINJAN (shinjan-pc) [Q2],b20659d6-0ffd-4647-bd8e-b9140be6c652,unknown_track_34,2026-07-23T07:47:01.863+00:00,2026-07-23T07:47:04.674+00:00,2.811,1.1925,sustained_proximity_estimate
UPDATED,NDI: SHINJAN (shinjan-pc) [Q2],unknown_track_22,unknown_track_34,2026-07-23T07:47:01.863+00:00,2026-07-23T07:47:04.674+00:00,2.811,1.0763,sustained_proximity_estimate
ENDED,NDI: SHINJAN (shinjan-pc) [Q1],unknown_track_29,unknown_track_53,2026-07-23T07:47:03.349+00:00,2026-07-23T07:47:04.674+00:00,1.325,0.9602,sustained_proximity_estimate
ENDED,NDI: SHINJAN (shinjan-pc) [Q1],unknown_track_29,unknown_track_9,2026-07-23T07:47:01.863+00:00,2026-07-23T07:47:03.996+00:00,2.133,1.2866,sustained_proximity_estimate
ENDED,NDI: SHINJAN (shinjan-pc) [Q2],b20659d6-0ffd-4647-bd8e-b9140be6c652,unknown_track_22,2026-07-23T07:47:01.863+00:00,2026-07-23T07:47:04.674+00:00,2.811,1.4032,sustained_proximity_estimate
ENDED,NDI: SHINJAN (shinjan-pc) [Q2],b20659d6-0ffd-4647-bd8e-b9140be6c652,unknown_track_34,2026-07-23T07:47:01.863+00:00,2026-07-23T07:47:04.674+00:00,2.811,1.1925,sustained_proximity_estimate
ENDED,NDI: SHINJAN (shinjan-pc) [Q2],unknown_track_22,unknown_track_34,2026-07-23T07:47:01.863+00:00,2026-07-23T07:47:04.674+00:00,2.811,1.0763,sustained_proximity_estimate
STARTED,NDI: SHINJAN (shinjan-pc) [Q1],b20659d6-0ffd-4647-bd8e-b9140be6c652,unknown_track_25,2026-07-23T07:47:08.102+00:00,2026-07-23T07:47:09.504+00:00,1.402,1.0564,sustained_proximity_estimate
STARTED,NDI: SHINJAN (shinjan-pc) [Q2],b20659d6-0ffd-4647-bd8e-b9140be6c652,unknown_track_22,2026-07-23T07:47:08.102+00:00,2026-07-23T07:47:09.504+00:00,1.402,1.4088,sustained_proximity_estimate
UPDATED,NDI: SHINJAN (shinjan-pc) [Q1],b20659d6-0ffd-4647-bd8e-b9140be6c652,unknown_track_25,2026-07-23T07:47:08.102+00:00,2026-07-23T07:47:10.177+00:00,2.075,1.0515,sustained_proximity_estimate
STARTED,NDI: SHINJAN (shinjan-pc) [Q1],b20659d6-0ffd-4647-bd8e-b9140be6c652,unknown_track_65,2026-07-23T07:47:08.785+00:00,2026-07-23T07:47:10.177+00:00,1.392,0.7321,sustained_proximity_estimate
STARTED,NDI: SHINJAN (shinjan-pc) [Q1],unknown_track_25,unknown_track_65,2026-07-23T07:47:08.785+00:00,2026-07-23T07:47:10.177+00:00,1.392,0.8288,sustained_proximity_estimate
UPDATED,NDI: SHINJAN (shinjan-pc) [Q2],b20659d6-0ffd-4647-bd8e-b9140be6c652,unknown_track_22,2026-07-23T07:47:08.102+00:00,2026-07-23T07:47:10.177+00:00,2.075,1.4064,sustained_proximity_estimate
UPDATED,NDI: SHINJAN (shinjan-pc) [Q1],b20659d6-0ffd-4647-bd8e-b9140be6c652,unknown_track_25,2026-07-23T07:47:08.102+00:00,2026-07-23T07:47:10.901+00:00,2.799,1.0736,sustained_proximity_estimate
UPDATED,NDI: SHINJAN (shinjan-pc) [Q1],b20659d6-0ffd-4647-bd8e-b9140be6c652,unknown_track_65,2026-07-23T07:47:08.785+00:00,2026-07-23T07:47:10.901+00:00,2.116,0.7279,sustained_proximity_estimate
UPDATED,NDI: SHINJAN (shinjan-pc) [Q1],unknown_track_25,unknown_track_65,2026-07-23T07:47:08.785+00:00,2026-07-23T07:47:10.901+00:00,2.116,0.8355,sustained_proximity_estimate
UPDATED,NDI: SHINJAN (shinjan-pc) [Q2],b20659d6-0ffd-4647-bd8e-b9140be6c652,unknown_track_22,2026-07-23T07:47:08.102+00:00,2026-07-23T07:47:10.901+00:00,2.799,1.3444,sustained_proximity_estimate
ENDED,NDI: SHINJAN (shinjan-pc) [Q1],b20659d6-0ffd-4647-bd8e-b9140be6c652,unknown_track_25,2026-07-23T07:47:08.102+00:00,2026-07-23T07:47:10.901+00:00,2.799,1.0736,sustained_proximity_estimate
ENDED,NDI: SHINJAN (shinjan-pc) [Q1],b20659d6-0ffd-4647-bd8e-b9140be6c652,unknown_track_65,2026-07-23T07:47:08.785+00:00,2026-07-23T07:47:10.901+00:00,2.116,0.7279,sustained_proximity_estimate
ENDED,NDI: SHINJAN (shinjan-pc) [Q1],unknown_track_25,unknown_track_65,2026-07-23T07:47:08.785+00:00,2026-07-23T07:47:10.901+00:00,2.116,0.8355,sustained_proximity_estimate
ENDED,NDI: SHINJAN (shinjan-pc) [Q2],b20659d6-0ffd-4647-bd8e-b9140be6c652,unknown_track_22,2026-07-23T07:47:08.102+00:00,2026-07-23T07:47:10.901+00:00,2.799,1.3444,sustained_proximity_estimate
STARTED,NDI: SHINJAN (shinjan-pc) [Q1],b20659d6-0ffd-4647-bd8e-b9140be6c652,unknown_track_25,2026-07-23T07:47:14.207+00:00,2026-07-23T07:47:15.511+00:00,1.304,1.0582,sustained_proximity_estimate
STARTED,NDI: SHINJAN (shinjan-pc) [Q1],b20659d6-0ffd-4647-bd8e-b9140be6c652,unknown_track_65,2026-07-23T07:47:14.207+00:00,2026-07-23T07:47:15.511+00:00,1.304,0.7096,sustained_proximity_estimate
STARTED,NDI: SHINJAN (shinjan-pc) [Q1],unknown_track_25,unknown_track_65,2026-07-23T07:47:14.207+00:00,2026-07-23T07:47:15.511+00:00,1.304,0.8919,sustained_proximity_estimate
STARTED,NDI: SHINJAN (shinjan-pc) [Q2],b20659d6-0ffd-4647-bd8e-b9140be6c652,unknown_track_22,2026-07-23T07:47:14.207+00:00,2026-07-23T07:47:15.511+00:00,1.304,1.2802,sustained_proximity_estimate
UPDATED,NDI: SHINJAN (shinjan-pc) [Q1],b20659d6-0ffd-4647-bd8e-b9140be6c652,unknown_track_25,2026-07-23T07:47:14.207+00:00,2026-07-23T07:47:16.162+00:00,1.955,1.0452,sustained_proximity_estimate
UPDATED,NDI: SHINJAN (shinjan-pc) [Q1],b20659d6-0ffd-4647-bd8e-b9140be6c652,unknown_track_65,2026-07-23T07:47:14.207+00:00,2026-07-23T07:47:16.162+00:00,1.955,0.6636,sustained_proximity_estimate
UPDATED,NDI: SHINJAN (shinjan-pc) [Q1],unknown_track_25,unknown_track_65,2026-07-23T07:47:14.207+00:00,2026-07-23T07:47:16.162+00:00,1.955,0.9326,sustained_proximity_estimate
UPDATED,NDI: SHINJAN (shinjan-pc) [Q2],b20659d6-0ffd-4647-bd8e-b9140be6c652,unknown_track_22,2026-07-23T07:47:14.207+00:00,2026-07-23T07:47:16.162+00:00,1.955,1.3348,sustained_proximity_estimate
UPDATED,NDI: SHINJAN (shinjan-pc) [Q1],b20659d6-0ffd-4647-bd8e-b9140be6c652,unknown_track_25,2026-07-23T07:47:14.207+00:00,2026-07-23T07:47:16.819+00:00,2.612,1.0854,sustained_proximity_estimate
UPDATED,NDI: SHINJAN (shinjan-pc) [Q1],b20659d6-0ffd-4647-bd8e-b9140be6c652,unknown_track_65,2026-07-23T07:47:14.207+00:00,2026-07-23T07:47:16.819+00:00,2.612,0.6148,sustained_proximity_estimate
UPDATED,NDI: SHINJAN (shinjan-pc) [Q1],unknown_track_25,unknown_track_65,2026-07-23T07:47:14.207+00:00,2026-07-23T07:47:16.819+00:00,2.612,1.0946,sustained_proximity_estimate
UPDATED,NDI: SHINJAN (shinjan-pc) [Q2],b20659d6-0ffd-4647-bd8e-b9140be6c652,unknown_track_22,2026-07-23T07:47:14.207+00:00,2026-07-23T07:47:16.819+00:00,2.612,1.3377,sustained_proximity_estimate
ENDED,NDI: SHINJAN (shinjan-pc) [Q1],b20659d6-0ffd-4647-bd8e-b9140be6c652,unknown_track_25,2026-07-23T07:47:14.207+00:00,2026-07-23T07:47:16.819+00:00,2.612,1.0854,sustained_proximity_estimate
ENDED,NDI: SHINJAN (shinjan-pc) [Q1],b20659d6-0ffd-4647-bd8e-b9140be6c652,unknown_track_65,2026-07-23T07:47:14.207+00:00,2026-07-23T07:47:16.819+00:00,2.612,0.6148,sustained_proximity_estimate
ENDED,NDI: SHINJAN (shinjan-pc) [Q1],unknown_track_25,unknown_track_65,2026-07-23T07:47:14.207+00:00,2026-07-23T07:47:16.819+00:00,2.612,1.0946,sustained_proximity_estimate
ENDED,NDI: SHINJAN (shinjan-pc) [Q2],b20659d6-0ffd-4647-bd8e-b9140be6c652,unknown_track_22,2026-07-23T07:47:14.207+00:00,2026-07-23T07:47:16.819+00:00,2.612,1.3377,sustained_proximity_estimate
STARTED,NDI: SHINJAN (shinjan-pc) [Q1],b20659d6-0ffd-4647-bd8e-b9140be6c652,unknown_track_65,2026-07-23T07:47:19.328+00:00,2026-07-23T07:47:20.816+00:00,1.488,0.8360,sustained_proximity_estimate
STARTED,NDI: SHINJAN (shinjan-pc) [Q2],b20659d6-0ffd-4647-bd8e-b9140be6c652,unknown_track_22,2026-07-23T07:47:19.328+00:00,2026-07-23T07:47:20.816+00:00,1.488,1.5649,sustained_proximity_estimate
UPDATED,NDI: SHINJAN (shinjan-pc) [Q1],b20659d6-0ffd-4647-bd8e-b9140be6c652,unknown_track_65,2026-07-23T07:47:19.328+00:00,2026-07-23T07:47:21.562+00:00,2.234,0.8266,sustained_proximity_estimate
UPDATED,NDI: SHINJAN (shinjan-pc) [Q2],b20659d6-0ffd-4647-bd8e-b9140be6c652,unknown_track_22,2026-07-23T07:47:19.328+00:00,2026-07-23T07:47:21.562+00:00,2.234,1.6281,sustained_proximity_estimate
STARTED,NDI: SHINJAN (shinjan-pc) [Q1],b20659d6-0ffd-4647-bd8e-b9140be6c652,unknown_track_25,2026-07-23T07:47:20.816+00:00,2026-07-23T07:47:22.352+00:00,1.536,1.1848,sustained_proximity_estimate
UPDATED,NDI: SHINJAN (shinjan-pc) [Q1],b20659d6-0ffd-4647-bd8e-b9140be6c652,unknown_track_65,2026-07-23T07:47:19.328+00:00,2026-07-23T07:47:22.352+00:00,3.024,0.6896,sustained_proximity_estimate
STARTED,NDI: SHINJAN (shinjan-pc) [Q1],unknown_track_25,unknown_track_65,2026-07-23T07:47:20.816+00:00,2026-07-23T07:47:22.352+00:00,1.536,1.0599,sustained_proximity_estimate
UPDATED,NDI: SHINJAN (shinjan-pc) [Q2],b20659d6-0ffd-4647-bd8e-b9140be6c652,unknown_track_22,2026-07-23T07:47:19.328+00:00,2026-07-23T07:47:22.352+00:00,3.024,1.6367,sustained_proximity_estimate
ENDED,NDI: SHINJAN (shinjan-pc) [Q1],b20659d6-0ffd-4647-bd8e-b9140be6c652,unknown_track_25,2026-07-23T07:47:20.816+00:00,2026-07-23T07:47:22.352+00:00,1.536,1.1848,sustained_proximity_estimate
ENDED,NDI: SHINJAN (shinjan-pc) [Q1],b20659d6-0ffd-4647-bd8e-b9140be6c652,unknown_track_65,2026-07-23T07:47:19.328+00:00,2026-07-23T07:47:22.352+00:00,3.024,0.6896,sustained_proximity_estimate
ENDED,NDI: SHINJAN (shinjan-pc) [Q1],unknown_track_25,unknown_track_65,2026-07-23T07:47:20.816+00:00,2026-07-23T07:47:22.352+00:00,1.536,1.0599,sustained_proximity_estimate
ENDED,NDI: SHINJAN (shinjan-pc) [Q2],b20659d6-0ffd-4647-bd8e-b9140be6c652,unknown_track_22,2026-07-23T07:47:19.328+00:00,2026-07-23T07:47:22.352+00:00,3.024,1.6367,sustained_proximity_estimate
STARTED,NDI: SHINJAN (shinjan-pc) [Q1],b20659d6-0ffd-4647-bd8e-b9140be6c652,unknown_track_53,2026-07-23T07:47:25.596+00:00,2026-07-23T07:47:27.000+00:00,1.404,1.9879,sustained_proximity_estimate
STARTED,NDI: SHINJAN (shinjan-pc) [Q1],b20659d6-0ffd-4647-bd8e-b9140be6c652,unknown_track_65,2026-07-23T07:47:25.596+00:00,2026-07-23T07:47:27.000+00:00,1.404,0.7236,sustained_proximity_estimate
STARTED,NDI: SHINJAN (shinjan-pc) [Q1],unknown_track_53,unknown_track_65,2026-07-23T07:47:25.596+00:00,2026-07-23T07:47:27.000+00:00,1.404,1.4856,sustained_proximity_estimate
STARTED,NDI: SHINJAN (shinjan-pc) [Q2],b20659d6-0ffd-4647-bd8e-b9140be6c652,unknown_track_22,2026-07-23T07:47:25.596+00:00,2026-07-23T07:47:27.000+00:00,1.404,1.5152,sustained_proximity_estimate
STARTED,NDI: SHINJAN (shinjan-pc) [Q2],b20659d6-0ffd-4647-bd8e-b9140be6c652,unknown_track_34,2026-07-23T07:47:25.596+00:00,2026-07-23T07:47:27.000+00:00,1.404,0.5984,sustained_proximity_estimate
STARTED,NDI: SHINJAN (shinjan-pc) [Q2],unknown_track_22,unknown_track_34,2026-07-23T07:47:25.596+00:00,2026-07-23T07:47:27.000+00:00,1.404,1.5982,sustained_proximity_estimate
UPDATED,NDI: SHINJAN (shinjan-pc) [Q1],b20659d6-0ffd-4647-bd8e-b9140be6c652,unknown_track_53,2026-07-23T07:47:25.596+00:00,2026-07-23T07:47:27.660+00:00,2.064,2.0459,sustained_proximity_estimate
UPDATED,NDI: SHINJAN (shinjan-pc) [Q1],b20659d6-0ffd-4647-bd8e-b9140be6c652,unknown_track_65,2026-07-23T07:47:25.596+00:00,2026-07-23T07:47:27.660+00:00,2.064,0.7051,sustained_proximity_estimate
UPDATED,NDI: SHINJAN (shinjan-pc) [Q1],unknown_track_53,unknown_track_65,2026-07-23T07:47:25.596+00:00,2026-07-23T07:47:27.660+00:00,2.064,1.4816,sustained_proximity_estimate
UPDATED,NDI: SHINJAN (shinjan-pc) [Q2],b20659d6-0ffd-4647-bd8e-b9140be6c652,unknown_track_22,2026-07-23T07:47:25.596+00:00,2026-07-23T07:47:27.660+00:00,2.064,1.5840,sustained_proximity_estimate
UPDATED,NDI: SHINJAN (shinjan-pc) [Q2],b20659d6-0ffd-4647-bd8e-b9140be6c652,unknown_track_34,2026-07-23T07:47:25.596+00:00,2026-07-23T07:47:27.660+00:00,2.064,0.6017,sustained_proximity_estimate
UPDATED,NDI: SHINJAN (shinjan-pc) [Q2],unknown_track_22,unknown_track_34,2026-07-23T07:47:25.596+00:00,2026-07-23T07:47:27.660+00:00,2.064,1.5852,sustained_proximity_estimate
UPDATED,NDI: SHINJAN (shinjan-pc) [Q1],b20659d6-0ffd-4647-bd8e-b9140be6c652,unknown_track_53,2026-07-23T07:47:25.596+00:00,2026-07-23T07:47:28.394+00:00,2.798,1.8203,sustained_proximity_estimate
UPDATED,NDI: SHINJAN (shinjan-pc) [Q1],b20659d6-0ffd-4647-bd8e-b9140be6c652,unknown_track_65,2026-07-23T07:47:25.596+00:00,2026-07-23T07:47:28.394+00:00,2.798,0.7067,sustained_proximity_estimate
UPDATED,NDI: SHINJAN (shinjan-pc) [Q1],unknown_track_53,unknown_track_65,2026-07-23T07:47:25.596+00:00,2026-07-23T07:47:28.394+00:00,2.798,1.3031,sustained_proximity_estimate
UPDATED,NDI: SHINJAN (shinjan-pc) [Q2],b20659d6-0ffd-4647-bd8e-b9140be6c652,unknown_track_22,2026-07-23T07:47:25.596+00:00,2026-07-23T07:47:28.394+00:00,2.798,1.7730,sustained_proximity_estimate
UPDATED,NDI: SHINJAN (shinjan-pc) [Q2],b20659d6-0ffd-4647-bd8e-b9140be6c652,unknown_track_34,2026-07-23T07:47:25.596+00:00,2026-07-23T07:47:28.394+00:00,2.798,0.6180,sustained_proximity_estimate
UPDATED,NDI: SHINJAN (shinjan-pc) [Q2],unknown_track_22,unknown_track_34,2026-07-23T07:47:25.596+00:00,2026-07-23T07:47:28.394+00:00,2.798,1.6986,sustained_proximity_estimate
ENDED,NDI: SHINJAN (shinjan-pc) [Q1],b20659d6-0ffd-4647-bd8e-b9140be6c652,unknown_track_53,2026-07-23T07:47:25.596+00:00,2026-07-23T07:47:28.394+00:00,2.798,1.8203,sustained_proximity_estimate
ENDED,NDI: SHINJAN (shinjan-pc) [Q1],b20659d6-0ffd-4647-bd8e-b9140be6c652,unknown_track_65,2026-07-23T07:47:25.596+00:00,2026-07-23T07:47:28.394+00:00,2.798,0.7067,sustained_proximity_estimate
ENDED,NDI: SHINJAN (shinjan-pc) [Q1],unknown_track_53,unknown_track_65,2026-07-23T07:47:25.596+00:00,2026-07-23T07:47:28.394+00:00,2.798,1.3031,sustained_proximity_estimate
ENDED,NDI: SHINJAN (shinjan-pc) [Q2],b20659d6-0ffd-4647-bd8e-b9140be6c652,unknown_track_22,2026-07-23T07:47:25.596+00:00,2026-07-23T07:47:28.394+00:00,2.798,1.7730,sustained_proximity_estimate
ENDED,NDI: SHINJAN (shinjan-pc) [Q2],b20659d6-0ffd-4647-bd8e-b9140be6c652,unknown_track_34,2026-07-23T07:47:25.596+00:00,2026-07-23T07:47:28.394+00:00,2.798,0.6180,sustained_proximity_estimate
ENDED,NDI: SHINJAN (shinjan-pc) [Q2],unknown_track_22,unknown_track_34,2026-07-23T07:47:25.596+00:00,2026-07-23T07:47:28.394+00:00,2.798,1.6986,sustained_proximity_estimate
STARTED,NDI: SHINJAN (shinjan-pc) [Q1],b20659d6-0ffd-4647-bd8e-b9140be6c652,unknown_track_53,2026-07-23T07:47:32.013+00:00,2026-07-23T07:47:33.547+00:00,1.534,1.5629,sustained_proximity_estimate
STARTED,NDI: SHINJAN (shinjan-pc) [Q1],b20659d6-0ffd-4647-bd8e-b9140be6c652,unknown_track_65,2026-07-23T07:47:32.013+00:00,2026-07-23T07:47:33.547+00:00,1.534,0.8066,sustained_proximity_estimate
STARTED,NDI: SHINJAN (shinjan-pc) [Q1],unknown_track_53,unknown_track_65,2026-07-23T07:47:32.013+00:00,2026-07-23T07:47:33.547+00:00,1.534,1.0076,sustained_proximity_estimate
STARTED,NDI: SHINJAN (shinjan-pc) [Q2],b20659d6-0ffd-4647-bd8e-b9140be6c652,unknown_track_22,2026-07-23T07:47:32.013+00:00,2026-07-23T07:47:33.547+00:00,1.534,1.6001,sustained_proximity_estimate
STARTED,NDI: SHINJAN (shinjan-pc) [Q2],b20659d6-0ffd-4647-bd8e-b9140be6c652,unknown_track_34,2026-07-23T07:47:32.013+00:00,2026-07-23T07:47:33.547+00:00,1.534,0.6532,sustained_proximity_estimate
STARTED,NDI: SHINJAN (shinjan-pc) [Q2],unknown_track_22,unknown_track_34,2026-07-23T07:47:32.013+00:00,2026-07-23T07:47:33.547+00:00,1.534,1.4838,sustained_proximity_estimate
UPDATED,NDI: SHINJAN (shinjan-pc) [Q1],b20659d6-0ffd-4647-bd8e-b9140be6c652,unknown_track_65,2026-07-23T07:47:32.013+00:00,2026-07-23T07:47:34.263+00:00,2.250,0.7406,sustained_proximity_estimate
UPDATED,NDI: SHINJAN (shinjan-pc) [Q2],b20659d6-0ffd-4647-bd8e-b9140be6c652,unknown_track_22,2026-07-23T07:47:32.013+00:00,2026-07-23T07:47:34.263+00:00,2.250,1.6463,sustained_proximity_estimate
UPDATED,NDI: SHINJAN (shinjan-pc) [Q2],b20659d6-0ffd-4647-bd8e-b9140be6c652,unknown_track_34,2026-07-23T07:47:32.013+00:00,2026-07-23T07:47:34.263+00:00,2.250,0.6558,sustained_proximity_estimate
UPDATED,NDI: SHINJAN (shinjan-pc) [Q2],unknown_track_22,unknown_track_34,2026-07-23T07:47:32.013+00:00,2026-07-23T07:47:34.263+00:00,2.250,1.4739,sustained_proximity_estimate
ENDED,NDI: SHINJAN (shinjan-pc) [Q1],b20659d6-0ffd-4647-bd8e-b9140be6c652,unknown_track_53,2026-07-23T07:47:32.013+00:00,2026-07-23T07:47:33.547+00:00,1.534,1.5629,sustained_proximity_estimate
ENDED,NDI: SHINJAN (shinjan-pc) [Q1],unknown_track_53,unknown_track_65,2026-07-23T07:47:32.013+00:00,2026-07-23T07:47:33.547+00:00,1.534,1.0076,sustained_proximity_estimate
UPDATED,NDI: SHINJAN (shinjan-pc) [Q1],b20659d6-0ffd-4647-bd8e-b9140be6c652,unknown_track_65,2026-07-23T07:47:32.013+00:00,2026-07-23T07:47:35.062+00:00,3.049,0.7242,sustained_proximity_estimate
UPDATED,NDI: SHINJAN (shinjan-pc) [Q2],b20659d6-0ffd-4647-bd8e-b9140be6c652,unknown_track_22,2026-07-23T07:47:32.013+00:00,2026-07-23T07:47:35.062+00:00,3.049,1.6879,sustained_proximity_estimate
UPDATED,NDI: SHINJAN (shinjan-pc) [Q2],b20659d6-0ffd-4647-bd8e-b9140be6c652,unknown_track_34,2026-07-23T07:47:32.013+00:00,2026-07-23T07:47:35.062+00:00,3.049,0.9846,sustained_proximity_estimate
UPDATED,NDI: SHINJAN (shinjan-pc) [Q2],unknown_track_22,unknown_track_34,2026-07-23T07:47:32.013+00:00,2026-07-23T07:47:35.062+00:00,3.049,1.8292,sustained_proximity_estimate
ENDED,NDI: SHINJAN (shinjan-pc) [Q1],b20659d6-0ffd-4647-bd8e-b9140be6c652,unknown_track_65,2026-07-23T07:47:32.013+00:00,2026-07-23T07:47:35.062+00:00,3.049,0.7242,sustained_proximity_estimate
ENDED,NDI: SHINJAN (shinjan-pc) [Q2],b20659d6-0ffd-4647-bd8e-b9140be6c652,unknown_track_22,2026-07-23T07:47:32.013+00:00,2026-07-23T07:47:35.062+00:00,3.049,1.6879,sustained_proximity_estimate
ENDED,NDI: SHINJAN (shinjan-pc) [Q2],b20659d6-0ffd-4647-bd8e-b9140be6c652,unknown_track_34,2026-07-23T07:47:32.013+00:00,2026-07-23T07:47:35.062+00:00,3.049,0.9846,sustained_proximity_estimate
ENDED,NDI: SHINJAN (shinjan-pc) [Q2],unknown_track_22,unknown_track_34,2026-07-23T07:47:32.013+00:00,2026-07-23T07:47:35.062+00:00,3.049,1.8292,sustained_proximity_estimate
STARTED,NDI: SHINJAN (shinjan-pc) [Q1],b20659d6-0ffd-4647-bd8e-b9140be6c652,unknown_track_25,2026-07-23T07:47:38.311+00:00,2026-07-23T07:47:39.655+00:00,1.344,1.1662,sustained_proximity_estimate
STARTED,NDI: SHINJAN (shinjan-pc) [Q2],b20659d6-0ffd-4647-bd8e-b9140be6c652,unknown_track_22,2026-07-23T07:47:38.311+00:00,2026-07-23T07:47:39.655+00:00,1.344,1.5685,sustained_proximity_estimate
STARTED,NDI: SHINJAN (shinjan-pc) [Q2],b20659d6-0ffd-4647-bd8e-b9140be6c652,unknown_track_34,2026-07-23T07:47:38.311+00:00,2026-07-23T07:47:39.655+00:00,1.344,1.2035,sustained_proximity_estimate
STARTED,NDI: SHINJAN (shinjan-pc) [Q2],unknown_track_22,unknown_track_34,2026-07-23T07:47:38.311+00:00,2026-07-23T07:47:39.655+00:00,1.344,1.8424,sustained_proximity_estimate
UPDATED,NDI: SHINJAN (shinjan-pc) [Q1],b20659d6-0ffd-4647-bd8e-b9140be6c652,unknown_track_25,2026-07-23T07:47:38.311+00:00,2026-07-23T07:47:40.321+00:00,2.010,1.1864,sustained_proximity_estimate
UPDATED,NDI: SHINJAN (shinjan-pc) [Q2],b20659d6-0ffd-4647-bd8e-b9140be6c652,unknown_track_22,2026-07-23T07:47:38.311+00:00,2026-07-23T07:47:40.321+00:00,2.010,1.5905,sustained_proximity_estimate
UPDATED,NDI: SHINJAN (shinjan-pc) [Q2],b20659d6-0ffd-4647-bd8e-b9140be6c652,unknown_track_34,2026-07-23T07:47:38.311+00:00,2026-07-23T07:47:40.321+00:00,2.010,1.2005,sustained_proximity_estimate
UPDATED,NDI: SHINJAN (shinjan-pc) [Q2],unknown_track_22,unknown_track_34,2026-07-23T07:47:38.311+00:00,2026-07-23T07:47:40.321+00:00,2.010,1.8534,sustained_proximity_estimate
UPDATED,NDI: SHINJAN (shinjan-pc) [Q2],b20659d6-0ffd-4647-bd8e-b9140be6c652,unknown_track_22,2026-07-23T07:47:38.311+00:00,2026-07-23T07:47:40.968+00:00,2.657,1.5991,sustained_proximity_estimate
UPDATED,NDI: SHINJAN (shinjan-pc) [Q2],b20659d6-0ffd-4647-bd8e-b9140be6c652,unknown_track_34,2026-07-23T07:47:38.311+00:00,2026-07-23T07:47:40.968+00:00,2.657,1.2045,sustained_proximity_estimate
UPDATED,NDI: SHINJAN (shinjan-pc) [Q2],unknown_track_22,unknown_track_34,2026-07-23T07:47:38.311+00:00,2026-07-23T07:47:40.968+00:00,2.657,1.8204,sustained_proximity_estimate
ENDED,NDI: SHINJAN (shinjan-pc) [Q1],b20659d6-0ffd-4647-bd8e-b9140be6c652,unknown_track_25,2026-07-23T07:47:38.311+00:00,2026-07-23T07:47:40.321+00:00,2.010,1.1864,sustained_proximity_estimate
ENDED,NDI: SHINJAN (shinjan-pc) [Q2],b20659d6-0ffd-4647-bd8e-b9140be6c652,unknown_track_22,2026-07-23T07:47:38.311+00:00,2026-07-23T07:47:40.968+00:00,2.657,1.5991,sustained_proximity_estimate
ENDED,NDI: SHINJAN (shinjan-pc) [Q2],b20659d6-0ffd-4647-bd8e-b9140be6c652,unknown_track_34,2026-07-23T07:47:38.311+00:00,2026-07-23T07:47:40.968+00:00,2.657,1.2045,sustained_proximity_estimate
ENDED,NDI: SHINJAN (shinjan-pc) [Q2],unknown_track_22,unknown_track_34,2026-07-23T07:47:38.311+00:00,2026-07-23T07:47:40.968+00:00,2.657,1.8204,sustained_proximity_estimate
STARTED,NDI: SHINJAN (shinjan-pc) [Q1],72dd5b08-3bf1-4c65-bb3e-a4c3f1a443d6,b20659d6-0ffd-4647-bd8e-b9140be6c652,2026-07-23T07:47:43.294+00:00,2026-07-23T07:47:44.578+00:00,1.284,1.2186,sustained_proximity_estimate
STARTED,NDI: SHINJAN (shinjan-pc) [Q2],b20659d6-0ffd-4647-bd8e-b9140be6c652,unknown_track_22,2026-07-23T07:47:43.294+00:00,2026-07-23T07:47:44.578+00:00,1.284,1.6231,sustained_proximity_estimate
STARTED,NDI: SHINJAN (shinjan-pc) [Q2],b20659d6-0ffd-4647-bd8e-b9140be6c652,unknown_track_34,2026-07-23T07:47:43.294+00:00,2026-07-23T07:47:44.578+00:00,1.284,1.1775,sustained_proximity_estimate
STARTED,NDI: SHINJAN (shinjan-pc) [Q2],unknown_track_22,unknown_track_34,2026-07-23T07:47:43.294+00:00,2026-07-23T07:47:44.578+00:00,1.284,1.8872,sustained_proximity_estimate
UPDATED,NDI: SHINJAN (shinjan-pc) [Q1],72dd5b08-3bf1-4c65-bb3e-a4c3f1a443d6,b20659d6-0ffd-4647-bd8e-b9140be6c652,2026-07-23T07:47:43.294+00:00,2026-07-23T07:47:45.222+00:00,1.928,1.2333,sustained_proximity_estimate
STARTED,NDI: SHINJAN (shinjan-pc) [Q1],72dd5b08-3bf1-4c65-bb3e-a4c3f1a443d6,unknown_track_65,2026-07-23T07:47:43.929+00:00,2026-07-23T07:47:45.222+00:00,1.293,0.9209,sustained_proximity_estimate
STARTED,NDI: SHINJAN (shinjan-pc) [Q1],b20659d6-0ffd-4647-bd8e-b9140be6c652,unknown_track_65,2026-07-23T07:47:43.929+00:00,2026-07-23T07:47:45.222+00:00,1.293,0.9229,sustained_proximity_estimate
UPDATED,NDI: SHINJAN (shinjan-pc) [Q2],b20659d6-0ffd-4647-bd8e-b9140be6c652,unknown_track_22,2026-07-23T07:47:43.294+00:00,2026-07-23T07:47:45.222+00:00,1.928,1.5894,sustained_proximity_estimate
UPDATED,NDI: SHINJAN (shinjan-pc) [Q2],b20659d6-0ffd-4647-bd8e-b9140be6c652,unknown_track_34,2026-07-23T07:47:43.294+00:00,2026-07-23T07:47:45.222+00:00,1.928,1.1815,sustained_proximity_estimate
UPDATED,NDI: SHINJAN (shinjan-pc) [Q2],unknown_track_22,unknown_track_34,2026-07-23T07:47:43.294+00:00,2026-07-23T07:47:45.222+00:00,1.928,1.8248,sustained_proximity_estimate
UPDATED,NDI: SHINJAN (shinjan-pc) [Q1],72dd5b08-3bf1-4c65-bb3e-a4c3f1a443d6,b20659d6-0ffd-4647-bd8e-b9140be6c652,2026-07-23T07:47:43.294+00:00,2026-07-23T07:47:45.873+00:00,2.579,1.1885,sustained_proximity_estimate
UPDATED,NDI: SHINJAN (shinjan-pc) [Q1],72dd5b08-3bf1-4c65-bb3e-a4c3f1a443d6,unknown_track_65,2026-07-23T07:47:43.929+00:00,2026-07-23T07:47:45.873+00:00,1.944,0.9454,sustained_proximity_estimate
UPDATED,NDI: SHINJAN (shinjan-pc) [Q1],b20659d6-0ffd-4647-bd8e-b9140be6c652,unknown_track_65,2026-07-23T07:47:43.929+00:00,2026-07-23T07:47:45.873+00:00,1.944,0.9474,sustained_proximity_estimate
UPDATED,NDI: SHINJAN (shinjan-pc) [Q2],b20659d6-0ffd-4647-bd8e-b9140be6c652,unknown_track_22,2026-07-23T07:47:43.294+00:00,2026-07-23T07:47:45.873+00:00,2.579,1.5689,sustained_proximity_estimate
UPDATED,NDI: SHINJAN (shinjan-pc) [Q2],b20659d6-0ffd-4647-bd8e-b9140be6c652,unknown_track_34,2026-07-23T07:47:43.294+00:00,2026-07-23T07:47:45.873+00:00,2.579,1.1500,sustained_proximity_estimate
UPDATED,NDI: SHINJAN (shinjan-pc) [Q2],unknown_track_22,unknown_track_34,2026-07-23T07:47:43.294+00:00,2026-07-23T07:47:45.873+00:00,2.579,1.7308,sustained_proximity_estimate
ENDED,NDI: SHINJAN (shinjan-pc) [Q1],72dd5b08-3bf1-4c65-bb3e-a4c3f1a443d6,b20659d6-0ffd-4647-bd8e-b9140be6c652,2026-07-23T07:47:43.294+00:00,2026-07-23T07:47:45.873+00:00,2.579,1.1885,sustained_proximity_estimate
ENDED,NDI: SHINJAN (shinjan-pc) [Q1],72dd5b08-3bf1-4c65-bb3e-a4c3f1a443d6,unknown_track_65,2026-07-23T07:47:43.929+00:00,2026-07-23T07:47:45.873+00:00,1.944,0.9454,sustained_proximity_estimate
ENDED,NDI: SHINJAN (shinjan-pc) [Q1],b20659d6-0ffd-4647-bd8e-b9140be6c652,unknown_track_65,2026-07-23T07:47:43.929+00:00,2026-07-23T07:47:45.873+00:00,1.944,0.9474,sustained_proximity_estimate
ENDED,NDI: SHINJAN (shinjan-pc) [Q2],b20659d6-0ffd-4647-bd8e-b9140be6c652,unknown_track_22,2026-07-23T07:47:43.294+00:00,2026-07-23T07:47:45.873+00:00,2.579,1.5689,sustained_proximity_estimate
ENDED,NDI: SHINJAN (shinjan-pc) [Q2],b20659d6-0ffd-4647-bd8e-b9140be6c652,unknown_track_34,2026-07-23T07:47:43.294+00:00,2026-07-23T07:47:45.873+00:00,2.579,1.1500,sustained_proximity_estimate
ENDED,NDI: SHINJAN (shinjan-pc) [Q2],unknown_track_22,unknown_track_34,2026-07-23T07:47:43.294+00:00,2026-07-23T07:47:45.873+00:00,2.579,1.7308,sustained_proximity_estimate
STARTED,NDI: SHINJAN (shinjan-pc) [Q1],b20659d6-0ffd-4647-bd8e-b9140be6c652,unknown_track_65,2026-07-23T07:47:48.923+00:00,2026-07-23T07:47:50.191+00:00,1.268,0.9536,sustained_proximity_estimate
STARTED,NDI: SHINJAN (shinjan-pc) [Q2],b20659d6-0ffd-4647-bd8e-b9140be6c652,unknown_track_22,2026-07-23T07:47:48.923+00:00,2026-07-23T07:47:50.191+00:00,1.268,1.5235,sustained_proximity_estimate
STARTED,NDI: SHINJAN (shinjan-pc) [Q2],b20659d6-0ffd-4647-bd8e-b9140be6c652,unknown_track_34,2026-07-23T07:47:48.923+00:00,2026-07-23T07:47:50.191+00:00,1.268,1.1498,sustained_proximity_estimate
STARTED,NDI: SHINJAN (shinjan-pc) [Q2],unknown_track_22,unknown_track_34,2026-07-23T07:47:48.923+00:00,2026-07-23T07:47:50.191+00:00,1.268,1.7834,sustained_proximity_estimate
UPDATED,NDI: SHINJAN (shinjan-pc) [Q1],b20659d6-0ffd-4647-bd8e-b9140be6c652,unknown_track_65,2026-07-23T07:47:48.923+00:00,2026-07-23T07:47:50.927+00:00,2.004,0.9463,sustained_proximity_estimate
UPDATED,NDI: SHINJAN (shinjan-pc) [Q2],b20659d6-0ffd-4647-bd8e-b9140be6c652,unknown_track_22,2026-07-23T07:47:48.923+00:00,2026-07-23T07:47:50.927+00:00,2.004,1.5544,sustained_proximity_estimate
UPDATED,NDI: SHINJAN (shinjan-pc) [Q2],b20659d6-0ffd-4647-bd8e-b9140be6c652,unknown_track_34,2026-07-23T07:47:48.923+00:00,2026-07-23T07:47:50.927+00:00,2.004,1.1230,sustained_proximity_estimate
UPDATED,NDI: SHINJAN (shinjan-pc) [Q2],unknown_track_22,unknown_track_34,2026-07-23T07:47:48.923+00:00,2026-07-23T07:47:50.927+00:00,2.004,1.7904,sustained_proximity_estimate
STARTED,NDI: SHINJAN (shinjan-pc) [Q1],72dd5b08-3bf1-4c65-bb3e-a4c3f1a443d6,b20659d6-0ffd-4647-bd8e-b9140be6c652,2026-07-23T07:47:50.191+00:00,2026-07-23T07:47:51.660+00:00,1.469,1.2274,sustained_proximity_estimate
UPDATED,NDI: SHINJAN (shinjan-pc) [Q2],b20659d6-0ffd-4647-bd8e-b9140be6c652,unknown_track_22,2026-07-23T07:47:48.923+00:00,2026-07-23T07:47:51.660+00:00,2.737,1.5387,sustained_proximity_estimate
UPDATED,NDI: SHINJAN (shinjan-pc) [Q2],b20659d6-0ffd-4647-bd8e-b9140be6c652,unknown_track_34,2026-07-23T07:47:48.923+00:00,2026-07-23T07:47:51.660+00:00,2.737,1.0274,sustained_proximity_estimate
UPDATED,NDI: SHINJAN (shinjan-pc) [Q2],unknown_track_22,unknown_track_34,2026-07-23T07:47:48.923+00:00,2026-07-23T07:47:51.660+00:00,2.737,1.6451,sustained_proximity_estimate
ENDED,NDI: SHINJAN (shinjan-pc) [Q1],72dd5b08-3bf1-4c65-bb3e-a4c3f1a443d6,b20659d6-0ffd-4647-bd8e-b9140be6c652,2026-07-23T07:47:50.191+00:00,2026-07-23T07:47:51.660+00:00,1.469,1.2274,sustained_proximity_estimate
ENDED,NDI: SHINJAN (shinjan-pc) [Q1],b20659d6-0ffd-4647-bd8e-b9140be6c652,unknown_track_65,2026-07-23T07:47:48.923+00:00,2026-07-23T07:47:50.927+00:00,2.004,0.9463,sustained_proximity_estimate
ENDED,NDI: SHINJAN (shinjan-pc) [Q2],b20659d6-0ffd-4647-bd8e-b9140be6c652,unknown_track_22,2026-07-23T07:47:48.923+00:00,2026-07-23T07:47:51.660+00:00,2.737,1.5387,sustained_proximity_estimate
ENDED,NDI: SHINJAN (shinjan-pc) [Q2],b20659d6-0ffd-4647-bd8e-b9140be6c652,unknown_track_34,2026-07-23T07:47:48.923+00:00,2026-07-23T07:47:51.660+00:00,2.737,1.0274,sustained_proximity_estimate
ENDED,NDI: SHINJAN (shinjan-pc) [Q2],unknown_track_22,unknown_track_34,2026-07-23T07:47:48.923+00:00,2026-07-23T07:47:51.660+00:00,2.737,1.6451,sustained_proximity_estimate
STARTED,NDI: SHINJAN (shinjan-pc) [Q1],b20659d6-0ffd-4647-bd8e-b9140be6c652,unknown_track_65,2026-07-23T07:47:54.214+00:00,2026-07-23T07:47:55.659+00:00,1.445,1.0277,sustained_proximity_estimate
STARTED,NDI: SHINJAN (shinjan-pc) [Q2],b20659d6-0ffd-4647-bd8e-b9140be6c652,unknown_track_22,2026-07-23T07:47:54.214+00:00,2026-07-23T07:47:55.659+00:00,1.445,1.4966,sustained_proximity_estimate
STARTED,NDI: SHINJAN (shinjan-pc) [Q2],b20659d6-0ffd-4647-bd8e-b9140be6c652,unknown_track_34,2026-07-23T07:47:54.214+00:00,2026-07-23T07:47:55.659+00:00,1.445,1.0312,sustained_proximity_estimate
STARTED,NDI: SHINJAN (shinjan-pc) [Q2],unknown_track_22,unknown_track_34,2026-07-23T07:47:54.214+00:00,2026-07-23T07:47:55.659+00:00,1.445,1.5907,sustained_proximity_estimate
UPDATED,NDI: SHINJAN (shinjan-pc) [Q1],b20659d6-0ffd-4647-bd8e-b9140be6c652,unknown_track_65,2026-07-23T07:47:54.214+00:00,2026-07-23T07:47:56.471+00:00,2.257,1.0012,sustained_proximity_estimate
UPDATED,NDI: SHINJAN (shinjan-pc) [Q2],b20659d6-0ffd-4647-bd8e-b9140be6c652,unknown_track_22,2026-07-23T07:47:54.214+00:00,2026-07-23T07:47:56.471+00:00,2.257,1.4739,sustained_proximity_estimate
UPDATED,NDI: SHINJAN (shinjan-pc) [Q2],b20659d6-0ffd-4647-bd8e-b9140be6c652,unknown_track_34,2026-07-23T07:47:54.214+00:00,2026-07-23T07:47:56.471+00:00,2.257,1.0145,sustained_proximity_estimate
UPDATED,NDI: SHINJAN (shinjan-pc) [Q2],unknown_track_22,unknown_track_34,2026-07-23T07:47:54.214+00:00,2026-07-23T07:47:56.471+00:00,2.257,1.5589,sustained_proximity_estimate
UPDATED,NDI: SHINJAN (shinjan-pc) [Q1],b20659d6-0ffd-4647-bd8e-b9140be6c652,unknown_track_65,2026-07-23T07:47:54.214+00:00,2026-07-23T07:47:57.114+00:00,2.900,1.0048,sustained_proximity_estimate
UPDATED,NDI: SHINJAN (shinjan-pc) [Q2],b20659d6-0ffd-4647-bd8e-b9140be6c652,unknown_track_22,2026-07-23T07:47:54.214+00:00,2026-07-23T07:47:57.114+00:00,2.900,1.5206,sustained_proximity_estimate
UPDATED,NDI: SHINJAN (shinjan-pc) [Q2],b20659d6-0ffd-4647-bd8e-b9140be6c652,unknown_track_34,2026-07-23T07:47:54.214+00:00,2026-07-23T07:47:57.114+00:00,2.900,1.0817,sustained_proximity_estimate
UPDATED,NDI: SHINJAN (shinjan-pc) [Q2],unknown_track_22,unknown_track_34,2026-07-23T07:47:54.214+00:00,2026-07-23T07:47:57.114+00:00,2.900,1.6978,sustained_proximity_estimate
ENDED,NDI: SHINJAN (shinjan-pc) [Q1],b20659d6-0ffd-4647-bd8e-b9140be6c652,unknown_track_65,2026-07-23T07:47:54.214+00:00,2026-07-23T07:47:57.114+00:00,2.900,1.0048,sustained_proximity_estimate
ENDED,NDI: SHINJAN (shinjan-pc) [Q2],b20659d6-0ffd-4647-bd8e-b9140be6c652,unknown_track_22,2026-07-23T07:47:54.214+00:00,2026-07-23T07:47:57.114+00:00,2.900,1.5206,sustained_proximity_estimate
ENDED,NDI: SHINJAN (shinjan-pc) [Q2],b20659d6-0ffd-4647-bd8e-b9140be6c652,unknown_track_34,2026-07-23T07:47:54.214+00:00,2026-07-23T07:47:57.114+00:00,2.900,1.0817,sustained_proximity_estimate
ENDED,NDI: SHINJAN (shinjan-pc) [Q2],unknown_track_22,unknown_track_34,2026-07-23T07:47:54.214+00:00,2026-07-23T07:47:57.114+00:00,2.900,1.6978,sustained_proximity_estimate
STARTED,NDI: SHINJAN (shinjan-pc) [Q1],72dd5b08-3bf1-4c65-bb3e-a4c3f1a443d6,b20659d6-0ffd-4647-bd8e-b9140be6c652,2026-07-23T07:48:00.634+00:00,2026-07-23T07:48:01.950+00:00,1.316,1.1616,sustained_proximity_estimate
STARTED,NDI: SHINJAN (shinjan-pc) [Q1],72dd5b08-3bf1-4c65-bb3e-a4c3f1a443d6,unknown_track_65,2026-07-23T07:48:00.634+00:00,2026-07-23T07:48:01.950+00:00,1.316,1.0344,sustained_proximity_estimate
STARTED,NDI: SHINJAN (shinjan-pc) [Q1],b20659d6-0ffd-4647-bd8e-b9140be6c652,unknown_track_65,2026-07-23T07:48:00.634+00:00,2026-07-23T07:48:01.950+00:00,1.316,0.9557,sustained_proximity_estimate
STARTED,NDI: SHINJAN (shinjan-pc) [Q2],b20659d6-0ffd-4647-bd8e-b9140be6c652,unknown_track_22,2026-07-23T07:48:00.634+00:00,2026-07-23T07:48:01.950+00:00,1.316,1.9050,sustained_proximity_estimate
STARTED,NDI: SHINJAN (shinjan-pc) [Q2],b20659d6-0ffd-4647-bd8e-b9140be6c652,unknown_track_34,2026-07-23T07:48:00.634+00:00,2026-07-23T07:48:01.950+00:00,1.316,0.9460,sustained_proximity_estimate
STARTED,NDI: SHINJAN (shinjan-pc) [Q2],unknown_track_22,unknown_track_34,2026-07-23T07:48:00.634+00:00,2026-07-23T07:48:01.950+00:00,1.316,2.0116,sustained_proximity_estimate
UPDATED,NDI: SHINJAN (shinjan-pc) [Q1],72dd5b08-3bf1-4c65-bb3e-a4c3f1a443d6,b20659d6-0ffd-4647-bd8e-b9140be6c652,2026-07-23T07:48:00.634+00:00,2026-07-23T07:48:02.648+00:00,2.014,1.1896,sustained_proximity_estimate
UPDATED,NDI: SHINJAN (shinjan-pc) [Q1],72dd5b08-3bf1-4c65-bb3e-a4c3f1a443d6,unknown_track_65,2026-07-23T07:48:00.634+00:00,2026-07-23T07:48:02.648+00:00,2.014,1.1209,sustained_proximity_estimate
UPDATED,NDI: SHINJAN (shinjan-pc) [Q1],b20659d6-0ffd-4647-bd8e-b9140be6c652,unknown_track_65,2026-07-23T07:48:00.634+00:00,2026-07-23T07:48:02.648+00:00,2.014,0.9392,sustained_proximity_estimate
UPDATED,NDI: SHINJAN (shinjan-pc) [Q2],b20659d6-0ffd-4647-bd8e-b9140be6c652,unknown_track_34,2026-07-23T07:48:00.634+00:00,2026-07-23T07:48:02.648+00:00,2.014,0.9505,sustained_proximity_estimate
UPDATED,NDI: SHINJAN (shinjan-pc) [Q1],72dd5b08-3bf1-4c65-bb3e-a4c3f1a443d6,b20659d6-0ffd-4647-bd8e-b9140be6c652,2026-07-23T07:48:00.634+00:00,2026-07-23T07:48:03.385+00:00,2.751,1.0701,sustained_proximity_estimate
UPDATED,NDI: SHINJAN (shinjan-pc) [Q1],72dd5b08-3bf1-4c65-bb3e-a4c3f1a443d6,unknown_track_65,2026-07-23T07:48:00.634+00:00,2026-07-23T07:48:03.385+00:00,2.751,1.1622,sustained_proximity_estimate
UPDATED,NDI: SHINJAN (shinjan-pc) [Q1],b20659d6-0ffd-4647-bd8e-b9140be6c652,unknown_track_65,2026-07-23T07:48:00.634+00:00,2026-07-23T07:48:03.385+00:00,2.751,1.0033,sustained_proximity_estimate
ENDED,NDI: SHINJAN (shinjan-pc) [Q2],b20659d6-0ffd-4647-bd8e-b9140be6c652,unknown_track_22,2026-07-23T07:48:00.634+00:00,2026-07-23T07:48:01.950+00:00,1.316,1.9050,sustained_proximity_estimate
ENDED,NDI: SHINJAN (shinjan-pc) [Q2],unknown_track_22,unknown_track_34,2026-07-23T07:48:00.634+00:00,2026-07-23T07:48:01.950+00:00,1.316,2.0116,sustained_proximity_estimate
UPDATED,NDI: SHINJAN (shinjan-pc) [Q2],b20659d6-0ffd-4647-bd8e-b9140be6c652,unknown_track_34,2026-07-23T07:48:00.634+00:00,2026-07-23T07:48:03.385+00:00,2.751,0.9507,sustained_proximity_estimate
ENDED,NDI: SHINJAN (shinjan-pc) [Q1],72dd5b08-3bf1-4c65-bb3e-a4c3f1a443d6,b20659d6-0ffd-4647-bd8e-b9140be6c652,2026-07-23T07:48:00.634+00:00,2026-07-23T07:48:03.385+00:00,2.751,1.0701,sustained_proximity_estimate
ENDED,NDI: SHINJAN (shinjan-pc) [Q1],72dd5b08-3bf1-4c65-bb3e-a4c3f1a443d6,unknown_track_65,2026-07-23T07:48:00.634+00:00,2026-07-23T07:48:03.385+00:00,2.751,1.1622,sustained_proximity_estimate
ENDED,NDI: SHINJAN (shinjan-pc) [Q1],b20659d6-0ffd-4647-bd8e-b9140be6c652,unknown_track_65,2026-07-23T07:48:00.634+00:00,2026-07-23T07:48:03.385+00:00,2.751,1.0033,sustained_proximity_estimate
ENDED,NDI: SHINJAN (shinjan-pc) [Q2],b20659d6-0ffd-4647-bd8e-b9140be6c652,unknown_track_34,2026-07-23T07:48:00.634+00:00,2026-07-23T07:48:03.385+00:00,2.751,0.9507,sustained_proximity_estimate
STARTED,NDI: SHINJAN (shinjan-pc) [Q1],b20659d6-0ffd-4647-bd8e-b9140be6c652,unknown_track_93,2026-07-23T07:48:06.069+00:00,2026-07-23T07:48:07.497+00:00,1.428,1.2270,sustained_proximity_estimate
STARTED,NDI: SHINJAN (shinjan-pc) [Q2],b20659d6-0ffd-4647-bd8e-b9140be6c652,unknown_track_34,2026-07-23T07:48:06.069+00:00,2026-07-23T07:48:07.497+00:00,1.428,0.9543,sustained_proximity_estimate
UPDATED,NDI: SHINJAN (shinjan-pc) [Q1],b20659d6-0ffd-4647-bd8e-b9140be6c652,unknown_track_93,2026-07-23T07:48:06.069+00:00,2026-07-23T07:48:08.147+00:00,2.078,1.2281,sustained_proximity_estimate
UPDATED,NDI: SHINJAN (shinjan-pc) [Q2],b20659d6-0ffd-4647-bd8e-b9140be6c652,unknown_track_34,2026-07-23T07:48:06.069+00:00,2026-07-23T07:48:08.147+00:00,2.078,0.9411,sustained_proximity_estimate
UPDATED,NDI: SHINJAN (shinjan-pc) [Q1],b20659d6-0ffd-4647-bd8e-b9140be6c652,unknown_track_93,2026-07-23T07:48:06.069+00:00,2026-07-23T07:48:08.873+00:00,2.804,1.2696,sustained_proximity_estimate
UPDATED,NDI: SHINJAN (shinjan-pc) [Q2],b20659d6-0ffd-4647-bd8e-b9140be6c652,unknown_track_34,2026-07-23T07:48:06.069+00:00,2026-07-23T07:48:08.873+00:00,2.804,0.9414,sustained_proximity_estimate
ENDED,NDI: SHINJAN (shinjan-pc) [Q1],b20659d6-0ffd-4647-bd8e-b9140be6c652,unknown_track_93,2026-07-23T07:48:06.069+00:00,2026-07-23T07:48:08.873+00:00,2.804,1.2696,sustained_proximity_estimate
ENDED,NDI: SHINJAN (shinjan-pc) [Q2],b20659d6-0ffd-4647-bd8e-b9140be6c652,unknown_track_34,2026-07-23T07:48:06.069+00:00,2026-07-23T07:48:08.873+00:00,2.804,0.9414,sustained_proximity_estimate
STARTED,NDI: SHINJAN (shinjan-pc) [Q1],b20659d6-0ffd-4647-bd8e-b9140be6c652,unknown_track_101,2026-07-23T07:48:12.108+00:00,2026-07-23T07:48:13.492+00:00,1.384,1.5511,sustained_proximity_estimate
STARTED,NDI: SHINJAN (shinjan-pc) [Q1],b20659d6-0ffd-4647-bd8e-b9140be6c652,unknown_track_65,2026-07-23T07:48:12.108+00:00,2026-07-23T07:48:13.492+00:00,1.384,0.9648,sustained_proximity_estimate
STARTED,NDI: SHINJAN (shinjan-pc) [Q2],b20659d6-0ffd-4647-bd8e-b9140be6c652,unknown_track_34,2026-07-23T07:48:12.108+00:00,2026-07-23T07:48:13.492+00:00,1.384,0.9407,sustained_proximity_estimate
STARTED,NDI: SHINJAN (shinjan-pc) [Q1],72dd5b08-3bf1-4c65-bb3e-a4c3f1a443d6,b20659d6-0ffd-4647-bd8e-b9140be6c652,2026-07-23T07:48:12.783+00:00,2026-07-23T07:48:14.184+00:00,1.401,0.9195,sustained_proximity_estimate
STARTED,NDI: SHINJAN (shinjan-pc) [Q1],72dd5b08-3bf1-4c65-bb3e-a4c3f1a443d6,unknown_track_101,2026-07-23T07:48:12.783+00:00,2026-07-23T07:48:14.184+00:00,1.401,0.0880,sustained_proximity_estimate
STARTED,NDI: SHINJAN (shinjan-pc) [Q1],72dd5b08-3bf1-4c65-bb3e-a4c3f1a443d6,unknown_track_65,2026-07-23T07:48:12.783+00:00,2026-07-23T07:48:14.184+00:00,1.401,1.1998,sustained_proximity_estimate
UPDATED,NDI: SHINJAN (shinjan-pc) [Q1],b20659d6-0ffd-4647-bd8e-b9140be6c652,unknown_track_101,2026-07-23T07:48:12.108+00:00,2026-07-23T07:48:14.184+00:00,2.076,1.5921,sustained_proximity_estimate
UPDATED,NDI: SHINJAN (shinjan-pc) [Q1],b20659d6-0ffd-4647-bd8e-b9140be6c652,unknown_track_65,2026-07-23T07:48:12.108+00:00,2026-07-23T07:48:14.184+00:00,2.076,1.0229,sustained_proximity_estimate
UPDATED,NDI: SHINJAN (shinjan-pc) [Q2],b20659d6-0ffd-4647-bd8e-b9140be6c652,unknown_track_34,2026-07-23T07:48:12.108+00:00,2026-07-23T07:48:14.184+00:00,2.076,0.9422,sustained_proximity_estimate
UPDATED,NDI: SHINJAN (shinjan-pc) [Q1],72dd5b08-3bf1-4c65-bb3e-a4c3f1a443d6,b20659d6-0ffd-4647-bd8e-b9140be6c652,2026-07-23T07:48:12.783+00:00,2026-07-23T07:48:14.908+00:00,2.125,0.9921,sustained_proximity_estimate
UPDATED,NDI: SHINJAN (shinjan-pc) [Q2],b20659d6-0ffd-4647-bd8e-b9140be6c652,unknown_track_34,2026-07-23T07:48:12.108+00:00,2026-07-23T07:48:14.908+00:00,2.800,0.9389,sustained_proximity_estimate
ENDED,NDI: SHINJAN (shinjan-pc) [Q1],72dd5b08-3bf1-4c65-bb3e-a4c3f1a443d6,b20659d6-0ffd-4647-bd8e-b9140be6c652,2026-07-23T07:48:12.783+00:00,2026-07-23T07:48:14.908+00:00,2.125,0.9921,sustained_proximity_estimate
ENDED,NDI: SHINJAN (shinjan-pc) [Q1],72dd5b08-3bf1-4c65-bb3e-a4c3f1a443d6,unknown_track_101,2026-07-23T07:48:12.783+00:00,2026-07-23T07:48:14.184+00:00,1.401,0.0880,sustained_proximity_estimate
ENDED,NDI: SHINJAN (shinjan-pc) [Q1],72dd5b08-3bf1-4c65-bb3e-a4c3f1a443d6,unknown_track_65,2026-07-23T07:48:12.783+00:00,2026-07-23T07:48:14.184+00:00,1.401,1.1998,sustained_proximity_estimate
ENDED,NDI: SHINJAN (shinjan-pc) [Q1],b20659d6-0ffd-4647-bd8e-b9140be6c652,unknown_track_101,2026-07-23T07:48:12.108+00:00,2026-07-23T07:48:14.184+00:00,2.076,1.5921,sustained_proximity_estimate
ENDED,NDI: SHINJAN (shinjan-pc) [Q1],b20659d6-0ffd-4647-bd8e-b9140be6c652,unknown_track_65,2026-07-23T07:48:12.108+00:00,2026-07-23T07:48:14.184+00:00,2.076,1.0229,sustained_proximity_estimate
ENDED,NDI: SHINJAN (shinjan-pc) [Q2],b20659d6-0ffd-4647-bd8e-b9140be6c652,unknown_track_34,2026-07-23T07:48:12.108+00:00,2026-07-23T07:48:14.908+00:00,2.800,0.9389,sustained_proximity_estimate
STARTED,NDI: SHINJAN (shinjan-pc) [Q1],b20659d6-0ffd-4647-bd8e-b9140be6c652,unknown_track_101,2026-07-23T07:48:17.092+00:00,2026-07-23T07:48:18.738+00:00,1.646,1.5667,sustained_proximity_estimate
STARTED,NDI: SHINJAN (shinjan-pc) [Q2],b20659d6-0ffd-4647-bd8e-b9140be6c652,unknown_track_34,2026-07-23T07:48:17.092+00:00,2026-07-23T07:48:18.738+00:00,1.646,0.9532,sustained_proximity_estimate
UPDATED,NDI: SHINJAN (shinjan-pc) [Q2],b20659d6-0ffd-4647-bd8e-b9140be6c652,unknown_track_34,2026-07-23T07:48:17.092+00:00,2026-07-23T07:48:19.525+00:00,2.433,0.9645,sustained_proximity_estimate
ENDED,NDI: SHINJAN (shinjan-pc) [Q1],b20659d6-0ffd-4647-bd8e-b9140be6c652,unknown_track_101,2026-07-23T07:48:17.092+00:00,2026-07-23T07:48:18.738+00:00,1.646,1.5667,sustained_proximity_estimate
UPDATED,NDI: SHINJAN (shinjan-pc) [Q2],b20659d6-0ffd-4647-bd8e-b9140be6c652,unknown_track_34,2026-07-23T07:48:17.092+00:00,2026-07-23T07:48:20.385+00:00,3.293,0.9195,sustained_proximity_estimate
ENDED,NDI: SHINJAN (shinjan-pc) [Q2],b20659d6-0ffd-4647-bd8e-b9140be6c652,unknown_track_34,2026-07-23T07:48:17.092+00:00,2026-07-23T07:48:20.385+00:00,3.293,0.9195,sustained_proximity_estimate
STARTED,NDI: SHINJAN (shinjan-pc) [Q2],b20659d6-0ffd-4647-bd8e-b9140be6c652,unknown_track_34,2026-07-23T07:48:22.870+00:00,2026-07-23T07:48:24.104+00:00,1.234,0.9559,sustained_proximity_estimate
STARTED,NDI: SHINJAN (shinjan-pc) [Q1],b20659d6-0ffd-4647-bd8e-b9140be6c652,unknown_track_101,2026-07-23T07:48:23.502+00:00,2026-07-23T07:48:24.817+00:00,1.315,1.5434,sustained_proximity_estimate
UPDATED,NDI: SHINJAN (shinjan-pc) [Q2],b20659d6-0ffd-4647-bd8e-b9140be6c652,unknown_track_34,2026-07-23T07:48:22.870+00:00,2026-07-23T07:48:24.817+00:00,1.947,0.9640,sustained_proximity_estimate
UPDATED,NDI: SHINJAN (shinjan-pc) [Q1],b20659d6-0ffd-4647-bd8e-b9140be6c652,unknown_track_101,2026-07-23T07:48:23.502+00:00,2026-07-23T07:48:25.560+00:00,2.058,1.5622,sustained_proximity_estimate
UPDATED,NDI: SHINJAN (shinjan-pc) [Q2],b20659d6-0ffd-4647-bd8e-b9140be6c652,unknown_track_34,2026-07-23T07:48:22.870+00:00,2026-07-23T07:48:25.560+00:00,2.690,0.9352,sustained_proximity_estimate
ENDED,NDI: SHINJAN (shinjan-pc) [Q1],b20659d6-0ffd-4647-bd8e-b9140be6c652,unknown_track_101,2026-07-23T07:48:23.502+00:00,2026-07-23T07:48:25.560+00:00,2.058,1.5622,sustained_proximity_estimate
ENDED,NDI: SHINJAN (shinjan-pc) [Q2],b20659d6-0ffd-4647-bd8e-b9140be6c652,unknown_track_34,2026-07-23T07:48:22.870+00:00,2026-07-23T07:48:25.560+00:00,2.690,0.9352,sustained_proximity_estimate
STARTED,NDI: SHINJAN (shinjan-pc) [Q2],b20659d6-0ffd-4647-bd8e-b9140be6c652,unknown_track_34,2026-07-23T07:48:27.925+00:00,2026-07-23T07:48:29.241+00:00,1.316,1.0058,sustained_proximity_estimate
UPDATED,NDI: SHINJAN (shinjan-pc) [Q2],b20659d6-0ffd-4647-bd8e-b9140be6c652,unknown_track_34,2026-07-23T07:48:27.925+00:00,2026-07-23T07:48:29.889+00:00,1.964,1.0132,sustained_proximity_estimate
STARTED,NDI: SHINJAN (shinjan-pc) [Q1],b20659d6-0ffd-4647-bd8e-b9140be6c652,unknown_track_125,2026-07-23T07:48:29.241+00:00,2026-07-23T07:48:30.476+00:00,1.235,0.7270,sustained_proximity_estimate
STARTED,NDI: SHINJAN (shinjan-pc) [Q2],b20659d6-0ffd-4647-bd8e-b9140be6c652,unknown_track_118,2026-07-23T07:48:29.241+00:00,2026-07-23T07:48:30.476+00:00,1.235,1.9610,sustained_proximity_estimate
UPDATED,NDI: SHINJAN (shinjan-pc) [Q2],b20659d6-0ffd-4647-bd8e-b9140be6c652,unknown_track_34,2026-07-23T07:48:27.925+00:00,2026-07-23T07:48:30.476+00:00,2.551,1.0083,sustained_proximity_estimate
ENDED,NDI: SHINJAN (shinjan-pc) [Q1],b20659d6-0ffd-4647-bd8e-b9140be6c652,unknown_track_125,2026-07-23T07:48:29.241+00:00,2026-07-23T07:48:30.476+00:00,1.235,0.7270,sustained_proximity_estimate
ENDED,NDI: SHINJAN (shinjan-pc) [Q2],b20659d6-0ffd-4647-bd8e-b9140be6c652,unknown_track_118,2026-07-23T07:48:29.241+00:00,2026-07-23T07:48:30.476+00:00,1.235,1.9610,sustained_proximity_estimate
ENDED,NDI: SHINJAN (shinjan-pc) [Q2],b20659d6-0ffd-4647-bd8e-b9140be6c652,unknown_track_34,2026-07-23T07:48:27.925+00:00,2026-07-23T07:48:30.476+00:00,2.551,1.0083,sustained_proximity_estimate
STARTED,NDI: SHINJAN (shinjan-pc) [Q2],b20659d6-0ffd-4647-bd8e-b9140be6c652,unknown_track_34,2026-07-23T07:48:33.800+00:00,2026-07-23T07:48:35.327+00:00,1.527,1.0751,sustained_proximity_estimate
STARTED,NDI: SHINJAN (shinjan-pc) [Q1],b20659d6-0ffd-4647-bd8e-b9140be6c652,unknown_track_149,2026-07-23T07:48:34.560+00:00,2026-07-23T07:48:35.938+00:00,1.378,1.3331,sustained_proximity_estimate
STARTED,NDI: SHINJAN (shinjan-pc) [Q1],b20659d6-0ffd-4647-bd8e-b9140be6c652,unknown_track_65,2026-07-23T07:48:34.560+00:00,2026-07-23T07:48:35.938+00:00,1.378,0.8972,sustained_proximity_estimate
STARTED,NDI: SHINJAN (shinjan-pc) [Q1],unknown_track_149,unknown_track_65,2026-07-23T07:48:34.560+00:00,2026-07-23T07:48:35.938+00:00,1.378,1.1328,sustained_proximity_estimate
STARTED,NDI: SHINJAN (shinjan-pc) [Q2],b20659d6-0ffd-4647-bd8e-b9140be6c652,unknown_track_118,2026-07-23T07:48:34.560+00:00,2026-07-23T07:48:35.938+00:00,1.378,1.5269,sustained_proximity_estimate
UPDATED,NDI: SHINJAN (shinjan-pc) [Q2],b20659d6-0ffd-4647-bd8e-b9140be6c652,unknown_track_34,2026-07-23T07:48:33.800+00:00,2026-07-23T07:48:35.938+00:00,2.138,1.1064,sustained_proximity_estimate
UPDATED,NDI: SHINJAN (shinjan-pc) [Q1],b20659d6-0ffd-4647-bd8e-b9140be6c652,unknown_track_149,2026-07-23T07:48:34.560+00:00,2026-07-23T07:48:36.693+00:00,2.133,1.4457,sustained_proximity_estimate
UPDATED,NDI: SHINJAN (shinjan-pc) [Q1],b20659d6-0ffd-4647-bd8e-b9140be6c652,unknown_track_65,2026-07-23T07:48:34.560+00:00,2026-07-23T07:48:36.693+00:00,2.133,0.8866,sustained_proximity_estimate
UPDATED,NDI: SHINJAN (shinjan-pc) [Q1],unknown_track_149,unknown_track_65,2026-07-23T07:48:34.560+00:00,2026-07-23T07:48:36.693+00:00,2.133,1.1407,sustained_proximity_estimate
UPDATED,NDI: SHINJAN (shinjan-pc) [Q2],b20659d6-0ffd-4647-bd8e-b9140be6c652,unknown_track_118,2026-07-23T07:48:34.560+00:00,2026-07-23T07:48:36.693+00:00,2.133,1.3986,sustained_proximity_estimate
UPDATED,NDI: SHINJAN (shinjan-pc) [Q2],b20659d6-0ffd-4647-bd8e-b9140be6c652,unknown_track_34,2026-07-23T07:48:33.800+00:00,2026-07-23T07:48:36.693+00:00,2.893,1.1135,sustained_proximity_estimate
STARTED,NDI: SHINJAN (shinjan-pc) [Q2],unknown_track_118,unknown_track_34,2026-07-23T07:48:35.327+00:00,2026-07-23T07:48:36.693+00:00,1.366,1.6376,sustained_proximity_estimate
ENDED,NDI: SHINJAN (shinjan-pc) [Q1],b20659d6-0ffd-4647-bd8e-b9140be6c652,unknown_track_149,2026-07-23T07:48:34.560+00:00,2026-07-23T07:48:36.693+00:00,2.133,1.4457,sustained_proximity_estimate
ENDED,NDI: SHINJAN (shinjan-pc) [Q1],b20659d6-0ffd-4647-bd8e-b9140be6c652,unknown_track_65,2026-07-23T07:48:34.560+00:00,2026-07-23T07:48:36.693+00:00,2.133,0.8866,sustained_proximity_estimate
ENDED,NDI: SHINJAN (shinjan-pc) [Q1],unknown_track_149,unknown_track_65,2026-07-23T07:48:34.560+00:00,2026-07-23T07:48:36.693+00:00,2.133,1.1407,sustained_proximity_estimate
ENDED,NDI: SHINJAN (shinjan-pc) [Q2],b20659d6-0ffd-4647-bd8e-b9140be6c652,unknown_track_118,2026-07-23T07:48:34.560+00:00,2026-07-23T07:48:36.693+00:00,2.133,1.3986,sustained_proximity_estimate
ENDED,NDI: SHINJAN (shinjan-pc) [Q2],b20659d6-0ffd-4647-bd8e-b9140be6c652,unknown_track_34,2026-07-23T07:48:33.800+00:00,2026-07-23T07:48:36.693+00:00,2.893,1.1135,sustained_proximity_estimate
ENDED,NDI: SHINJAN (shinjan-pc) [Q2],unknown_track_118,unknown_track_34,2026-07-23T07:48:35.327+00:00,2026-07-23T07:48:36.693+00:00,1.366,1.6376,sustained_proximity_estimate
STARTED,NDI: SHINJAN (shinjan-pc) [Q1],b20659d6-0ffd-4647-bd8e-b9140be6c652,unknown_track_101,2026-07-23T07:48:39.574+00:00,2026-07-23T07:48:40.848+00:00,1.274,1.6959,sustained_proximity_estimate
STARTED,NDI: SHINJAN (shinjan-pc) [Q1],b20659d6-0ffd-4647-bd8e-b9140be6c652,unknown_track_65,2026-07-23T07:48:39.574+00:00,2026-07-23T07:48:40.848+00:00,1.274,0.9538,sustained_proximity_estimate
STARTED,NDI: SHINJAN (shinjan-pc) [Q2],b20659d6-0ffd-4647-bd8e-b9140be6c652,unknown_track_34,2026-07-23T07:48:39.574+00:00,2026-07-23T07:48:40.848+00:00,1.274,1.0948,sustained_proximity_estimate
UPDATED,NDI: SHINJAN (shinjan-pc) [Q1],b20659d6-0ffd-4647-bd8e-b9140be6c652,unknown_track_101,2026-07-23T07:48:39.574+00:00,2026-07-23T07:48:41.503+00:00,1.929,1.6262,sustained_proximity_estimate
UPDATED,NDI: SHINJAN (shinjan-pc) [Q1],b20659d6-0ffd-4647-bd8e-b9140be6c652,unknown_track_65,2026-07-23T07:48:39.574+00:00,2026-07-23T07:48:41.503+00:00,1.929,0.9759,sustained_proximity_estimate
STARTED,NDI: SHINJAN (shinjan-pc) [Q2],b20659d6-0ffd-4647-bd8e-b9140be6c652,unknown_track_166,2026-07-23T07:48:40.202+00:00,2026-07-23T07:48:41.503+00:00,1.301,1.2903,sustained_proximity_estimate
UPDATED,NDI: SHINJAN (shinjan-pc) [Q2],b20659d6-0ffd-4647-bd8e-b9140be6c652,unknown_track_34,2026-07-23T07:48:39.574+00:00,2026-07-23T07:48:41.503+00:00,1.929,1.0762,sustained_proximity_estimate
STARTED,NDI: SHINJAN (shinjan-pc) [Q2],unknown_track_166,unknown_track_34,2026-07-23T07:48:40.202+00:00,2026-07-23T07:48:41.503+00:00,1.301,0.6654,sustained_proximity_estimate
UPDATED,NDI: SHINJAN (shinjan-pc) [Q1],b20659d6-0ffd-4647-bd8e-b9140be6c652,unknown_track_101,2026-07-23T07:48:39.574+00:00,2026-07-23T07:48:42.138+00:00,2.564,1.5530,sustained_proximity_estimate
STARTED,NDI: SHINJAN (shinjan-pc) [Q1],b20659d6-0ffd-4647-bd8e-b9140be6c652,unknown_track_169,2026-07-23T07:48:40.848+00:00,2026-07-23T07:48:42.138+00:00,1.290,1.7320,sustained_proximity_estimate
UPDATED,NDI: SHINJAN (shinjan-pc) [Q1],b20659d6-0ffd-4647-bd8e-b9140be6c652,unknown_track_65,2026-07-23T07:48:39.574+00:00,2026-07-23T07:48:42.138+00:00,2.564,0.9191,sustained_proximity_estimate
STARTED,NDI: SHINJAN (shinjan-pc) [Q1],unknown_track_169,unknown_track_65,2026-07-23T07:48:40.848+00:00,2026-07-23T07:48:42.138+00:00,1.290,0.6329,sustained_proximity_estimate
UPDATED,NDI: SHINJAN (shinjan-pc) [Q2],b20659d6-0ffd-4647-bd8e-b9140be6c652,unknown_track_166,2026-07-23T07:48:40.202+00:00,2026-07-23T07:48:42.138+00:00,1.936,1.2974,sustained_proximity_estimate
UPDATED,NDI: SHINJAN (shinjan-pc) [Q2],b20659d6-0ffd-4647-bd8e-b9140be6c652,unknown_track_34,2026-07-23T07:48:39.574+00:00,2026-07-23T07:48:42.138+00:00,2.564,1.0847,sustained_proximity_estimate
UPDATED,NDI: SHINJAN (shinjan-pc) [Q2],unknown_track_166,unknown_track_34,2026-07-23T07:48:40.202+00:00,2026-07-23T07:48:42.138+00:00,1.936,0.6706,sustained_proximity_estimate
ENDED,NDI: SHINJAN (shinjan-pc) [Q1],b20659d6-0ffd-4647-bd8e-b9140be6c652,unknown_track_101,2026-07-23T07:48:39.574+00:00,2026-07-23T07:48:42.138+00:00,2.564,1.5530,sustained_proximity_estimate
ENDED,NDI: SHINJAN (shinjan-pc) [Q1],b20659d6-0ffd-4647-bd8e-b9140be6c652,unknown_track_169,2026-07-23T07:48:40.848+00:00,2026-07-23T07:48:42.138+00:00,1.290,1.7320,sustained_proximity_estimate
ENDED,NDI: SHINJAN (shinjan-pc) [Q1],b20659d6-0ffd-4647-bd8e-b9140be6c652,unknown_track_65,2026-07-23T07:48:39.574+00:00,2026-07-23T07:48:42.138+00:00,2.564,0.9191,sustained_proximity_estimate
ENDED,NDI: SHINJAN (shinjan-pc) [Q1],unknown_track_169,unknown_track_65,2026-07-23T07:48:40.848+00:00,2026-07-23T07:48:42.138+00:00,1.290,0.6329,sustained_proximity_estimate
ENDED,NDI: SHINJAN (shinjan-pc) [Q2],b20659d6-0ffd-4647-bd8e-b9140be6c652,unknown_track_166,2026-07-23T07:48:40.202+00:00,2026-07-23T07:48:42.138+00:00,1.936,1.2974,sustained_proximity_estimate
ENDED,NDI: SHINJAN (shinjan-pc) [Q2],b20659d6-0ffd-4647-bd8e-b9140be6c652,unknown_track_34,2026-07-23T07:48:39.574+00:00,2026-07-23T07:48:42.138+00:00,2.564,1.0847,sustained_proximity_estimate
ENDED,NDI: SHINJAN (shinjan-pc) [Q2],unknown_track_166,unknown_track_34,2026-07-23T07:48:40.202+00:00,2026-07-23T07:48:42.138+00:00,1.936,0.6706,sustained_proximity_estimate
STARTED,NDI: SHINJAN (shinjan-pc) [Q1],b20659d6-0ffd-4647-bd8e-b9140be6c652,unknown_track_65,2026-07-23T07:48:45.475+00:00,2026-07-23T07:48:46.909+00:00,1.434,0.8821,sustained_proximity_estimate
STARTED,NDI: SHINJAN (shinjan-pc) [Q2],b20659d6-0ffd-4647-bd8e-b9140be6c652,unknown_track_118,2026-07-23T07:48:45.475+00:00,2026-07-23T07:48:46.909+00:00,1.434,1.4136,sustained_proximity_estimate
STARTED,NDI: SHINJAN (shinjan-pc) [Q2],b20659d6-0ffd-4647-bd8e-b9140be6c652,unknown_track_34,2026-07-23T07:48:45.475+00:00,2026-07-23T07:48:46.909+00:00,1.434,1.0535,sustained_proximity_estimate
STARTED,NDI: SHINJAN (shinjan-pc) [Q2],unknown_track_118,unknown_track_34,2026-07-23T07:48:45.475+00:00,2026-07-23T07:48:46.909+00:00,1.434,1.5951,sustained_proximity_estimate
STARTED,NDI: SHINJAN (shinjan-pc) [Q1],b20659d6-0ffd-4647-bd8e-b9140be6c652,unknown_track_173,2026-07-23T07:48:46.245+00:00,2026-07-23T07:48:47.593+00:00,1.348,1.4050,sustained_proximity_estimate
UPDATED,NDI: SHINJAN (shinjan-pc) [Q1],b20659d6-0ffd-4647-bd8e-b9140be6c652,unknown_track_65,2026-07-23T07:48:45.475+00:00,2026-07-23T07:48:47.593+00:00,2.118,0.8812,sustained_proximity_estimate
STARTED,NDI: SHINJAN (shinjan-pc) [Q1],unknown_track_173,unknown_track_65,2026-07-23T07:48:46.245+00:00,2026-07-23T07:48:47.593+00:00,1.348,1.1472,sustained_proximity_estimate
UPDATED,NDI: SHINJAN (shinjan-pc) [Q2],b20659d6-0ffd-4647-bd8e-b9140be6c652,unknown_track_118,2026-07-23T07:48:45.475+00:00,2026-07-23T07:48:47.593+00:00,2.118,1.4563,sustained_proximity_estimate
UPDATED,NDI: SHINJAN (shinjan-pc) [Q2],b20659d6-0ffd-4647-bd8e-b9140be6c652,unknown_track_34,2026-07-23T07:48:45.475+00:00,2026-07-23T07:48:47.593+00:00,2.118,1.0549,sustained_proximity_estimate
UPDATED,NDI: SHINJAN (shinjan-pc) [Q2],unknown_track_118,unknown_track_34,2026-07-23T07:48:45.475+00:00,2026-07-23T07:48:47.593+00:00,2.118,1.6912,sustained_proximity_estimate
UPDATED,NDI: SHINJAN (shinjan-pc) [Q1],b20659d6-0ffd-4647-bd8e-b9140be6c652,unknown_track_173,2026-07-23T07:48:46.245+00:00,2026-07-23T07:48:48.228+00:00,1.983,1.3444,sustained_proximity_estimate
UPDATED,NDI: SHINJAN (shinjan-pc) [Q1],b20659d6-0ffd-4647-bd8e-b9140be6c652,unknown_track_65,2026-07-23T07:48:45.475+00:00,2026-07-23T07:48:48.228+00:00,2.753,0.8661,sustained_proximity_estimate
UPDATED,NDI: SHINJAN (shinjan-pc) [Q1],unknown_track_173,unknown_track_65,2026-07-23T07:48:46.245+00:00,2026-07-23T07:48:48.228+00:00,1.983,1.1056,sustained_proximity_estimate
UPDATED,NDI: SHINJAN (shinjan-pc) [Q2],b20659d6-0ffd-4647-bd8e-b9140be6c652,unknown_track_118,2026-07-23T07:48:45.475+00:00,2026-07-23T07:48:48.228+00:00,2.753,1.4843,sustained_proximity_estimate
UPDATED,NDI: SHINJAN (shinjan-pc) [Q2],b20659d6-0ffd-4647-bd8e-b9140be6c652,unknown_track_34,2026-07-23T07:48:45.475+00:00,2026-07-23T07:48:48.228+00:00,2.753,1.0779,sustained_proximity_estimate
UPDATED,NDI: SHINJAN (shinjan-pc) [Q2],unknown_track_118,unknown_track_34,2026-07-23T07:48:45.475+00:00,2026-07-23T07:48:48.228+00:00,2.753,1.7674,sustained_proximity_estimate
ENDED,NDI: SHINJAN (shinjan-pc) [Q1],b20659d6-0ffd-4647-bd8e-b9140be6c652,unknown_track_173,2026-07-23T07:48:46.245+00:00,2026-07-23T07:48:48.228+00:00,1.983,1.3444,sustained_proximity_estimate
ENDED,NDI: SHINJAN (shinjan-pc) [Q1],b20659d6-0ffd-4647-bd8e-b9140be6c652,unknown_track_65,2026-07-23T07:48:45.475+00:00,2026-07-23T07:48:48.228+00:00,2.753,0.8661,sustained_proximity_estimate
ENDED,NDI: SHINJAN (shinjan-pc) [Q1],unknown_track_173,unknown_track_65,2026-07-23T07:48:46.245+00:00,2026-07-23T07:48:48.228+00:00,1.983,1.1056,sustained_proximity_estimate
ENDED,NDI: SHINJAN (shinjan-pc) [Q2],b20659d6-0ffd-4647-bd8e-b9140be6c652,unknown_track_118,2026-07-23T07:48:45.475+00:00,2026-07-23T07:48:48.228+00:00,2.753,1.4843,sustained_proximity_estimate
ENDED,NDI: SHINJAN (shinjan-pc) [Q2],b20659d6-0ffd-4647-bd8e-b9140be6c652,unknown_track_34,2026-07-23T07:48:45.475+00:00,2026-07-23T07:48:48.228+00:00,2.753,1.0779,sustained_proximity_estimate
ENDED,NDI: SHINJAN (shinjan-pc) [Q2],unknown_track_118,unknown_track_34,2026-07-23T07:48:45.475+00:00,2026-07-23T07:48:48.228+00:00,2.753,1.7674,sustained_proximity_estimate
STARTED,NDI: SHINJAN (shinjan-pc) [Q1],b20659d6-0ffd-4647-bd8e-b9140be6c652,unknown_track_173,2026-07-23T07:48:51.384+00:00,2026-07-23T07:48:52.600+00:00,1.216,1.4547,sustained_proximity_estimate
STARTED,NDI: SHINJAN (shinjan-pc) [Q1],b20659d6-0ffd-4647-bd8e-b9140be6c652,unknown_track_65,2026-07-23T07:48:51.384+00:00,2026-07-23T07:48:52.600+00:00,1.216,0.9231,sustained_proximity_estimate
STARTED,NDI: SHINJAN (shinjan-pc) [Q1],unknown_track_173,unknown_track_65,2026-07-23T07:48:51.384+00:00,2026-07-23T07:48:52.600+00:00,1.216,1.4009,sustained_proximity_estimate
STARTED,NDI: SHINJAN (shinjan-pc) [Q2],b20659d6-0ffd-4647-bd8e-b9140be6c652,unknown_track_34,2026-07-23T07:48:51.384+00:00,2026-07-23T07:48:52.600+00:00,1.216,1.0438,sustained_proximity_estimate
UPDATED,NDI: SHINJAN (shinjan-pc) [Q2],b20659d6-0ffd-4647-bd8e-b9140be6c652,unknown_track_34,2026-07-23T07:48:51.384+00:00,2026-07-23T07:48:53.257+00:00,1.873,1.0666,sustained_proximity_estimate
ENDED,NDI: SHINJAN (shinjan-pc) [Q1],b20659d6-0ffd-4647-bd8e-b9140be6c652,unknown_track_173,2026-07-23T07:48:51.384+00:00,2026-07-23T07:48:52.600+00:00,1.216,1.4547,sustained_proximity_estimate
ENDED,NDI: SHINJAN (shinjan-pc) [Q1],b20659d6-0ffd-4647-bd8e-b9140be6c652,unknown_track_65,2026-07-23T07:48:51.384+00:00,2026-07-23T07:48:52.600+00:00,1.216,0.9231,sustained_proximity_estimate
ENDED,NDI: SHINJAN (shinjan-pc) [Q1],unknown_track_173,unknown_track_65,2026-07-23T07:48:51.384+00:00,2026-07-23T07:48:52.600+00:00,1.216,1.4009,sustained_proximity_estimate
UPDATED,NDI: SHINJAN (shinjan-pc) [Q2],b20659d6-0ffd-4647-bd8e-b9140be6c652,unknown_track_34,2026-07-23T07:48:51.384+00:00,2026-07-23T07:48:53.894+00:00,2.510,1.0799,sustained_proximity_estimate
ENDED,NDI: SHINJAN (shinjan-pc) [Q2],b20659d6-0ffd-4647-bd8e-b9140be6c652,unknown_track_34,2026-07-23T07:48:51.384+00:00,2026-07-23T07:48:53.894+00:00,2.510,1.0799,sustained_proximity_estimate
STARTED,NDI: SHINJAN (shinjan-pc) [Q2],b20659d6-0ffd-4647-bd8e-b9140be6c652,unknown_track_34,2026-07-23T07:48:56.190+00:00,2026-07-23T07:48:57.624+00:00,1.434,1.0904,sustained_proximity_estimate
UPDATED,NDI: SHINJAN (shinjan-pc) [Q2],b20659d6-0ffd-4647-bd8e-b9140be6c652,unknown_track_34,2026-07-23T07:48:56.190+00:00,2026-07-23T07:48:58.257+00:00,2.067,1.0886,sustained_proximity_estimate
STARTED,NDI: SHINJAN (shinjan-pc) [Q1],b20659d6-0ffd-4647-bd8e-b9140be6c652,unknown_track_173,2026-07-23T07:48:57.624+00:00,2026-07-23T07:48:58.869+00:00,1.245,1.2769,sustained_proximity_estimate
UPDATED,NDI: SHINJAN (shinjan-pc) [Q2],b20659d6-0ffd-4647-bd8e-b9140be6c652,unknown_track_34,2026-07-23T07:48:56.190+00:00,2026-07-23T07:48:58.869+00:00,2.679,1.0853,sustained_proximity_estimate
ENDED,NDI: SHINJAN (shinjan-pc) [Q1],b20659d6-0ffd-4647-bd8e-b9140be6c652,unknown_track_173,2026-07-23T07:48:57.624+00:00,2026-07-23T07:48:58.869+00:00,1.245,1.2769,sustained_proximity_estimate
ENDED,NDI: SHINJAN (shinjan-pc) [Q2],b20659d6-0ffd-4647-bd8e-b9140be6c652,unknown_track_34,2026-07-23T07:48:56.190+00:00,2026-07-23T07:48:58.869+00:00,2.679,1.0853,sustained_proximity_estimate
STARTED,NDI: SHINJAN (shinjan-pc) [Q1],b20659d6-0ffd-4647-bd8e-b9140be6c652,unknown_track_173,2026-07-23T07:49:04.131+00:00,2026-07-23T07:49:05.465+00:00,1.334,1.0791,sustained_proximity_estimate
STARTED,NDI: SHINJAN (shinjan-pc) [Q1],b20659d6-0ffd-4647-bd8e-b9140be6c652,unknown_track_65,2026-07-23T07:49:04.131+00:00,2026-07-23T07:49:05.465+00:00,1.334,0.8275,sustained_proximity_estimate
STARTED,NDI: SHINJAN (shinjan-pc) [Q1],unknown_track_173,unknown_track_65,2026-07-23T07:49:04.131+00:00,2026-07-23T07:49:05.465+00:00,1.334,0.9044,sustained_proximity_estimate
STARTED,NDI: SHINJAN (shinjan-pc) [Q2],b20659d6-0ffd-4647-bd8e-b9140be6c652,unknown_track_182,2026-07-23T07:49:04.131+00:00,2026-07-23T07:49:05.465+00:00,1.334,1.3637,sustained_proximity_estimate
STARTED,NDI: SHINJAN (shinjan-pc) [Q2],b20659d6-0ffd-4647-bd8e-b9140be6c652,unknown_track_34,2026-07-23T07:49:04.131+00:00,2026-07-23T07:49:05.465+00:00,1.334,1.0870,sustained_proximity_estimate
STARTED,NDI: SHINJAN (shinjan-pc) [Q2],unknown_track_182,unknown_track_34,2026-07-23T07:49:04.131+00:00,2026-07-23T07:49:05.465+00:00,1.334,1.7134,sustained_proximity_estimate
ENDED,NDI: SHINJAN (shinjan-pc) [Q1],b20659d6-0ffd-4647-bd8e-b9140be6c652,unknown_track_173,2026-07-23T07:49:04.131+00:00,2026-07-23T07:49:05.465+00:00,1.334,1.0791,sustained_proximity_estimate
ENDED,NDI: SHINJAN (shinjan-pc) [Q1],b20659d6-0ffd-4647-bd8e-b9140be6c652,unknown_track_65,2026-07-23T07:49:04.131+00:00,2026-07-23T07:49:05.465+00:00,1.334,0.8275,sustained_proximity_estimate
ENDED,NDI: SHINJAN (shinjan-pc) [Q1],unknown_track_173,unknown_track_65,2026-07-23T07:49:04.131+00:00,2026-07-23T07:49:05.465+00:00,1.334,0.9044,sustained_proximity_estimate
ENDED,NDI: SHINJAN (shinjan-pc) [Q2],b20659d6-0ffd-4647-bd8e-b9140be6c652,unknown_track_182,2026-07-23T07:49:04.131+00:00,2026-07-23T07:49:05.465+00:00,1.334,1.3637,sustained_proximity_estimate
ENDED,NDI: SHINJAN (shinjan-pc) [Q2],b20659d6-0ffd-4647-bd8e-b9140be6c652,unknown_track_34,2026-07-23T07:49:04.131+00:00,2026-07-23T07:49:05.465+00:00,1.334,1.0870,sustained_proximity_estimate
ENDED,NDI: SHINJAN (shinjan-pc) [Q2],unknown_track_182,unknown_track_34,2026-07-23T07:49:04.131+00:00,2026-07-23T07:49:05.465+00:00,1.334,1.7134,sustained_proximity_estimate
STARTED,NDI: SHINJAN (shinjan-pc) [Q1],b20659d6-0ffd-4647-bd8e-b9140be6c652,unknown_track_173,2026-07-23T07:49:08.631+00:00,2026-07-23T07:49:09.832+00:00,1.201,0.9180,sustained_proximity_estimate
STARTED,NDI: SHINJAN (shinjan-pc) [Q2],b20659d6-0ffd-4647-bd8e-b9140be6c652,unknown_track_182,2026-07-23T07:49:08.631+00:00,2026-07-23T07:49:09.832+00:00,1.201,1.3855,sustained_proximity_estimate
STARTED,NDI: SHINJAN (shinjan-pc) [Q2],b20659d6-0ffd-4647-bd8e-b9140be6c652,unknown_track_34,2026-07-23T07:49:08.631+00:00,2026-07-23T07:49:09.832+00:00,1.201,0.9471,sustained_proximity_estimate
STARTED,NDI: SHINJAN (shinjan-pc) [Q2],unknown_track_182,unknown_track_34,2026-07-23T07:49:08.631+00:00,2026-07-23T07:49:09.832+00:00,1.201,1.4136,sustained_proximity_estimate
UPDATED,NDI: SHINJAN (shinjan-pc) [Q1],b20659d6-0ffd-4647-bd8e-b9140be6c652,unknown_track_173,2026-07-23T07:49:08.631+00:00,2026-07-23T07:49:10.536+00:00,1.905,0.9812,sustained_proximity_estimate
UPDATED,NDI: SHINJAN (shinjan-pc) [Q2],b20659d6-0ffd-4647-bd8e-b9140be6c652,unknown_track_182,2026-07-23T07:49:08.631+00:00,2026-07-23T07:49:10.536+00:00,1.905,1.4352,sustained_proximity_estimate
UPDATED,NDI: SHINJAN (shinjan-pc) [Q2],b20659d6-0ffd-4647-bd8e-b9140be6c652,unknown_track_34,2026-07-23T07:49:08.631+00:00,2026-07-23T07:49:10.536+00:00,1.905,0.9258,sustained_proximity_estimate
UPDATED,NDI: SHINJAN (shinjan-pc) [Q2],unknown_track_182,unknown_track_34,2026-07-23T07:49:08.631+00:00,2026-07-23T07:49:10.536+00:00,1.905,1.4753,sustained_proximity_estimate
UPDATED,NDI: SHINJAN (shinjan-pc) [Q1],b20659d6-0ffd-4647-bd8e-b9140be6c652,unknown_track_173,2026-07-23T07:49:08.631+00:00,2026-07-23T07:49:11.163+00:00,2.532,1.1802,sustained_proximity_estimate
UPDATED,NDI: SHINJAN (shinjan-pc) [Q2],b20659d6-0ffd-4647-bd8e-b9140be6c652,unknown_track_182,2026-07-23T07:49:08.631+00:00,2026-07-23T07:49:11.163+00:00,2.532,1.7240,sustained_proximity_estimate
UPDATED,NDI: SHINJAN (shinjan-pc) [Q2],b20659d6-0ffd-4647-bd8e-b9140be6c652,unknown_track_34,2026-07-23T07:49:08.631+00:00,2026-07-23T07:49:11.163+00:00,2.532,0.9843,sustained_proximity_estimate
UPDATED,NDI: SHINJAN (shinjan-pc) [Q2],unknown_track_182,unknown_track_34,2026-07-23T07:49:08.631+00:00,2026-07-23T07:49:11.163+00:00,2.532,1.7683,sustained_proximity_estimate
ENDED,NDI: SHINJAN (shinjan-pc) [Q1],b20659d6-0ffd-4647-bd8e-b9140be6c652,unknown_track_173,2026-07-23T07:49:08.631+00:00,2026-07-23T07:49:11.163+00:00,2.532,1.1802,sustained_proximity_estimate
ENDED,NDI: SHINJAN (shinjan-pc) [Q2],b20659d6-0ffd-4647-bd8e-b9140be6c652,unknown_track_182,2026-07-23T07:49:08.631+00:00,2026-07-23T07:49:11.163+00:00,2.532,1.7240,sustained_proximity_estimate
ENDED,NDI: SHINJAN (shinjan-pc) [Q2],b20659d6-0ffd-4647-bd8e-b9140be6c652,unknown_track_34,2026-07-23T07:49:08.631+00:00,2026-07-23T07:49:11.163+00:00,2.532,0.9843,sustained_proximity_estimate
ENDED,NDI: SHINJAN (shinjan-pc) [Q2],unknown_track_182,unknown_track_34,2026-07-23T07:49:08.631+00:00,2026-07-23T07:49:11.163+00:00,2.532,1.7683,sustained_proximity_estimate
STARTED,NDI: SHINJAN (shinjan-pc) [Q1],b20659d6-0ffd-4647-bd8e-b9140be6c652,unknown_track_173,2026-07-23T07:49:14.326+00:00,2026-07-23T07:49:15.517+00:00,1.191,1.4091,sustained_proximity_estimate
STARTED,NDI: SHINJAN (shinjan-pc) [Q2],b20659d6-0ffd-4647-bd8e-b9140be6c652,unknown_track_182,2026-07-23T07:49:14.326+00:00,2026-07-23T07:49:15.517+00:00,1.191,1.5748,sustained_proximity_estimate
STARTED,NDI: SHINJAN (shinjan-pc) [Q2],b20659d6-0ffd-4647-bd8e-b9140be6c652,unknown_track_34,2026-07-23T07:49:14.326+00:00,2026-07-23T07:49:15.517+00:00,1.191,0.9086,sustained_proximity_estimate
STARTED,NDI: SHINJAN (shinjan-pc) [Q2],unknown_track_182,unknown_track_34,2026-07-23T07:49:14.326+00:00,2026-07-23T07:49:15.517+00:00,1.191,1.7475,sustained_proximity_estimate
UPDATED,NDI: SHINJAN (shinjan-pc) [Q1],b20659d6-0ffd-4647-bd8e-b9140be6c652,unknown_track_173,2026-07-23T07:49:14.326+00:00,2026-07-23T07:49:16.136+00:00,1.810,1.5114,sustained_proximity_estimate
UPDATED,NDI: SHINJAN (shinjan-pc) [Q2],b20659d6-0ffd-4647-bd8e-b9140be6c652,unknown_track_182,2026-07-23T07:49:14.326+00:00,2026-07-23T07:49:16.136+00:00,1.810,1.6336,sustained_proximity_estimate
UPDATED,NDI: SHINJAN (shinjan-pc) [Q2],b20659d6-0ffd-4647-bd8e-b9140be6c652,unknown_track_34,2026-07-23T07:49:14.326+00:00,2026-07-23T07:49:16.136+00:00,1.810,0.9673,sustained_proximity_estimate
UPDATED,NDI: SHINJAN (shinjan-pc) [Q2],unknown_track_182,unknown_track_34,2026-07-23T07:49:14.326+00:00,2026-07-23T07:49:16.136+00:00,1.810,1.8667,sustained_proximity_estimate
UPDATED,NDI: SHINJAN (shinjan-pc) [Q1],b20659d6-0ffd-4647-bd8e-b9140be6c652,unknown_track_173,2026-07-23T07:49:14.326+00:00,2026-07-23T07:49:16.753+00:00,2.427,1.6020,sustained_proximity_estimate
UPDATED,NDI: SHINJAN (shinjan-pc) [Q2],b20659d6-0ffd-4647-bd8e-b9140be6c652,unknown_track_182,2026-07-23T07:49:14.326+00:00,2026-07-23T07:49:16.753+00:00,2.427,1.6086,sustained_proximity_estimate
UPDATED,NDI: SHINJAN (shinjan-pc) [Q2],b20659d6-0ffd-4647-bd8e-b9140be6c652,unknown_track_34,2026-07-23T07:49:14.326+00:00,2026-07-23T07:49:16.753+00:00,2.427,1.0182,sustained_proximity_estimate
UPDATED,NDI: SHINJAN (shinjan-pc) [Q2],unknown_track_182,unknown_track_34,2026-07-23T07:49:14.326+00:00,2026-07-23T07:49:16.753+00:00,2.427,1.8888,sustained_proximity_estimate
ENDED,NDI: SHINJAN (shinjan-pc) [Q1],b20659d6-0ffd-4647-bd8e-b9140be6c652,unknown_track_173,2026-07-23T07:49:14.326+00:00,2026-07-23T07:49:16.753+00:00,2.427,1.6020,sustained_proximity_estimate
ENDED,NDI: SHINJAN (shinjan-pc) [Q2],b20659d6-0ffd-4647-bd8e-b9140be6c652,unknown_track_182,2026-07-23T07:49:14.326+00:00,2026-07-23T07:49:16.753+00:00,2.427,1.6086,sustained_proximity_estimate
ENDED,NDI: SHINJAN (shinjan-pc) [Q2],b20659d6-0ffd-4647-bd8e-b9140be6c652,unknown_track_34,2026-07-23T07:49:14.326+00:00,2026-07-23T07:49:16.753+00:00,2.427,1.0182,sustained_proximity_estimate
ENDED,NDI: SHINJAN (shinjan-pc) [Q2],unknown_track_182,unknown_track_34,2026-07-23T07:49:14.326+00:00,2026-07-23T07:49:16.753+00:00,2.427,1.8888,sustained_proximity_estimate
STARTED,NDI: SHINJAN (shinjan-pc) [Q1],b20659d6-0ffd-4647-bd8e-b9140be6c652,unknown_track_169,2026-07-23T07:49:19.321+00:00,2026-07-23T07:49:20.615+00:00,1.294,0.7927,sustained_proximity_estimate
STARTED,NDI: SHINJAN (shinjan-pc) [Q2],b20659d6-0ffd-4647-bd8e-b9140be6c652,unknown_track_182,2026-07-23T07:49:19.321+00:00,2026-07-23T07:49:20.615+00:00,1.294,1.6131,sustained_proximity_estimate
STARTED,NDI: SHINJAN (shinjan-pc) [Q2],b20659d6-0ffd-4647-bd8e-b9140be6c652,unknown_track_34,2026-07-23T07:49:19.321+00:00,2026-07-23T07:49:20.615+00:00,1.294,1.0048,sustained_proximity_estimate
STARTED,NDI: SHINJAN (shinjan-pc) [Q2],unknown_track_182,unknown_track_34,2026-07-23T07:49:19.321+00:00,2026-07-23T07:49:20.615+00:00,1.294,1.8934,sustained_proximity_estimate
STARTED,NDI: SHINJAN (shinjan-pc) [Q1],b20659d6-0ffd-4647-bd8e-b9140be6c652,unknown_track_193,2026-07-23T07:49:19.948+00:00,2026-07-23T07:49:21.290+00:00,1.342,1.1181,sustained_proximity_estimate
UPDATED,NDI: SHINJAN (shinjan-pc) [Q2],b20659d6-0ffd-4647-bd8e-b9140be6c652,unknown_track_182,2026-07-23T07:49:19.321+00:00,2026-07-23T07:49:21.290+00:00,1.969,1.6338,sustained_proximity_estimate
UPDATED,NDI: SHINJAN (shinjan-pc) [Q2],b20659d6-0ffd-4647-bd8e-b9140be6c652,unknown_track_34,2026-07-23T07:49:19.321+00:00,2026-07-23T07:49:21.290+00:00,1.969,0.9917,sustained_proximity_estimate
UPDATED,NDI: SHINJAN (shinjan-pc) [Q2],unknown_track_182,unknown_track_34,2026-07-23T07:49:19.321+00:00,2026-07-23T07:49:21.290+00:00,1.969,1.9021,sustained_proximity_estimate
ENDED,NDI: SHINJAN (shinjan-pc) [Q1],b20659d6-0ffd-4647-bd8e-b9140be6c652,unknown_track_169,2026-07-23T07:49:19.321+00:00,2026-07-23T07:49:20.615+00:00,1.294,0.7927,sustained_proximity_estimate
UPDATED,NDI: SHINJAN (shinjan-pc) [Q1],b20659d6-0ffd-4647-bd8e-b9140be6c652,unknown_track_193,2026-07-23T07:49:19.948+00:00,2026-07-23T07:49:21.881+00:00,1.933,1.0378,sustained_proximity_estimate
ENDED,NDI: SHINJAN (shinjan-pc) [Q1],b20659d6-0ffd-4647-bd8e-b9140be6c652,unknown_track_193,2026-07-23T07:49:19.948+00:00,2026-07-23T07:49:21.881+00:00,1.933,1.0378,sustained_proximity_estimate
ENDED,NDI: SHINJAN (shinjan-pc) [Q2],b20659d6-0ffd-4647-bd8e-b9140be6c652,unknown_track_182,2026-07-23T07:49:19.321+00:00,2026-07-23T07:49:21.290+00:00,1.969,1.6338,sustained_proximity_estimate
ENDED,NDI: SHINJAN (shinjan-pc) [Q2],b20659d6-0ffd-4647-bd8e-b9140be6c652,unknown_track_34,2026-07-23T07:49:19.321+00:00,2026-07-23T07:49:21.290+00:00,1.969,0.9917,sustained_proximity_estimate
ENDED,NDI: SHINJAN (shinjan-pc) [Q2],unknown_track_182,unknown_track_34,2026-07-23T07:49:19.321+00:00,2026-07-23T07:49:21.290+00:00,1.969,1.9021,sustained_proximity_estimate
STARTED,NDI: SHINJAN (shinjan-pc) [Q1],b20659d6-0ffd-4647-bd8e-b9140be6c652,unknown_track_193,2026-07-23T07:49:24.743+00:00,2026-07-23T07:49:25.976+00:00,1.233,1.1379,sustained_proximity_estimate
STARTED,NDI: SHINJAN (shinjan-pc) [Q2],7de79667-0e08-4152-b45d-1958ba84a996,b20659d6-0ffd-4647-bd8e-b9140be6c652,2026-07-23T07:49:24.743+00:00,2026-07-23T07:49:25.976+00:00,1.233,0.9967,sustained_proximity_estimate
STARTED,NDI: SHINJAN (shinjan-pc) [Q2],7de79667-0e08-4152-b45d-1958ba84a996,unknown_track_198,2026-07-23T07:49:24.743+00:00,2026-07-23T07:49:25.976+00:00,1.233,1.7553,sustained_proximity_estimate
STARTED,NDI: SHINJAN (shinjan-pc) [Q2],b20659d6-0ffd-4647-bd8e-b9140be6c652,unknown_track_198,2026-07-23T07:49:24.743+00:00,2026-07-23T07:49:25.976+00:00,1.233,1.4431,sustained_proximity_estimate
UPDATED,NDI: SHINJAN (shinjan-pc) [Q1],b20659d6-0ffd-4647-bd8e-b9140be6c652,unknown_track_193,2026-07-23T07:49:24.743+00:00,2026-07-23T07:49:26.670+00:00,1.927,1.1427,sustained_proximity_estimate
UPDATED,NDI: SHINJAN (shinjan-pc) [Q2],7de79667-0e08-4152-b45d-1958ba84a996,b20659d6-0ffd-4647-bd8e-b9140be6c652,2026-07-23T07:49:24.743+00:00,2026-07-23T07:49:26.670+00:00,1.927,0.8212,sustained_proximity_estimate
UPDATED,NDI: SHINJAN (shinjan-pc) [Q2],7de79667-0e08-4152-b45d-1958ba84a996,unknown_track_198,2026-07-23T07:49:24.743+00:00,2026-07-23T07:49:26.670+00:00,1.927,1.6343,sustained_proximity_estimate
UPDATED,NDI: SHINJAN (shinjan-pc) [Q2],b20659d6-0ffd-4647-bd8e-b9140be6c652,unknown_track_198,2026-07-23T07:49:24.743+00:00,2026-07-23T07:49:26.670+00:00,1.927,1.4629,sustained_proximity_estimate
UPDATED,NDI: SHINJAN (shinjan-pc) [Q1],b20659d6-0ffd-4647-bd8e-b9140be6c652,unknown_track_193,2026-07-23T07:49:24.743+00:00,2026-07-23T07:49:27.371+00:00,2.628,1.1610,sustained_proximity_estimate
UPDATED,NDI: SHINJAN (shinjan-pc) [Q2],7de79667-0e08-4152-b45d-1958ba84a996,b20659d6-0ffd-4647-bd8e-b9140be6c652,2026-07-23T07:49:24.743+00:00,2026-07-23T07:49:27.371+00:00,2.628,0.9514,sustained_proximity_estimate
UPDATED,NDI: SHINJAN (shinjan-pc) [Q2],7de79667-0e08-4152-b45d-1958ba84a996,unknown_track_198,2026-07-23T07:49:24.743+00:00,2026-07-23T07:49:27.371+00:00,2.628,1.7725,sustained_proximity_estimate
UPDATED,NDI: SHINJAN (shinjan-pc) [Q2],b20659d6-0ffd-4647-bd8e-b9140be6c652,unknown_track_198,2026-07-23T07:49:24.743+00:00,2026-07-23T07:49:27.371+00:00,2.628,1.5523,sustained_proximity_estimate
ENDED,NDI: SHINJAN (shinjan-pc) [Q1],b20659d6-0ffd-4647-bd8e-b9140be6c652,unknown_track_193,2026-07-23T07:49:24.743+00:00,2026-07-23T07:49:27.371+00:00,2.628,1.1610,sustained_proximity_estimate
ENDED,NDI: SHINJAN (shinjan-pc) [Q2],7de79667-0e08-4152-b45d-1958ba84a996,b20659d6-0ffd-4647-bd8e-b9140be6c652,2026-07-23T07:49:24.743+00:00,2026-07-23T07:49:27.371+00:00,2.628,0.9514,sustained_proximity_estimate
ENDED,NDI: SHINJAN (shinjan-pc) [Q2],7de79667-0e08-4152-b45d-1958ba84a996,unknown_track_198,2026-07-23T07:49:24.743+00:00,2026-07-23T07:49:27.371+00:00,2.628,1.7725,sustained_proximity_estimate
ENDED,NDI: SHINJAN (shinjan-pc) [Q2],b20659d6-0ffd-4647-bd8e-b9140be6c652,unknown_track_198,2026-07-23T07:49:24.743+00:00,2026-07-23T07:49:27.371+00:00,2.628,1.5523,sustained_proximity_estimate
STARTED,NDI: SHINJAN (shinjan-pc) [Q1],b20659d6-0ffd-4647-bd8e-b9140be6c652,unknown_track_193,2026-07-23T07:49:30.527+00:00,2026-07-23T07:49:31.791+00:00,1.264,1.1932,sustained_proximity_estimate
STARTED,NDI: SHINJAN (shinjan-pc) [Q2],b20659d6-0ffd-4647-bd8e-b9140be6c652,unknown_track_182,2026-07-23T07:49:30.527+00:00,2026-07-23T07:49:31.791+00:00,1.264,1.5716,sustained_proximity_estimate
STARTED,NDI: SHINJAN (shinjan-pc) [Q2],b20659d6-0ffd-4647-bd8e-b9140be6c652,unknown_track_198,2026-07-23T07:49:30.527+00:00,2026-07-23T07:49:31.791+00:00,1.264,1.5189,sustained_proximity_estimate
STARTED,NDI: SHINJAN (shinjan-pc) [Q2],unknown_track_182,unknown_track_198,2026-07-23T07:49:30.527+00:00,2026-07-23T07:49:31.791+00:00,1.264,0.4944,sustained_proximity_estimate
UPDATED,NDI: SHINJAN (shinjan-pc) [Q1],b20659d6-0ffd-4647-bd8e-b9140be6c652,unknown_track_193,2026-07-23T07:49:30.527+00:00,2026-07-23T07:49:32.407+00:00,1.880,1.1949,sustained_proximity_estimate
UPDATED,NDI: SHINJAN (shinjan-pc) [Q2],b20659d6-0ffd-4647-bd8e-b9140be6c652,unknown_track_182,2026-07-23T07:49:30.527+00:00,2026-07-23T07:49:32.407+00:00,1.880,1.5804,sustained_proximity_estimate
UPDATED,NDI: SHINJAN (shinjan-pc) [Q2],b20659d6-0ffd-4647-bd8e-b9140be6c652,unknown_track_198,2026-07-23T07:49:30.527+00:00,2026-07-23T07:49:32.407+00:00,1.880,1.5158,sustained_proximity_estimate
UPDATED,NDI: SHINJAN (shinjan-pc) [Q2],unknown_track_182,unknown_track_198,2026-07-23T07:49:30.527+00:00,2026-07-23T07:49:32.407+00:00,1.880,0.4970,sustained_proximity_estimate
UPDATED,NDI: SHINJAN (shinjan-pc) [Q1],b20659d6-0ffd-4647-bd8e-b9140be6c652,unknown_track_193,2026-07-23T07:49:30.527+00:00,2026-07-23T07:49:33.131+00:00,2.604,1.1914,sustained_proximity_estimate
UPDATED,NDI: SHINJAN (shinjan-pc) [Q2],b20659d6-0ffd-4647-bd8e-b9140be6c652,unknown_track_198,2026-07-23T07:49:30.527+00:00,2026-07-23T07:49:33.131+00:00,2.604,1.5670,sustained_proximity_estimate
ENDED,NDI: SHINJAN (shinjan-pc) [Q1],b20659d6-0ffd-4647-bd8e-b9140be6c652,unknown_track_193,2026-07-23T07:49:30.527+00:00,2026-07-23T07:49:33.131+00:00,2.604,1.1914,sustained_proximity_estimate
ENDED,NDI: SHINJAN (shinjan-pc) [Q2],b20659d6-0ffd-4647-bd8e-b9140be6c652,unknown_track_182,2026-07-23T07:49:30.527+00:00,2026-07-23T07:49:32.407+00:00,1.880,1.5804,sustained_proximity_estimate
ENDED,NDI: SHINJAN (shinjan-pc) [Q2],b20659d6-0ffd-4647-bd8e-b9140be6c652,unknown_track_198,2026-07-23T07:49:30.527+00:00,2026-07-23T07:49:33.131+00:00,2.604,1.5670,sustained_proximity_estimate
ENDED,NDI: SHINJAN (shinjan-pc) [Q2],unknown_track_182,unknown_track_198,2026-07-23T07:49:30.527+00:00,2026-07-23T07:49:32.407+00:00,1.880,0.4970,sustained_proximity_estimate
STARTED,NDI: SHINJAN (shinjan-pc) [Q1],b20659d6-0ffd-4647-bd8e-b9140be6c652,unknown_track_193,2026-07-23T07:49:35.694+00:00,2026-07-23T07:49:36.969+00:00,1.275,1.1593,sustained_proximity_estimate
STARTED,NDI: SHINJAN (shinjan-pc) [Q2],b20659d6-0ffd-4647-bd8e-b9140be6c652,unknown_track_198,2026-07-23T07:49:35.694+00:00,2026-07-23T07:49:36.969+00:00,1.275,1.5358,sustained_proximity_estimate
UPDATED,NDI: SHINJAN (shinjan-pc) [Q1],b20659d6-0ffd-4647-bd8e-b9140be6c652,unknown_track_193,2026-07-23T07:49:35.694+00:00,2026-07-23T07:49:37.599+00:00,1.905,1.1568,sustained_proximity_estimate
UPDATED,NDI: SHINJAN (shinjan-pc) [Q2],b20659d6-0ffd-4647-bd8e-b9140be6c652,unknown_track_198,2026-07-23T07:49:35.694+00:00,2026-07-23T07:49:37.599+00:00,1.905,1.5373,sustained_proximity_estimate
UPDATED,NDI: SHINJAN (shinjan-pc) [Q1],b20659d6-0ffd-4647-bd8e-b9140be6c652,unknown_track_193,2026-07-23T07:49:35.694+00:00,2026-07-23T07:49:38.195+00:00,2.501,1.1610,sustained_proximity_estimate
UPDATED,NDI: SHINJAN (shinjan-pc) [Q2],b20659d6-0ffd-4647-bd8e-b9140be6c652,unknown_track_198,2026-07-23T07:49:35.694+00:00,2026-07-23T07:49:38.195+00:00,2.501,1.5199,sustained_proximity_estimate
ENDED,NDI: SHINJAN (shinjan-pc) [Q1],b20659d6-0ffd-4647-bd8e-b9140be6c652,unknown_track_193,2026-07-23T07:49:35.694+00:00,2026-07-23T07:49:38.195+00:00,2.501,1.1610,sustained_proximity_estimate
ENDED,NDI: SHINJAN (shinjan-pc) [Q2],b20659d6-0ffd-4647-bd8e-b9140be6c652,unknown_track_198,2026-07-23T07:49:35.694+00:00,2026-07-23T07:49:38.195+00:00,2.501,1.5199,sustained_proximity_estimate
STARTED,NDI: SHINJAN (shinjan-pc) [Q1],b20659d6-0ffd-4647-bd8e-b9140be6c652,unknown_track_193,2026-07-23T07:49:40.744+00:00,2026-07-23T07:49:41.972+00:00,1.228,1.3426,sustained_proximity_estimate
STARTED,NDI: SHINJAN (shinjan-pc) [Q2],b20659d6-0ffd-4647-bd8e-b9140be6c652,unknown_track_182,2026-07-23T07:49:40.744+00:00,2026-07-23T07:49:41.972+00:00,1.228,1.6042,sustained_proximity_estimate
STARTED,NDI: SHINJAN (shinjan-pc) [Q2],b20659d6-0ffd-4647-bd8e-b9140be6c652,unknown_track_198,2026-07-23T07:49:40.744+00:00,2026-07-23T07:49:41.972+00:00,1.228,1.6258,sustained_proximity_estimate
STARTED,NDI: SHINJAN (shinjan-pc) [Q2],b20659d6-0ffd-4647-bd8e-b9140be6c652,unknown_track_218,2026-07-23T07:49:40.744+00:00,2026-07-23T07:49:41.972+00:00,1.228,0.8076,sustained_proximity_estimate
STARTED,NDI: SHINJAN (shinjan-pc) [Q2],unknown_track_182,unknown_track_198,2026-07-23T07:49:40.744+00:00,2026-07-23T07:49:41.972+00:00,1.228,0.4198,sustained_proximity_estimate
STARTED,NDI: SHINJAN (shinjan-pc) [Q2],unknown_track_182,unknown_track_218,2026-07-23T07:49:40.744+00:00,2026-07-23T07:49:41.972+00:00,1.228,2.0135,sustained_proximity_estimate
STARTED,NDI: SHINJAN (shinjan-pc) [Q2],unknown_track_198,unknown_track_218,2026-07-23T07:49:40.744+00:00,2026-07-23T07:49:41.972+00:00,1.228,1.9482,sustained_proximity_estimate
UPDATED,NDI: SHINJAN (shinjan-pc) [Q1],b20659d6-0ffd-4647-bd8e-b9140be6c652,unknown_track_193,2026-07-23T07:49:40.744+00:00,2026-07-23T07:49:42.650+00:00,1.906,1.3505,sustained_proximity_estimate
STARTED,NDI: SHINJAN (shinjan-pc) [Q1],b20659d6-0ffd-4647-bd8e-b9140be6c652,unknown_track_221,2026-07-23T07:49:41.337+00:00,2026-07-23T07:49:42.650+00:00,1.313,1.2103,sustained_proximity_estimate
STARTED,NDI: SHINJAN (shinjan-pc) [Q1],unknown_track_193,unknown_track_221,2026-07-23T07:49:41.337+00:00,2026-07-23T07:49:42.650+00:00,1.313,0.2642,sustained_proximity_estimate
UPDATED,NDI: SHINJAN (shinjan-pc) [Q2],b20659d6-0ffd-4647-bd8e-b9140be6c652,unknown_track_182,2026-07-23T07:49:40.744+00:00,2026-07-23T07:49:42.650+00:00,1.906,1.5734,sustained_proximity_estimate
UPDATED,NDI: SHINJAN (shinjan-pc) [Q2],b20659d6-0ffd-4647-bd8e-b9140be6c652,unknown_track_198,2026-07-23T07:49:40.744+00:00,2026-07-23T07:49:42.650+00:00,1.906,1.5691,sustained_proximity_estimate
UPDATED,NDI: SHINJAN (shinjan-pc) [Q2],b20659d6-0ffd-4647-bd8e-b9140be6c652,unknown_track_218,2026-07-23T07:49:40.744+00:00,2026-07-23T07:49:42.650+00:00,1.906,0.8039,sustained_proximity_estimate
UPDATED,NDI: SHINJAN (shinjan-pc) [Q2],unknown_track_182,unknown_track_198,2026-07-23T07:49:40.744+00:00,2026-07-23T07:49:42.650+00:00,1.906,0.4808,sustained_proximity_estimate
UPDATED,NDI: SHINJAN (shinjan-pc) [Q2],unknown_track_182,unknown_track_218,2026-07-23T07:49:40.744+00:00,2026-07-23T07:49:42.650+00:00,1.906,1.9779,sustained_proximity_estimate
UPDATED,NDI: SHINJAN (shinjan-pc) [Q2],unknown_track_198,unknown_track_218,2026-07-23T07:49:40.744+00:00,2026-07-23T07:49:42.650+00:00,1.906,1.8355,sustained_proximity_estimate
UPDATED,NDI: SHINJAN (shinjan-pc) [Q1],b20659d6-0ffd-4647-bd8e-b9140be6c652,unknown_track_193,2026-07-23T07:49:40.744+00:00,2026-07-23T07:49:43.309+00:00,2.565,1.3452,sustained_proximity_estimate
UPDATED,NDI: SHINJAN (shinjan-pc) [Q1],b20659d6-0ffd-4647-bd8e-b9140be6c652,unknown_track_221,2026-07-23T07:49:41.337+00:00,2026-07-23T07:49:43.309+00:00,1.972,1.1524,sustained_proximity_estimate
UPDATED,NDI: SHINJAN (shinjan-pc) [Q1],unknown_track_193,unknown_track_221,2026-07-23T07:49:41.337+00:00,2026-07-23T07:49:43.309+00:00,1.972,0.2732,sustained_proximity_estimate
UPDATED,NDI: SHINJAN (shinjan-pc) [Q2],b20659d6-0ffd-4647-bd8e-b9140be6c652,unknown_track_198,2026-07-23T07:49:40.744+00:00,2026-07-23T07:49:43.309+00:00,2.565,1.6273,sustained_proximity_estimate
UPDATED,NDI: SHINJAN (shinjan-pc) [Q2],b20659d6-0ffd-4647-bd8e-b9140be6c652,unknown_track_218,2026-07-23T07:49:40.744+00:00,2026-07-23T07:49:43.309+00:00,2.565,0.7773,sustained_proximity_estimate
UPDATED,NDI: SHINJAN (shinjan-pc) [Q2],unknown_track_198,unknown_track_218,2026-07-23T07:49:40.744+00:00,2026-07-23T07:49:43.309+00:00,2.565,1.8999,sustained_proximity_estimate
ENDED,NDI: SHINJAN (shinjan-pc) [Q1],b20659d6-0ffd-4647-bd8e-b9140be6c652,unknown_track_193,2026-07-23T07:49:40.744+00:00,2026-07-23T07:49:43.309+00:00,2.565,1.3452,sustained_proximity_estimate
ENDED,NDI: SHINJAN (shinjan-pc) [Q1],b20659d6-0ffd-4647-bd8e-b9140be6c652,unknown_track_221,2026-07-23T07:49:41.337+00:00,2026-07-23T07:49:43.309+00:00,1.972,1.1524,sustained_proximity_estimate
ENDED,NDI: SHINJAN (shinjan-pc) [Q1],unknown_track_193,unknown_track_221,2026-07-23T07:49:41.337+00:00,2026-07-23T07:49:43.309+00:00,1.972,0.2732,sustained_proximity_estimate
ENDED,NDI: SHINJAN (shinjan-pc) [Q2],b20659d6-0ffd-4647-bd8e-b9140be6c652,unknown_track_182,2026-07-23T07:49:40.744+00:00,2026-07-23T07:49:42.650+00:00,1.906,1.5734,sustained_proximity_estimate
ENDED,NDI: SHINJAN (shinjan-pc) [Q2],b20659d6-0ffd-4647-bd8e-b9140be6c652,unknown_track_198,2026-07-23T07:49:40.744+00:00,2026-07-23T07:49:43.309+00:00,2.565,1.6273,sustained_proximity_estimate
ENDED,NDI: SHINJAN (shinjan-pc) [Q2],b20659d6-0ffd-4647-bd8e-b9140be6c652,unknown_track_218,2026-07-23T07:49:40.744+00:00,2026-07-23T07:49:43.309+00:00,2.565,0.7773,sustained_proximity_estimate
ENDED,NDI: SHINJAN (shinjan-pc) [Q2],unknown_track_182,unknown_track_198,2026-07-23T07:49:40.744+00:00,2026-07-23T07:49:42.650+00:00,1.906,0.4808,sustained_proximity_estimate
ENDED,NDI: SHINJAN (shinjan-pc) [Q2],unknown_track_182,unknown_track_218,2026-07-23T07:49:40.744+00:00,2026-07-23T07:49:42.650+00:00,1.906,1.9779,sustained_proximity_estimate
ENDED,NDI: SHINJAN (shinjan-pc) [Q2],unknown_track_198,unknown_track_218,2026-07-23T07:49:40.744+00:00,2026-07-23T07:49:43.309+00:00,2.565,1.8999,sustained_proximity_estimate
STARTED,NDI: SHINJAN (shinjan-pc) [Q1],b20659d6-0ffd-4647-bd8e-b9140be6c652,unknown_track_193,2026-07-23T07:49:45.935+00:00,2026-07-23T07:49:47.125+00:00,1.190,1.3479,sustained_proximity_estimate
STARTED,NDI: SHINJAN (shinjan-pc) [Q2],72dd5b08-3bf1-4c65-bb3e-a4c3f1a443d6,b20659d6-0ffd-4647-bd8e-b9140be6c652,2026-07-23T07:49:45.935+00:00,2026-07-23T07:49:47.125+00:00,1.190,1.6150,sustained_proximity_estimate
STARTED,NDI: SHINJAN (shinjan-pc) [Q2],72dd5b08-3bf1-4c65-bb3e-a4c3f1a443d6,unknown_track_198,2026-07-23T07:49:45.935+00:00,2026-07-23T07:49:47.125+00:00,1.190,0.3998,sustained_proximity_estimate
STARTED,NDI: SHINJAN (shinjan-pc) [Q2],72dd5b08-3bf1-4c65-bb3e-a4c3f1a443d6,unknown_track_218,2026-07-23T07:49:45.935+00:00,2026-07-23T07:49:47.125+00:00,1.190,1.9453,sustained_proximity_estimate
STARTED,NDI: SHINJAN (shinjan-pc) [Q2],b20659d6-0ffd-4647-bd8e-b9140be6c652,unknown_track_198,2026-07-23T07:49:45.935+00:00,2026-07-23T07:49:47.125+00:00,1.190,1.6010,sustained_proximity_estimate
STARTED,NDI: SHINJAN (shinjan-pc) [Q2],b20659d6-0ffd-4647-bd8e-b9140be6c652,unknown_track_218,2026-07-23T07:49:45.935+00:00,2026-07-23T07:49:47.125+00:00,1.190,0.8343,sustained_proximity_estimate
STARTED,NDI: SHINJAN (shinjan-pc) [Q2],unknown_track_198,unknown_track_218,2026-07-23T07:49:45.935+00:00,2026-07-23T07:49:47.125+00:00,1.190,1.8629,sustained_proximity_estimate
STARTED,NDI: SHINJAN (shinjan-pc) [Q1],b20659d6-0ffd-4647-bd8e-b9140be6c652,unknown_track_169,2026-07-23T07:49:46.551+00:00,2026-07-23T07:49:47.831+00:00,1.280,0.9934,sustained_proximity_estimate
UPDATED,NDI: SHINJAN (shinjan-pc) [Q1],b20659d6-0ffd-4647-bd8e-b9140be6c652,unknown_track_193,2026-07-23T07:49:45.935+00:00,2026-07-23T07:49:47.831+00:00,1.896,1.3455,sustained_proximity_estimate
STARTED,NDI: SHINJAN (shinjan-pc) [Q1],unknown_track_169,unknown_track_193,2026-07-23T07:49:46.551+00:00,2026-07-23T07:49:47.831+00:00,1.280,1.3900,sustained_proximity_estimate
UPDATED,NDI: SHINJAN (shinjan-pc) [Q2],72dd5b08-3bf1-4c65-bb3e-a4c3f1a443d6,b20659d6-0ffd-4647-bd8e-b9140be6c652,2026-07-23T07:49:45.935+00:00,2026-07-23T07:49:47.831+00:00,1.896,1.6471,sustained_proximity_estimate
UPDATED,NDI: SHINJAN (shinjan-pc) [Q2],72dd5b08-3bf1-4c65-bb3e-a4c3f1a443d6,unknown_track_198,2026-07-23T07:49:45.935+00:00,2026-07-23T07:49:47.831+00:00,1.896,0.3981,sustained_proximity_estimate
UPDATED,NDI: SHINJAN (shinjan-pc) [Q2],72dd5b08-3bf1-4c65-bb3e-a4c3f1a443d6,unknown_track_218,2026-07-23T07:49:45.935+00:00,2026-07-23T07:49:47.831+00:00,1.896,1.8906,sustained_proximity_estimate
UPDATED,NDI: SHINJAN (shinjan-pc) [Q2],b20659d6-0ffd-4647-bd8e-b9140be6c652,unknown_track_198,2026-07-23T07:49:45.935+00:00,2026-07-23T07:49:47.831+00:00,1.896,1.6251,sustained_proximity_estimate
UPDATED,NDI: SHINJAN (shinjan-pc) [Q2],b20659d6-0ffd-4647-bd8e-b9140be6c652,unknown_track_218,2026-07-23T07:49:45.935+00:00,2026-07-23T07:49:47.831+00:00,1.896,0.8161,sustained_proximity_estimate
UPDATED,NDI: SHINJAN (shinjan-pc) [Q2],unknown_track_198,unknown_track_218,2026-07-23T07:49:45.935+00:00,2026-07-23T07:49:47.831+00:00,1.896,1.8242,sustained_proximity_estimate
UPDATED,NDI: SHINJAN (shinjan-pc) [Q1],b20659d6-0ffd-4647-bd8e-b9140be6c652,unknown_track_169,2026-07-23T07:49:46.551+00:00,2026-07-23T07:49:48.454+00:00,1.903,1.0230,sustained_proximity_estimate
UPDATED,NDI: SHINJAN (shinjan-pc) [Q1],b20659d6-0ffd-4647-bd8e-b9140be6c652,unknown_track_193,2026-07-23T07:49:45.935+00:00,2026-07-23T07:49:48.454+00:00,2.519,1.2407,sustained_proximity_estimate
UPDATED,NDI: SHINJAN (shinjan-pc) [Q1],unknown_track_169,unknown_track_193,2026-07-23T07:49:46.551+00:00,2026-07-23T07:49:48.454+00:00,1.903,1.2981,sustained_proximity_estimate
UPDATED,NDI: SHINJAN (shinjan-pc) [Q2],72dd5b08-3bf1-4c65-bb3e-a4c3f1a443d6,b20659d6-0ffd-4647-bd8e-b9140be6c652,2026-07-23T07:49:45.935+00:00,2026-07-23T07:49:48.454+00:00,2.519,1.6721,sustained_proximity_estimate
UPDATED,NDI: SHINJAN (shinjan-pc) [Q2],72dd5b08-3bf1-4c65-bb3e-a4c3f1a443d6,unknown_track_198,2026-07-23T07:49:45.935+00:00,2026-07-23T07:49:48.454+00:00,2.519,0.3587,sustained_proximity_estimate
UPDATED,NDI: SHINJAN (shinjan-pc) [Q2],72dd5b08-3bf1-4c65-bb3e-a4c3f1a443d6,unknown_track_218,2026-07-23T07:49:45.935+00:00,2026-07-23T07:49:48.454+00:00,2.519,1.8945,sustained_proximity_estimate
UPDATED,NDI: SHINJAN (shinjan-pc) [Q2],b20659d6-0ffd-4647-bd8e-b9140be6c652,unknown_track_198,2026-07-23T07:49:45.935+00:00,2026-07-23T07:49:48.454+00:00,2.519,1.5888,sustained_proximity_estimate
UPDATED,NDI: SHINJAN (shinjan-pc) [Q2],b20659d6-0ffd-4647-bd8e-b9140be6c652,unknown_track_218,2026-07-23T07:49:45.935+00:00,2026-07-23T07:49:48.454+00:00,2.519,0.8222,sustained_proximity_estimate
UPDATED,NDI: SHINJAN (shinjan-pc) [Q2],unknown_track_198,unknown_track_218,2026-07-23T07:49:45.935+00:00,2026-07-23T07:49:48.454+00:00,2.519,1.7930,sustained_proximity_estimate
ENDED,NDI: SHINJAN (shinjan-pc) [Q1],b20659d6-0ffd-4647-bd8e-b9140be6c652,unknown_track_169,2026-07-23T07:49:46.551+00:00,2026-07-23T07:49:48.454+00:00,1.903,1.0230,sustained_proximity_estimate
ENDED,NDI: SHINJAN (shinjan-pc) [Q1],b20659d6-0ffd-4647-bd8e-b9140be6c652,unknown_track_193,2026-07-23T07:49:45.935+00:00,2026-07-23T07:49:48.454+00:00,2.519,1.2407,sustained_proximity_estimate
ENDED,NDI: SHINJAN (shinjan-pc) [Q1],unknown_track_169,unknown_track_193,2026-07-23T07:49:46.551+00:00,2026-07-23T07:49:48.454+00:00,1.903,1.2981,sustained_proximity_estimate
ENDED,NDI: SHINJAN (shinjan-pc) [Q2],72dd5b08-3bf1-4c65-bb3e-a4c3f1a443d6,b20659d6-0ffd-4647-bd8e-b9140be6c652,2026-07-23T07:49:45.935+00:00,2026-07-23T07:49:48.454+00:00,2.519,1.6721,sustained_proximity_estimate
ENDED,NDI: SHINJAN (shinjan-pc) [Q2],72dd5b08-3bf1-4c65-bb3e-a4c3f1a443d6,unknown_track_198,2026-07-23T07:49:45.935+00:00,2026-07-23T07:49:48.454+00:00,2.519,0.3587,sustained_proximity_estimate
ENDED,NDI: SHINJAN (shinjan-pc) [Q2],72dd5b08-3bf1-4c65-bb3e-a4c3f1a443d6,unknown_track_218,2026-07-23T07:49:45.935+00:00,2026-07-23T07:49:48.454+00:00,2.519,1.8945,sustained_proximity_estimate
ENDED,NDI: SHINJAN (shinjan-pc) [Q2],b20659d6-0ffd-4647-bd8e-b9140be6c652,unknown_track_198,2026-07-23T07:49:45.935+00:00,2026-07-23T07:49:48.454+00:00,2.519,1.5888,sustained_proximity_estimate
ENDED,NDI: SHINJAN (shinjan-pc) [Q2],b20659d6-0ffd-4647-bd8e-b9140be6c652,unknown_track_218,2026-07-23T07:49:45.935+00:00,2026-07-23T07:49:48.454+00:00,2.519,0.8222,sustained_proximity_estimate
ENDED,NDI: SHINJAN (shinjan-pc) [Q2],unknown_track_198,unknown_track_218,2026-07-23T07:49:45.935+00:00,2026-07-23T07:49:48.454+00:00,2.519,1.7930,sustained_proximity_estimate
STARTED,NDI: SHINJAN (shinjan-pc) [Q1],b20659d6-0ffd-4647-bd8e-b9140be6c652,unknown_track_169,2026-07-23T07:49:52.133+00:00,2026-07-23T07:49:53.411+00:00,1.278,0.7684,sustained_proximity_estimate
STARTED,NDI: SHINJAN (shinjan-pc) [Q1],b20659d6-0ffd-4647-bd8e-b9140be6c652,unknown_track_221,2026-07-23T07:49:52.133+00:00,2026-07-23T07:49:53.411+00:00,1.278,1.2847,sustained_proximity_estimate
STARTED,NDI: SHINJAN (shinjan-pc) [Q1],unknown_track_169,unknown_track_221,2026-07-23T07:49:52.133+00:00,2026-07-23T07:49:53.411+00:00,1.278,0.9498,sustained_proximity_estimate
STARTED,NDI: SHINJAN (shinjan-pc) [Q2],72dd5b08-3bf1-4c65-bb3e-a4c3f1a443d6,b20659d6-0ffd-4647-bd8e-b9140be6c652,2026-07-23T07:49:52.133+00:00,2026-07-23T07:49:53.411+00:00,1.278,1.5597,sustained_proximity_estimate
STARTED,NDI: SHINJAN (shinjan-pc) [Q2],72dd5b08-3bf1-4c65-bb3e-a4c3f1a443d6,unknown_track_218,2026-07-23T07:49:52.133+00:00,2026-07-23T07:49:53.411+00:00,1.278,1.6952,sustained_proximity_estimate
STARTED,NDI: SHINJAN (shinjan-pc) [Q2],b20659d6-0ffd-4647-bd8e-b9140be6c652,unknown_track_218,2026-07-23T07:49:52.133+00:00,2026-07-23T07:49:53.411+00:00,1.278,0.7875,sustained_proximity_estimate
UPDATED,NDI: SHINJAN (shinjan-pc) [Q1],b20659d6-0ffd-4647-bd8e-b9140be6c652,unknown_track_169,2026-07-23T07:49:52.133+00:00,2026-07-23T07:49:54.228+00:00,2.095,0.7844,sustained_proximity_estimate
UPDATED,NDI: SHINJAN (shinjan-pc) [Q1],b20659d6-0ffd-4647-bd8e-b9140be6c652,unknown_track_221,2026-07-23T07:49:52.133+00:00,2026-07-23T07:49:54.228+00:00,2.095,1.3511,sustained_proximity_estimate
UPDATED,NDI: SHINJAN (shinjan-pc) [Q1],unknown_track_169,unknown_track_221,2026-07-23T07:49:52.133+00:00,2026-07-23T07:49:54.228+00:00,2.095,0.9081,sustained_proximity_estimate
UPDATED,NDI: SHINJAN (shinjan-pc) [Q2],72dd5b08-3bf1-4c65-bb3e-a4c3f1a443d6,b20659d6-0ffd-4647-bd8e-b9140be6c652,2026-07-23T07:49:52.133+00:00,2026-07-23T07:49:54.228+00:00,2.095,1.5179,sustained_proximity_estimate
UPDATED,NDI: SHINJAN (shinjan-pc) [Q2],72dd5b08-3bf1-4c65-bb3e-a4c3f1a443d6,unknown_track_218,2026-07-23T07:49:52.133+00:00,2026-07-23T07:49:54.228+00:00,2.095,1.6714,sustained_proximity_estimate
UPDATED,NDI: SHINJAN (shinjan-pc) [Q2],b20659d6-0ffd-4647-bd8e-b9140be6c652,unknown_track_218,2026-07-23T07:49:52.133+00:00,2026-07-23T07:49:54.228+00:00,2.095,0.8039,sustained_proximity_estimate
UPDATED,NDI: SHINJAN (shinjan-pc) [Q1],b20659d6-0ffd-4647-bd8e-b9140be6c652,unknown_track_169,2026-07-23T07:49:52.133+00:00,2026-07-23T07:49:54.924+00:00,2.791,0.7938,sustained_proximity_estimate
UPDATED,NDI: SHINJAN (shinjan-pc) [Q1],b20659d6-0ffd-4647-bd8e-b9140be6c652,unknown_track_221,2026-07-23T07:49:52.133+00:00,2026-07-23T07:49:54.924+00:00,2.791,1.5927,sustained_proximity_estimate
UPDATED,NDI: SHINJAN (shinjan-pc) [Q1],unknown_track_169,unknown_track_221,2026-07-23T07:49:52.133+00:00,2026-07-23T07:49:54.924+00:00,2.791,1.0596,sustained_proximity_estimate
UPDATED,NDI: SHINJAN (shinjan-pc) [Q2],72dd5b08-3bf1-4c65-bb3e-a4c3f1a443d6,b20659d6-0ffd-4647-bd8e-b9140be6c652,2026-07-23T07:49:52.133+00:00,2026-07-23T07:49:54.924+00:00,2.791,1.5141,sustained_proximity_estimate
UPDATED,NDI: SHINJAN (shinjan-pc) [Q2],72dd5b08-3bf1-4c65-bb3e-a4c3f1a443d6,unknown_track_218,2026-07-23T07:49:52.133+00:00,2026-07-23T07:49:54.924+00:00,2.791,1.6764,sustained_proximity_estimate
UPDATED,NDI: SHINJAN (shinjan-pc) [Q2],b20659d6-0ffd-4647-bd8e-b9140be6c652,unknown_track_218,2026-07-23T07:49:52.133+00:00,2026-07-23T07:49:54.924+00:00,2.791,0.8171,sustained_proximity_estimate
ENDED,NDI: SHINJAN (shinjan-pc) [Q1],b20659d6-0ffd-4647-bd8e-b9140be6c652,unknown_track_169,2026-07-23T07:49:52.133+00:00,2026-07-23T07:49:54.924+00:00,2.791,0.7938,sustained_proximity_estimate
ENDED,NDI: SHINJAN (shinjan-pc) [Q1],b20659d6-0ffd-4647-bd8e-b9140be6c652,unknown_track_221,2026-07-23T07:49:52.133+00:00,2026-07-23T07:49:54.924+00:00,2.791,1.5927,sustained_proximity_estimate
ENDED,NDI: SHINJAN (shinjan-pc) [Q1],unknown_track_169,unknown_track_221,2026-07-23T07:49:52.133+00:00,2026-07-23T07:49:54.924+00:00,2.791,1.0596,sustained_proximity_estimate
ENDED,NDI: SHINJAN (shinjan-pc) [Q2],72dd5b08-3bf1-4c65-bb3e-a4c3f1a443d6,b20659d6-0ffd-4647-bd8e-b9140be6c652,2026-07-23T07:49:52.133+00:00,2026-07-23T07:49:54.924+00:00,2.791,1.5141,sustained_proximity_estimate
ENDED,NDI: SHINJAN (shinjan-pc) [Q2],72dd5b08-3bf1-4c65-bb3e-a4c3f1a443d6,unknown_track_218,2026-07-23T07:49:52.133+00:00,2026-07-23T07:49:54.924+00:00,2.791,1.6764,sustained_proximity_estimate
ENDED,NDI: SHINJAN (shinjan-pc) [Q2],b20659d6-0ffd-4647-bd8e-b9140be6c652,unknown_track_218,2026-07-23T07:49:52.133+00:00,2026-07-23T07:49:54.924+00:00,2.791,0.8171,sustained_proximity_estimate
STARTED,NDI: SHINJAN (shinjan-pc) [Q1],b20659d6-0ffd-4647-bd8e-b9140be6c652,unknown_track_253,2026-07-23T07:49:58.247+00:00,2026-07-23T07:49:59.523+00:00,1.276,0.9651,sustained_proximity_estimate
STARTED,NDI: SHINJAN (shinjan-pc) [Q2],72dd5b08-3bf1-4c65-bb3e-a4c3f1a443d6,7de79667-0e08-4152-b45d-1958ba84a996,2026-07-23T07:49:58.247+00:00,2026-07-23T07:49:59.523+00:00,1.276,1.9292,sustained_proximity_estimate
STARTED,NDI: SHINJAN (shinjan-pc) [Q2],72dd5b08-3bf1-4c65-bb3e-a4c3f1a443d6,b20659d6-0ffd-4647-bd8e-b9140be6c652,2026-07-23T07:49:58.247+00:00,2026-07-23T07:49:59.523+00:00,1.276,1.4036,sustained_proximity_estimate
STARTED,NDI: SHINJAN (shinjan-pc) [Q2],7de79667-0e08-4152-b45d-1958ba84a996,b20659d6-0ffd-4647-bd8e-b9140be6c652,2026-07-23T07:49:58.247+00:00,2026-07-23T07:49:59.523+00:00,1.276,0.8632,sustained_proximity_estimate
UPDATED,NDI: SHINJAN (shinjan-pc) [Q1],b20659d6-0ffd-4647-bd8e-b9140be6c652,unknown_track_253,2026-07-23T07:49:58.247+00:00,2026-07-23T07:50:00.175+00:00,1.928,0.9470,sustained_proximity_estimate
UPDATED,NDI: SHINJAN (shinjan-pc) [Q2],72dd5b08-3bf1-4c65-bb3e-a4c3f1a443d6,7de79667-0e08-4152-b45d-1958ba84a996,2026-07-23T07:49:58.247+00:00,2026-07-23T07:50:00.175+00:00,1.928,1.9561,sustained_proximity_estimate
UPDATED,NDI: SHINJAN (shinjan-pc) [Q2],72dd5b08-3bf1-4c65-bb3e-a4c3f1a443d6,b20659d6-0ffd-4647-bd8e-b9140be6c652,2026-07-23T07:49:58.247+00:00,2026-07-23T07:50:00.175+00:00,1.928,1.3004,sustained_proximity_estimate
UPDATED,NDI: SHINJAN (shinjan-pc) [Q2],7de79667-0e08-4152-b45d-1958ba84a996,b20659d6-0ffd-4647-bd8e-b9140be6c652,2026-07-23T07:49:58.247+00:00,2026-07-23T07:50:00.175+00:00,1.928,0.9627,sustained_proximity_estimate
STARTED,NDI: SHINJAN (shinjan-pc) [Q1],b20659d6-0ffd-4647-bd8e-b9140be6c652,unknown_track_221,2026-07-23T07:49:59.523+00:00,2026-07-23T07:50:00.836+00:00,1.313,1.9126,sustained_proximity_estimate
UPDATED,NDI: SHINJAN (shinjan-pc) [Q1],b20659d6-0ffd-4647-bd8e-b9140be6c652,unknown_track_253,2026-07-23T07:49:58.247+00:00,2026-07-23T07:50:00.836+00:00,2.589,0.9761,sustained_proximity_estimate
STARTED,NDI: SHINJAN (shinjan-pc) [Q1],unknown_track_221,unknown_track_253,2026-07-23T07:49:59.523+00:00,2026-07-23T07:50:00.836+00:00,1.313,0.6995,sustained_proximity_estimate
UPDATED,NDI: SHINJAN (shinjan-pc) [Q2],72dd5b08-3bf1-4c65-bb3e-a4c3f1a443d6,b20659d6-0ffd-4647-bd8e-b9140be6c652,2026-07-23T07:49:58.247+00:00,2026-07-23T07:50:00.836+00:00,2.589,1.3066,sustained_proximity_estimate
ENDED,NDI: SHINJAN (shinjan-pc) [Q1],b20659d6-0ffd-4647-bd8e-b9140be6c652,unknown_track_221,2026-07-23T07:49:59.523+00:00,2026-07-23T07:50:00.836+00:00,1.313,1.9126,sustained_proximity_estimate
ENDED,NDI: SHINJAN (shinjan-pc) [Q1],b20659d6-0ffd-4647-bd8e-b9140be6c652,unknown_track_253,2026-07-23T07:49:58.247+00:00,2026-07-23T07:50:00.836+00:00,2.589,0.9761,sustained_proximity_estimate
ENDED,NDI: SHINJAN (shinjan-pc) [Q1],unknown_track_221,unknown_track_253,2026-07-23T07:49:59.523+00:00,2026-07-23T07:50:00.836+00:00,1.313,0.6995,sustained_proximity_estimate
ENDED,NDI: SHINJAN (shinjan-pc) [Q2],72dd5b08-3bf1-4c65-bb3e-a4c3f1a443d6,7de79667-0e08-4152-b45d-1958ba84a996,2026-07-23T07:49:58.247+00:00,2026-07-23T07:50:00.175+00:00,1.928,1.9561,sustained_proximity_estimate
ENDED,NDI: SHINJAN (shinjan-pc) [Q2],72dd5b08-3bf1-4c65-bb3e-a4c3f1a443d6,b20659d6-0ffd-4647-bd8e-b9140be6c652,2026-07-23T07:49:58.247+00:00,2026-07-23T07:50:00.836+00:00,2.589,1.3066,sustained_proximity_estimate
ENDED,NDI: SHINJAN (shinjan-pc) [Q2],7de79667-0e08-4152-b45d-1958ba84a996,b20659d6-0ffd-4647-bd8e-b9140be6c652,2026-07-23T07:49:58.247+00:00,2026-07-23T07:50:00.175+00:00,1.928,0.9627,sustained_proximity_estimate
STARTED,NDI: SHINJAN (shinjan-pc) [Q1],b20659d6-0ffd-4647-bd8e-b9140be6c652,unknown_track_253,2026-07-23T07:50:03.499+00:00,2026-07-23T07:50:05.116+00:00,1.617,1.2872,sustained_proximity_estimate
STARTED,NDI: SHINJAN (shinjan-pc) [Q2],72dd5b08-3bf1-4c65-bb3e-a4c3f1a443d6,b20659d6-0ffd-4647-bd8e-b9140be6c652,2026-07-23T07:50:03.499+00:00,2026-07-23T07:50:05.116+00:00,1.617,1.6058,sustained_proximity_estimate
STARTED,NDI: SHINJAN (shinjan-pc) [Q2],72dd5b08-3bf1-4c65-bb3e-a4c3f1a443d6,unknown_track_198,2026-07-23T07:50:03.499+00:00,2026-07-23T07:50:05.116+00:00,1.617,0.4365,sustained_proximity_estimate
STARTED,NDI: SHINJAN (shinjan-pc) [Q2],b20659d6-0ffd-4647-bd8e-b9140be6c652,unknown_track_198,2026-07-23T07:50:03.499+00:00,2026-07-23T07:50:05.116+00:00,1.617,1.8645,sustained_proximity_estimate
UPDATED,NDI: SHINJAN (shinjan-pc) [Q1],b20659d6-0ffd-4647-bd8e-b9140be6c652,unknown_track_253,2026-07-23T07:50:03.499+00:00,2026-07-23T07:50:05.814+00:00,2.315,1.3256,sustained_proximity_estimate
UPDATED,NDI: SHINJAN (shinjan-pc) [Q2],72dd5b08-3bf1-4c65-bb3e-a4c3f1a443d6,b20659d6-0ffd-4647-bd8e-b9140be6c652,2026-07-23T07:50:03.499+00:00,2026-07-23T07:50:05.814+00:00,2.315,1.6304,sustained_proximity_estimate
UPDATED,NDI: SHINJAN (shinjan-pc) [Q2],72dd5b08-3bf1-4c65-bb3e-a4c3f1a443d6,unknown_track_198,2026-07-23T07:50:03.499+00:00,2026-07-23T07:50:05.814+00:00,2.315,0.4154,sustained_proximity_estimate
UPDATED,NDI: SHINJAN (shinjan-pc) [Q2],b20659d6-0ffd-4647-bd8e-b9140be6c652,unknown_track_198,2026-07-23T07:50:03.499+00:00,2026-07-23T07:50:05.814+00:00,2.315,1.9032,sustained_proximity_estimate
UPDATED,NDI: SHINJAN (shinjan-pc) [Q1],b20659d6-0ffd-4647-bd8e-b9140be6c652,unknown_track_253,2026-07-23T07:50:03.499+00:00,2026-07-23T07:50:06.549+00:00,3.050,1.3320,sustained_proximity_estimate
UPDATED,NDI: SHINJAN (shinjan-pc) [Q2],72dd5b08-3bf1-4c65-bb3e-a4c3f1a443d6,b20659d6-0ffd-4647-bd8e-b9140be6c652,2026-07-23T07:50:03.499+00:00,2026-07-23T07:50:06.549+00:00,3.050,1.5782,sustained_proximity_estimate
UPDATED,NDI: SHINJAN (shinjan-pc) [Q2],72dd5b08-3bf1-4c65-bb3e-a4c3f1a443d6,unknown_track_198,2026-07-23T07:50:03.499+00:00,2026-07-23T07:50:06.549+00:00,3.050,0.4725,sustained_proximity_estimate
UPDATED,NDI: SHINJAN (shinjan-pc) [Q2],b20659d6-0ffd-4647-bd8e-b9140be6c652,unknown_track_198,2026-07-23T07:50:03.499+00:00,2026-07-23T07:50:06.549+00:00,3.050,1.9348,sustained_proximity_estimate
ENDED,NDI: SHINJAN (shinjan-pc) [Q1],b20659d6-0ffd-4647-bd8e-b9140be6c652,unknown_track_253,2026-07-23T07:50:03.499+00:00,2026-07-23T07:50:06.549+00:00,3.050,1.3320,sustained_proximity_estimate
ENDED,NDI: SHINJAN (shinjan-pc) [Q2],72dd5b08-3bf1-4c65-bb3e-a4c3f1a443d6,b20659d6-0ffd-4647-bd8e-b9140be6c652,2026-07-23T07:50:03.499+00:00,2026-07-23T07:50:06.549+00:00,3.050,1.5782,sustained_proximity_estimate
ENDED,NDI: SHINJAN (shinjan-pc) [Q2],72dd5b08-3bf1-4c65-bb3e-a4c3f1a443d6,unknown_track_198,2026-07-23T07:50:03.499+00:00,2026-07-23T07:50:06.549+00:00,3.050,0.4725,sustained_proximity_estimate
ENDED,NDI: SHINJAN (shinjan-pc) [Q2],b20659d6-0ffd-4647-bd8e-b9140be6c652,unknown_track_198,2026-07-23T07:50:03.499+00:00,2026-07-23T07:50:06.549+00:00,3.050,1.9348,sustained_proximity_estimate
STARTED,NDI: SHINJAN (shinjan-pc) [Q1],b20659d6-0ffd-4647-bd8e-b9140be6c652,unknown_track_253,2026-07-23T07:50:10.051+00:00,2026-07-23T07:50:11.264+00:00,1.213,1.3588,sustained_proximity_estimate
STARTED,NDI: SHINJAN (shinjan-pc) [Q2],72dd5b08-3bf1-4c65-bb3e-a4c3f1a443d6,b20659d6-0ffd-4647-bd8e-b9140be6c652,2026-07-23T07:50:10.051+00:00,2026-07-23T07:50:11.264+00:00,1.213,1.5826,sustained_proximity_estimate
STARTED,NDI: SHINJAN (shinjan-pc) [Q2],72dd5b08-3bf1-4c65-bb3e-a4c3f1a443d6,unknown_track_198,2026-07-23T07:50:10.051+00:00,2026-07-23T07:50:11.264+00:00,1.213,0.6704,sustained_proximity_estimate
STARTED,NDI: SHINJAN (shinjan-pc) [Q2],7de79667-0e08-4152-b45d-1958ba84a996,b20659d6-0ffd-4647-bd8e-b9140be6c652,2026-07-23T07:50:10.051+00:00,2026-07-23T07:50:11.264+00:00,1.213,0.8178,sustained_proximity_estimate
UPDATED,NDI: SHINJAN (shinjan-pc) [Q1],b20659d6-0ffd-4647-bd8e-b9140be6c652,unknown_track_253,2026-07-23T07:50:10.051+00:00,2026-07-23T07:50:11.900+00:00,1.849,1.4031,sustained_proximity_estimate
UPDATED,NDI: SHINJAN (shinjan-pc) [Q2],72dd5b08-3bf1-4c65-bb3e-a4c3f1a443d6,b20659d6-0ffd-4647-bd8e-b9140be6c652,2026-07-23T07:50:10.051+00:00,2026-07-23T07:50:11.900+00:00,1.849,1.5973,sustained_proximity_estimate
UPDATED,NDI: SHINJAN (shinjan-pc) [Q2],72dd5b08-3bf1-4c65-bb3e-a4c3f1a443d6,unknown_track_198,2026-07-23T07:50:10.051+00:00,2026-07-23T07:50:11.900+00:00,1.849,0.8102,sustained_proximity_estimate
UPDATED,NDI: SHINJAN (shinjan-pc) [Q2],7de79667-0e08-4152-b45d-1958ba84a996,b20659d6-0ffd-4647-bd8e-b9140be6c652,2026-07-23T07:50:10.051+00:00,2026-07-23T07:50:11.900+00:00,1.849,0.8332,sustained_proximity_estimate
UPDATED,NDI: SHINJAN (shinjan-pc) [Q1],b20659d6-0ffd-4647-bd8e-b9140be6c652,unknown_track_253,2026-07-23T07:50:10.051+00:00,2026-07-23T07:50:12.849+00:00,2.798,1.3784,sustained_proximity_estimate
STARTED,NDI: SHINJAN (shinjan-pc) [Q2],72dd5b08-3bf1-4c65-bb3e-a4c3f1a443d6,7de79667-0e08-4152-b45d-1958ba84a996,2026-07-23T07:50:11.264+00:00,2026-07-23T07:50:12.849+00:00,1.585,2.0583,sustained_proximity_estimate
UPDATED,NDI: SHINJAN (shinjan-pc) [Q2],72dd5b08-3bf1-4c65-bb3e-a4c3f1a443d6,b20659d6-0ffd-4647-bd8e-b9140be6c652,2026-07-23T07:50:10.051+00:00,2026-07-23T07:50:12.849+00:00,2.798,1.6811,sustained_proximity_estimate
UPDATED,NDI: SHINJAN (shinjan-pc) [Q2],72dd5b08-3bf1-4c65-bb3e-a4c3f1a443d6,unknown_track_198,2026-07-23T07:50:10.051+00:00,2026-07-23T07:50:12.849+00:00,2.798,0.8427,sustained_proximity_estimate
UPDATED,NDI: SHINJAN (shinjan-pc) [Q2],7de79667-0e08-4152-b45d-1958ba84a996,b20659d6-0ffd-4647-bd8e-b9140be6c652,2026-07-23T07:50:10.051+00:00,2026-07-23T07:50:12.849+00:00,2.798,0.8460,sustained_proximity_estimate
ENDED,NDI: SHINJAN (shinjan-pc) [Q1],b20659d6-0ffd-4647-bd8e-b9140be6c652,unknown_track_253,2026-07-23T07:50:10.051+00:00,2026-07-23T07:50:12.849+00:00,2.798,1.3784,sustained_proximity_estimate
ENDED,NDI: SHINJAN (shinjan-pc) [Q2],72dd5b08-3bf1-4c65-bb3e-a4c3f1a443d6,7de79667-0e08-4152-b45d-1958ba84a996,2026-07-23T07:50:11.264+00:00,2026-07-23T07:50:12.849+00:00,1.585,2.0583,sustained_proximity_estimate
ENDED,NDI: SHINJAN (shinjan-pc) [Q2],72dd5b08-3bf1-4c65-bb3e-a4c3f1a443d6,b20659d6-0ffd-4647-bd8e-b9140be6c652,2026-07-23T07:50:10.051+00:00,2026-07-23T07:50:12.849+00:00,2.798,1.6811,sustained_proximity_estimate
ENDED,NDI: SHINJAN (shinjan-pc) [Q2],72dd5b08-3bf1-4c65-bb3e-a4c3f1a443d6,unknown_track_198,2026-07-23T07:50:10.051+00:00,2026-07-23T07:50:12.849+00:00,2.798,0.8427,sustained_proximity_estimate
ENDED,NDI: SHINJAN (shinjan-pc) [Q2],7de79667-0e08-4152-b45d-1958ba84a996,b20659d6-0ffd-4647-bd8e-b9140be6c652,2026-07-23T07:50:10.051+00:00,2026-07-23T07:50:12.849+00:00,2.798,0.8460,sustained_proximity_estimate
STARTED,NDI: SHINJAN (shinjan-pc) [Q1],b20659d6-0ffd-4647-bd8e-b9140be6c652,unknown_track_193,2026-07-23T07:50:16.379+00:00,2026-07-23T07:50:17.627+00:00,1.248,1.2786,sustained_proximity_estimate
STARTED,NDI: SHINJAN (shinjan-pc) [Q2],72dd5b08-3bf1-4c65-bb3e-a4c3f1a443d6,b20659d6-0ffd-4647-bd8e-b9140be6c652,2026-07-23T07:50:16.379+00:00,2026-07-23T07:50:17.627+00:00,1.248,1.7896,sustained_proximity_estimate
STARTED,NDI: SHINJAN (shinjan-pc) [Q2],72dd5b08-3bf1-4c65-bb3e-a4c3f1a443d6,unknown_track_198,2026-07-23T07:50:16.379+00:00,2026-07-23T07:50:17.627+00:00,1.248,0.8149,sustained_proximity_estimate
STARTED,NDI: SHINJAN (shinjan-pc) [Q2],7de79667-0e08-4152-b45d-1958ba84a996,b20659d6-0ffd-4647-bd8e-b9140be6c652,2026-07-23T07:50:16.379+00:00,2026-07-23T07:50:17.627+00:00,1.248,0.9271,sustained_proximity_estimate
UPDATED,NDI: SHINJAN (shinjan-pc) [Q1],b20659d6-0ffd-4647-bd8e-b9140be6c652,unknown_track_193,2026-07-23T07:50:16.379+00:00,2026-07-23T07:50:18.246+00:00,1.867,1.2663,sustained_proximity_estimate
UPDATED,NDI: SHINJAN (shinjan-pc) [Q2],72dd5b08-3bf1-4c65-bb3e-a4c3f1a443d6,b20659d6-0ffd-4647-bd8e-b9140be6c652,2026-07-23T07:50:16.379+00:00,2026-07-23T07:50:18.246+00:00,1.867,1.6656,sustained_proximity_estimate
UPDATED,NDI: SHINJAN (shinjan-pc) [Q2],72dd5b08-3bf1-4c65-bb3e-a4c3f1a443d6,unknown_track_198,2026-07-23T07:50:16.379+00:00,2026-07-23T07:50:18.246+00:00,1.867,0.7661,sustained_proximity_estimate
UPDATED,NDI: SHINJAN (shinjan-pc) [Q2],7de79667-0e08-4152-b45d-1958ba84a996,b20659d6-0ffd-4647-bd8e-b9140be6c652,2026-07-23T07:50:16.379+00:00,2026-07-23T07:50:18.246+00:00,1.867,0.9705,sustained_proximity_estimate
STARTED,NDI: SHINJAN (shinjan-pc) [Q2],b20659d6-0ffd-4647-bd8e-b9140be6c652,unknown_track_198,2026-07-23T07:50:17.043+00:00,2026-07-23T07:50:18.246+00:00,1.203,1.6511,sustained_proximity_estimate
UPDATED,NDI: SHINJAN (shinjan-pc) [Q1],b20659d6-0ffd-4647-bd8e-b9140be6c652,unknown_track_193,2026-07-23T07:50:16.379+00:00,2026-07-23T07:50:18.866+00:00,2.487,1.2743,sustained_proximity_estimate
UPDATED,NDI: SHINJAN (shinjan-pc) [Q2],72dd5b08-3bf1-4c65-bb3e-a4c3f1a443d6,b20659d6-0ffd-4647-bd8e-b9140be6c652,2026-07-23T07:50:16.379+00:00,2026-07-23T07:50:18.866+00:00,2.487,1.6312,sustained_proximity_estimate
UPDATED,NDI: SHINJAN (shinjan-pc) [Q2],72dd5b08-3bf1-4c65-bb3e-a4c3f1a443d6,unknown_track_198,2026-07-23T07:50:16.379+00:00,2026-07-23T07:50:18.866+00:00,2.487,0.6757,sustained_proximity_estimate
UPDATED,NDI: SHINJAN (shinjan-pc) [Q2],7de79667-0e08-4152-b45d-1958ba84a996,b20659d6-0ffd-4647-bd8e-b9140be6c652,2026-07-23T07:50:16.379+00:00,2026-07-23T07:50:18.866+00:00,2.487,0.8495,sustained_proximity_estimate
UPDATED,NDI: SHINJAN (shinjan-pc) [Q2],b20659d6-0ffd-4647-bd8e-b9140be6c652,unknown_track_198,2026-07-23T07:50:17.043+00:00,2026-07-23T07:50:18.866+00:00,1.823,1.7350,sustained_proximity_estimate
ENDED,NDI: SHINJAN (shinjan-pc) [Q1],b20659d6-0ffd-4647-bd8e-b9140be6c652,unknown_track_193,2026-07-23T07:50:16.379+00:00,2026-07-23T07:50:18.866+00:00,2.487,1.2743,sustained_proximity_estimate
ENDED,NDI: SHINJAN (shinjan-pc) [Q2],72dd5b08-3bf1-4c65-bb3e-a4c3f1a443d6,b20659d6-0ffd-4647-bd8e-b9140be6c652,2026-07-23T07:50:16.379+00:00,2026-07-23T07:50:18.866+00:00,2.487,1.6312,sustained_proximity_estimate
ENDED,NDI: SHINJAN (shinjan-pc) [Q2],72dd5b08-3bf1-4c65-bb3e-a4c3f1a443d6,unknown_track_198,2026-07-23T07:50:16.379+00:00,2026-07-23T07:50:18.866+00:00,2.487,0.6757,sustained_proximity_estimate
ENDED,NDI: SHINJAN (shinjan-pc) [Q2],7de79667-0e08-4152-b45d-1958ba84a996,b20659d6-0ffd-4647-bd8e-b9140be6c652,2026-07-23T07:50:16.379+00:00,2026-07-23T07:50:18.866+00:00,2.487,0.8495,sustained_proximity_estimate
ENDED,NDI: SHINJAN (shinjan-pc) [Q2],b20659d6-0ffd-4647-bd8e-b9140be6c652,unknown_track_198,2026-07-23T07:50:17.043+00:00,2026-07-23T07:50:18.866+00:00,1.823,1.7350,sustained_proximity_estimate
STARTED,NDI: SHINJAN (shinjan-pc) [Q1],b20659d6-0ffd-4647-bd8e-b9140be6c652,unknown_track_193,2026-07-23T07:50:22.053+00:00,2026-07-23T07:50:23.274+00:00,1.221,1.2591,sustained_proximity_estimate
STARTED,NDI: SHINJAN (shinjan-pc) [Q2],72dd5b08-3bf1-4c65-bb3e-a4c3f1a443d6,b20659d6-0ffd-4647-bd8e-b9140be6c652,2026-07-23T07:50:22.053+00:00,2026-07-23T07:50:23.274+00:00,1.221,1.6119,sustained_proximity_estimate
STARTED,NDI: SHINJAN (shinjan-pc) [Q2],72dd5b08-3bf1-4c65-bb3e-a4c3f1a443d6,unknown_track_198,2026-07-23T07:50:22.053+00:00,2026-07-23T07:50:23.274+00:00,1.221,0.6293,sustained_proximity_estimate
STARTED,NDI: SHINJAN (shinjan-pc) [Q2],b20659d6-0ffd-4647-bd8e-b9140be6c652,unknown_track_198,2026-07-23T07:50:22.053+00:00,2026-07-23T07:50:23.274+00:00,1.221,1.7314,sustained_proximity_estimate
UPDATED,NDI: SHINJAN (shinjan-pc) [Q1],b20659d6-0ffd-4647-bd8e-b9140be6c652,unknown_track_193,2026-07-23T07:50:22.053+00:00,2026-07-23T07:50:23.979+00:00,1.926,1.2466,sustained_proximity_estimate
UPDATED,NDI: SHINJAN (shinjan-pc) [Q2],72dd5b08-3bf1-4c65-bb3e-a4c3f1a443d6,b20659d6-0ffd-4647-bd8e-b9140be6c652,2026-07-23T07:50:22.053+00:00,2026-07-23T07:50:23.979+00:00,1.926,1.5005,sustained_proximity_estimate
UPDATED,NDI: SHINJAN (shinjan-pc) [Q2],72dd5b08-3bf1-4c65-bb3e-a4c3f1a443d6,unknown_track_198,2026-07-23T07:50:22.053+00:00,2026-07-23T07:50:23.979+00:00,1.926,0.4733,sustained_proximity_estimate
UPDATED,NDI: SHINJAN (shinjan-pc) [Q2],b20659d6-0ffd-4647-bd8e-b9140be6c652,unknown_track_198,2026-07-23T07:50:22.053+00:00,2026-07-23T07:50:23.979+00:00,1.926,1.7522,sustained_proximity_estimate
UPDATED,NDI: SHINJAN (shinjan-pc) [Q1],b20659d6-0ffd-4647-bd8e-b9140be6c652,unknown_track_193,2026-07-23T07:50:22.053+00:00,2026-07-23T07:50:24.758+00:00,2.705,1.1732,sustained_proximity_estimate
UPDATED,NDI: SHINJAN (shinjan-pc) [Q2],72dd5b08-3bf1-4c65-bb3e-a4c3f1a443d6,b20659d6-0ffd-4647-bd8e-b9140be6c652,2026-07-23T07:50:22.053+00:00,2026-07-23T07:50:24.758+00:00,2.705,1.4797,sustained_proximity_estimate
UPDATED,NDI: SHINJAN (shinjan-pc) [Q2],72dd5b08-3bf1-4c65-bb3e-a4c3f1a443d6,unknown_track_198,2026-07-23T07:50:22.053+00:00,2026-07-23T07:50:24.758+00:00,2.705,0.4961,sustained_proximity_estimate
UPDATED,NDI: SHINJAN (shinjan-pc) [Q2],b20659d6-0ffd-4647-bd8e-b9140be6c652,unknown_track_198,2026-07-23T07:50:22.053+00:00,2026-07-23T07:50:24.758+00:00,2.705,1.8621,sustained_proximity_estimate
ENDED,NDI: SHINJAN (shinjan-pc) [Q1],b20659d6-0ffd-4647-bd8e-b9140be6c652,unknown_track_193,2026-07-23T07:50:22.053+00:00,2026-07-23T07:50:24.758+00:00,2.705,1.1732,sustained_proximity_estimate
ENDED,NDI: SHINJAN (shinjan-pc) [Q2],72dd5b08-3bf1-4c65-bb3e-a4c3f1a443d6,b20659d6-0ffd-4647-bd8e-b9140be6c652,2026-07-23T07:50:22.053+00:00,2026-07-23T07:50:24.758+00:00,2.705,1.4797,sustained_proximity_estimate
ENDED,NDI: SHINJAN (shinjan-pc) [Q2],72dd5b08-3bf1-4c65-bb3e-a4c3f1a443d6,unknown_track_198,2026-07-23T07:50:22.053+00:00,2026-07-23T07:50:24.758+00:00,2.705,0.4961,sustained_proximity_estimate
ENDED,NDI: SHINJAN (shinjan-pc) [Q2],b20659d6-0ffd-4647-bd8e-b9140be6c652,unknown_track_198,2026-07-23T07:50:22.053+00:00,2026-07-23T07:50:24.758+00:00,2.705,1.8621,sustained_proximity_estimate
STARTED,NDI: SHINJAN (shinjan-pc) [Q1],b20659d6-0ffd-4647-bd8e-b9140be6c652,unknown_track_193,2026-07-23T07:50:27.628+00:00,2026-07-23T07:50:28.842+00:00,1.214,1.3717,sustained_proximity_estimate
STARTED,NDI: SHINJAN (shinjan-pc) [Q2],b20659d6-0ffd-4647-bd8e-b9140be6c652,unknown_track_198,2026-07-23T07:50:27.628+00:00,2026-07-23T07:50:28.842+00:00,1.214,1.8919,sustained_proximity_estimate
UPDATED,NDI: SHINJAN (shinjan-pc) [Q1],b20659d6-0ffd-4647-bd8e-b9140be6c652,unknown_track_193,2026-07-23T07:50:27.628+00:00,2026-07-23T07:50:29.507+00:00,1.879,1.5045,sustained_proximity_estimate
UPDATED,NDI: SHINJAN (shinjan-pc) [Q1],b20659d6-0ffd-4647-bd8e-b9140be6c652,unknown_track_193,2026-07-23T07:50:27.628+00:00,2026-07-23T07:50:30.105+00:00,2.477,1.4531,sustained_proximity_estimate
ENDED,NDI: SHINJAN (shinjan-pc) [Q2],b20659d6-0ffd-4647-bd8e-b9140be6c652,unknown_track_198,2026-07-23T07:50:27.628+00:00,2026-07-23T07:50:28.842+00:00,1.214,1.8919,sustained_proximity_estimate
ENDED,NDI: SHINJAN (shinjan-pc) [Q1],b20659d6-0ffd-4647-bd8e-b9140be6c652,unknown_track_193,2026-07-23T07:50:27.628+00:00,2026-07-23T07:50:30.105+00:00,2.477,1.4531,sustained_proximity_estimate
STARTED,NDI: SHINJAN (shinjan-pc) [Q1],b20659d6-0ffd-4647-bd8e-b9140be6c652,unknown_track_193,2026-07-23T07:50:33.062+00:00,2026-07-23T07:50:34.239+00:00,1.177,1.5523,sustained_proximity_estimate
STARTED,NDI: SHINJAN (shinjan-pc) [Q2],7de79667-0e08-4152-b45d-1958ba84a996,b20659d6-0ffd-4647-bd8e-b9140be6c652,2026-07-23T07:50:33.062+00:00,2026-07-23T07:50:34.239+00:00,1.177,0.9677,sustained_proximity_estimate
STARTED,NDI: SHINJAN (shinjan-pc) [Q2],b20659d6-0ffd-4647-bd8e-b9140be6c652,unknown_track_198,2026-07-23T07:50:33.062+00:00,2026-07-23T07:50:34.239+00:00,1.177,1.9008,sustained_proximity_estimate
UPDATED,NDI: SHINJAN (shinjan-pc) [Q1],b20659d6-0ffd-4647-bd8e-b9140be6c652,unknown_track_193,2026-07-23T07:50:33.062+00:00,2026-07-23T07:50:34.855+00:00,1.793,1.5494,sustained_proximity_estimate
STARTED,NDI: SHINJAN (shinjan-pc) [Q2],72dd5b08-3bf1-4c65-bb3e-a4c3f1a443d6,b20659d6-0ffd-4647-bd8e-b9140be6c652,2026-07-23T07:50:33.636+00:00,2026-07-23T07:50:34.855+00:00,1.219,1.5514,sustained_proximity_estimate
STARTED,NDI: SHINJAN (shinjan-pc) [Q2],72dd5b08-3bf1-4c65-bb3e-a4c3f1a443d6,unknown_track_198,2026-07-23T07:50:33.636+00:00,2026-07-23T07:50:34.855+00:00,1.219,0.5539,sustained_proximity_estimate
UPDATED,NDI: SHINJAN (shinjan-pc) [Q2],7de79667-0e08-4152-b45d-1958ba84a996,b20659d6-0ffd-4647-bd8e-b9140be6c652,2026-07-23T07:50:33.062+00:00,2026-07-23T07:50:34.855+00:00,1.793,1.0472,sustained_proximity_estimate
UPDATED,NDI: SHINJAN (shinjan-pc) [Q2],b20659d6-0ffd-4647-bd8e-b9140be6c652,unknown_track_198,2026-07-23T07:50:33.062+00:00,2026-07-23T07:50:34.855+00:00,1.793,1.9056,sustained_proximity_estimate
UPDATED,NDI: SHINJAN (shinjan-pc) [Q1],b20659d6-0ffd-4647-bd8e-b9140be6c652,unknown_track_193,2026-07-23T07:50:33.062+00:00,2026-07-23T07:50:35.501+00:00,2.439,1.5055,sustained_proximity_estimate
UPDATED,NDI: SHINJAN (shinjan-pc) [Q2],72dd5b08-3bf1-4c65-bb3e-a4c3f1a443d6,b20659d6-0ffd-4647-bd8e-b9140be6c652,2026-07-23T07:50:33.636+00:00,2026-07-23T07:50:35.501+00:00,1.865,1.6075,sustained_proximity_estimate
UPDATED,NDI: SHINJAN (shinjan-pc) [Q2],72dd5b08-3bf1-4c65-bb3e-a4c3f1a443d6,unknown_track_198,2026-07-23T07:50:33.636+00:00,2026-07-23T07:50:35.501+00:00,1.865,0.6376,sustained_proximity_estimate
UPDATED,NDI: SHINJAN (shinjan-pc) [Q2],7de79667-0e08-4152-b45d-1958ba84a996,b20659d6-0ffd-4647-bd8e-b9140be6c652,2026-07-23T07:50:33.062+00:00,2026-07-23T07:50:35.501+00:00,2.439,0.8539,sustained_proximity_estimate
UPDATED,NDI: SHINJAN (shinjan-pc) [Q2],b20659d6-0ffd-4647-bd8e-b9140be6c652,unknown_track_198,2026-07-23T07:50:33.062+00:00,2026-07-23T07:50:35.501+00:00,2.439,1.9862,sustained_proximity_estimate
ENDED,NDI: SHINJAN (shinjan-pc) [Q1],b20659d6-0ffd-4647-bd8e-b9140be6c652,unknown_track_193,2026-07-23T07:50:33.062+00:00,2026-07-23T07:50:35.501+00:00,2.439,1.5055,sustained_proximity_estimate
ENDED,NDI: SHINJAN (shinjan-pc) [Q2],72dd5b08-3bf1-4c65-bb3e-a4c3f1a443d6,b20659d6-0ffd-4647-bd8e-b9140be6c652,2026-07-23T07:50:33.636+00:00,2026-07-23T07:50:35.501+00:00,1.865,1.6075,sustained_proximity_estimate
ENDED,NDI: SHINJAN (shinjan-pc) [Q2],72dd5b08-3bf1-4c65-bb3e-a4c3f1a443d6,unknown_track_198,2026-07-23T07:50:33.636+00:00,2026-07-23T07:50:35.501+00:00,1.865,0.6376,sustained_proximity_estimate
ENDED,NDI: SHINJAN (shinjan-pc) [Q2],7de79667-0e08-4152-b45d-1958ba84a996,b20659d6-0ffd-4647-bd8e-b9140be6c652,2026-07-23T07:50:33.062+00:00,2026-07-23T07:50:35.501+00:00,2.439,0.8539,sustained_proximity_estimate
ENDED,NDI: SHINJAN (shinjan-pc) [Q2],b20659d6-0ffd-4647-bd8e-b9140be6c652,unknown_track_198,2026-07-23T07:50:33.062+00:00,2026-07-23T07:50:35.501+00:00,2.439,1.9862,sustained_proximity_estimate
STARTED,NDI: SHINJAN (shinjan-pc) [Q1],b20659d6-0ffd-4647-bd8e-b9140be6c652,unknown_track_193,2026-07-23T07:50:42.510+00:00,2026-07-23T07:50:43.795+00:00,1.285,1.3217,sustained_proximity_estimate
STARTED,NDI: SHINJAN (shinjan-pc) [Q1],b20659d6-0ffd-4647-bd8e-b9140be6c652,unknown_track_301,2026-07-23T07:50:42.510+00:00,2026-07-23T07:50:43.795+00:00,1.285,1.0407,sustained_proximity_estimate
STARTED,NDI: SHINJAN (shinjan-pc) [Q1],unknown_track_193,unknown_track_221,2026-07-23T07:50:42.510+00:00,2026-07-23T07:50:43.795+00:00,1.285,1.0599,sustained_proximity_estimate
STARTED,NDI: SHINJAN (shinjan-pc) [Q1],unknown_track_193,unknown_track_301,2026-07-23T07:50:42.510+00:00,2026-07-23T07:50:43.795+00:00,1.285,1.4366,sustained_proximity_estimate
STARTED,NDI: SHINJAN (shinjan-pc) [Q1],unknown_track_221,unknown_track_301,2026-07-23T07:50:42.510+00:00,2026-07-23T07:50:43.795+00:00,1.285,1.8692,sustained_proximity_estimate
STARTED,NDI: SHINJAN (shinjan-pc) [Q2],72dd5b08-3bf1-4c65-bb3e-a4c3f1a443d6,7de79667-0e08-4152-b45d-1958ba84a996,2026-07-23T07:50:42.510+00:00,2026-07-23T07:50:43.795+00:00,1.285,1.9799,sustained_proximity_estimate
STARTED,NDI: SHINJAN (shinjan-pc) [Q2],72dd5b08-3bf1-4c65-bb3e-a4c3f1a443d6,b20659d6-0ffd-4647-bd8e-b9140be6c652,2026-07-23T07:50:42.510+00:00,2026-07-23T07:50:43.795+00:00,1.285,1.6382,sustained_proximity_estimate
STARTED,NDI: SHINJAN (shinjan-pc) [Q2],72dd5b08-3bf1-4c65-bb3e-a4c3f1a443d6,unknown_track_198,2026-07-23T07:50:42.510+00:00,2026-07-23T07:50:43.795+00:00,1.285,0.5964,sustained_proximity_estimate
STARTED,NDI: SHINJAN (shinjan-pc) [Q2],7de79667-0e08-4152-b45d-1958ba84a996,b20659d6-0ffd-4647-bd8e-b9140be6c652,2026-07-23T07:50:42.510+00:00,2026-07-23T07:50:43.795+00:00,1.285,1.0863,sustained_proximity_estimate
UPDATED,NDI: SHINJAN (shinjan-pc) [Q1],b20659d6-0ffd-4647-bd8e-b9140be6c652,unknown_track_193,2026-07-23T07:50:42.510+00:00,2026-07-23T07:50:44.384+00:00,1.874,1.2719,sustained_proximity_estimate
UPDATED,NDI: SHINJAN (shinjan-pc) [Q1],b20659d6-0ffd-4647-bd8e-b9140be6c652,unknown_track_301,2026-07-23T07:50:42.510+00:00,2026-07-23T07:50:44.384+00:00,1.874,1.0029,sustained_proximity_estimate
UPDATED,NDI: SHINJAN (shinjan-pc) [Q1],unknown_track_193,unknown_track_301,2026-07-23T07:50:42.510+00:00,2026-07-23T07:50:44.384+00:00,1.874,1.4165,sustained_proximity_estimate
UPDATED,NDI: SHINJAN (shinjan-pc) [Q2],72dd5b08-3bf1-4c65-bb3e-a4c3f1a443d6,7de79667-0e08-4152-b45d-1958ba84a996,2026-07-23T07:50:42.510+00:00,2026-07-23T07:50:44.384+00:00,1.874,2.2334,sustained_proximity_estimate
UPDATED,NDI: SHINJAN (shinjan-pc) [Q2],72dd5b08-3bf1-4c65-bb3e-a4c3f1a443d6,b20659d6-0ffd-4647-bd8e-b9140be6c652,2026-07-23T07:50:42.510+00:00,2026-07-23T07:50:44.384+00:00,1.874,1.9305,sustained_proximity_estimate
UPDATED,NDI: SHINJAN (shinjan-pc) [Q2],72dd5b08-3bf1-4c65-bb3e-a4c3f1a443d6,unknown_track_198,2026-07-23T07:50:42.510+00:00,2026-07-23T07:50:44.384+00:00,1.874,0.7027,sustained_proximity_estimate
UPDATED,NDI: SHINJAN (shinjan-pc) [Q2],7de79667-0e08-4152-b45d-1958ba84a996,b20659d6-0ffd-4647-bd8e-b9140be6c652,2026-07-23T07:50:42.510+00:00,2026-07-23T07:50:44.384+00:00,1.874,1.0929,sustained_proximity_estimate
ENDED,NDI: SHINJAN (shinjan-pc) [Q1],b20659d6-0ffd-4647-bd8e-b9140be6c652,unknown_track_193,2026-07-23T07:50:42.510+00:00,2026-07-23T07:50:44.384+00:00,1.874,1.2719,sustained_proximity_estimate
ENDED,NDI: SHINJAN (shinjan-pc) [Q1],b20659d6-0ffd-4647-bd8e-b9140be6c652,unknown_track_301,2026-07-23T07:50:42.510+00:00,2026-07-23T07:50:44.384+00:00,1.874,1.0029,sustained_proximity_estimate
ENDED,NDI: SHINJAN (shinjan-pc) [Q1],unknown_track_193,unknown_track_221,2026-07-23T07:50:42.510+00:00,2026-07-23T07:50:43.795+00:00,1.285,1.0599,sustained_proximity_estimate
ENDED,NDI: SHINJAN (shinjan-pc) [Q1],unknown_track_193,unknown_track_301,2026-07-23T07:50:42.510+00:00,2026-07-23T07:50:44.384+00:00,1.874,1.4165,sustained_proximity_estimate
ENDED,NDI: SHINJAN (shinjan-pc) [Q1],unknown_track_221,unknown_track_301,2026-07-23T07:50:42.510+00:00,2026-07-23T07:50:43.795+00:00,1.285,1.8692,sustained_proximity_estimate
ENDED,NDI: SHINJAN (shinjan-pc) [Q2],72dd5b08-3bf1-4c65-bb3e-a4c3f1a443d6,7de79667-0e08-4152-b45d-1958ba84a996,2026-07-23T07:50:42.510+00:00,2026-07-23T07:50:44.384+00:00,1.874,2.2334,sustained_proximity_estimate
ENDED,NDI: SHINJAN (shinjan-pc) [Q2],72dd5b08-3bf1-4c65-bb3e-a4c3f1a443d6,b20659d6-0ffd-4647-bd8e-b9140be6c652,2026-07-23T07:50:42.510+00:00,2026-07-23T07:50:44.384+00:00,1.874,1.9305,sustained_proximity_estimate
ENDED,NDI: SHINJAN (shinjan-pc) [Q2],72dd5b08-3bf1-4c65-bb3e-a4c3f1a443d6,unknown_track_198,2026-07-23T07:50:42.510+00:00,2026-07-23T07:50:44.384+00:00,1.874,0.7027,sustained_proximity_estimate
ENDED,NDI: SHINJAN (shinjan-pc) [Q2],7de79667-0e08-4152-b45d-1958ba84a996,b20659d6-0ffd-4647-bd8e-b9140be6c652,2026-07-23T07:50:42.510+00:00,2026-07-23T07:50:44.384+00:00,1.874,1.0929,sustained_proximity_estimate
STARTED,NDI: SHINJAN (shinjan-pc) [Q1],b20659d6-0ffd-4647-bd8e-b9140be6c652,unknown_track_301,2026-07-23T07:50:47.981+00:00,2026-07-23T07:50:49.317+00:00,1.336,1.0286,sustained_proximity_estimate
STARTED,NDI: SHINJAN (shinjan-pc) [Q2],72dd5b08-3bf1-4c65-bb3e-a4c3f1a443d6,b20659d6-0ffd-4647-bd8e-b9140be6c652,2026-07-23T07:50:47.981+00:00,2026-07-23T07:50:49.317+00:00,1.336,1.7009,sustained_proximity_estimate
STARTED,NDI: SHINJAN (shinjan-pc) [Q2],72dd5b08-3bf1-4c65-bb3e-a4c3f1a443d6,unknown_track_198,2026-07-23T07:50:47.981+00:00,2026-07-23T07:50:49.317+00:00,1.336,0.7372,sustained_proximity_estimate
STARTED,NDI: SHINJAN (shinjan-pc) [Q2],72dd5b08-3bf1-4c65-bb3e-a4c3f1a443d6,unknown_track_314,2026-07-23T07:50:47.981+00:00,2026-07-23T07:50:49.317+00:00,1.336,1.7211,sustained_proximity_estimate
STARTED,NDI: SHINJAN (shinjan-pc) [Q2],7de79667-0e08-4152-b45d-1958ba84a996,b20659d6-0ffd-4647-bd8e-b9140be6c652,2026-07-23T07:50:47.981+00:00,2026-07-23T07:50:49.317+00:00,1.336,1.1104,sustained_proximity_estimate
STARTED,NDI: SHINJAN (shinjan-pc) [Q2],7de79667-0e08-4152-b45d-1958ba84a996,unknown_track_314,2026-07-23T07:50:47.981+00:00,2026-07-23T07:50:49.317+00:00,1.336,0.2746,sustained_proximity_estimate
STARTED,NDI: SHINJAN (shinjan-pc) [Q2],b20659d6-0ffd-4647-bd8e-b9140be6c652,unknown_track_314,2026-07-23T07:50:47.981+00:00,2026-07-23T07:50:49.317+00:00,1.336,0.7955,sustained_proximity_estimate
UPDATED,NDI: SHINJAN (shinjan-pc) [Q1],b20659d6-0ffd-4647-bd8e-b9140be6c652,unknown_track_301,2026-07-23T07:50:47.981+00:00,2026-07-23T07:50:50.007+00:00,2.026,1.0513,sustained_proximity_estimate
UPDATED,NDI: SHINJAN (shinjan-pc) [Q2],72dd5b08-3bf1-4c65-bb3e-a4c3f1a443d6,b20659d6-0ffd-4647-bd8e-b9140be6c652,2026-07-23T07:50:47.981+00:00,2026-07-23T07:50:50.007+00:00,2.026,1.7543,sustained_proximity_estimate
UPDATED,NDI: SHINJAN (shinjan-pc) [Q2],72dd5b08-3bf1-4c65-bb3e-a4c3f1a443d6,unknown_track_198,2026-07-23T07:50:47.981+00:00,2026-07-23T07:50:50.007+00:00,2.026,0.7794,sustained_proximity_estimate
UPDATED,NDI: SHINJAN (shinjan-pc) [Q2],72dd5b08-3bf1-4c65-bb3e-a4c3f1a443d6,unknown_track_314,2026-07-23T07:50:47.981+00:00,2026-07-23T07:50:50.007+00:00,2.026,1.6916,sustained_proximity_estimate
UPDATED,NDI: SHINJAN (shinjan-pc) [Q2],7de79667-0e08-4152-b45d-1958ba84a996,b20659d6-0ffd-4647-bd8e-b9140be6c652,2026-07-23T07:50:47.981+00:00,2026-07-23T07:50:50.007+00:00,2.026,1.1005,sustained_proximity_estimate
UPDATED,NDI: SHINJAN (shinjan-pc) [Q2],7de79667-0e08-4152-b45d-1958ba84a996,unknown_track_314,2026-07-23T07:50:47.981+00:00,2026-07-23T07:50:50.007+00:00,2.026,0.3009,sustained_proximity_estimate
UPDATED,NDI: SHINJAN (shinjan-pc) [Q2],b20659d6-0ffd-4647-bd8e-b9140be6c652,unknown_track_314,2026-07-23T07:50:47.981+00:00,2026-07-23T07:50:50.007+00:00,2.026,0.7515,sustained_proximity_estimate
UPDATED,NDI: SHINJAN (shinjan-pc) [Q1],b20659d6-0ffd-4647-bd8e-b9140be6c652,unknown_track_301,2026-07-23T07:50:47.981+00:00,2026-07-23T07:50:50.688+00:00,2.707,1.0181,sustained_proximity_estimate
UPDATED,NDI: SHINJAN (shinjan-pc) [Q2],72dd5b08-3bf1-4c65-bb3e-a4c3f1a443d6,b20659d6-0ffd-4647-bd8e-b9140be6c652,2026-07-23T07:50:47.981+00:00,2026-07-23T07:50:50.688+00:00,2.707,1.7575,sustained_proximity_estimate
UPDATED,NDI: SHINJAN (shinjan-pc) [Q2],72dd5b08-3bf1-4c65-bb3e-a4c3f1a443d6,unknown_track_198,2026-07-23T07:50:47.981+00:00,2026-07-23T07:50:50.688+00:00,2.707,0.7691,sustained_proximity_estimate
UPDATED,NDI: SHINJAN (shinjan-pc) [Q2],72dd5b08-3bf1-4c65-bb3e-a4c3f1a443d6,unknown_track_314,2026-07-23T07:50:47.981+00:00,2026-07-23T07:50:50.688+00:00,2.707,1.6956,sustained_proximity_estimate
UPDATED,NDI: SHINJAN (shinjan-pc) [Q2],7de79667-0e08-4152-b45d-1958ba84a996,b20659d6-0ffd-4647-bd8e-b9140be6c652,2026-07-23T07:50:47.981+00:00,2026-07-23T07:50:50.688+00:00,2.707,1.0917,sustained_proximity_estimate
UPDATED,NDI: SHINJAN (shinjan-pc) [Q2],7de79667-0e08-4152-b45d-1958ba84a996,unknown_track_314,2026-07-23T07:50:47.981+00:00,2026-07-23T07:50:50.688+00:00,2.707,0.2912,sustained_proximity_estimate
UPDATED,NDI: SHINJAN (shinjan-pc) [Q2],b20659d6-0ffd-4647-bd8e-b9140be6c652,unknown_track_314,2026-07-23T07:50:47.981+00:00,2026-07-23T07:50:50.688+00:00,2.707,0.7537,sustained_proximity_estimate
ENDED,NDI: SHINJAN (shinjan-pc) [Q1],b20659d6-0ffd-4647-bd8e-b9140be6c652,unknown_track_301,2026-07-23T07:50:47.981+00:00,2026-07-23T07:50:50.688+00:00,2.707,1.0181,sustained_proximity_estimate
ENDED,NDI: SHINJAN (shinjan-pc) [Q2],72dd5b08-3bf1-4c65-bb3e-a4c3f1a443d6,b20659d6-0ffd-4647-bd8e-b9140be6c652,2026-07-23T07:50:47.981+00:00,2026-07-23T07:50:50.688+00:00,2.707,1.7575,sustained_proximity_estimate
ENDED,NDI: SHINJAN (shinjan-pc) [Q2],72dd5b08-3bf1-4c65-bb3e-a4c3f1a443d6,unknown_track_198,2026-07-23T07:50:47.981+00:00,2026-07-23T07:50:50.688+00:00,2.707,0.7691,sustained_proximity_estimate
ENDED,NDI: SHINJAN (shinjan-pc) [Q2],72dd5b08-3bf1-4c65-bb3e-a4c3f1a443d6,unknown_track_314,2026-07-23T07:50:47.981+00:00,2026-07-23T07:50:50.688+00:00,2.707,1.6956,sustained_proximity_estimate
ENDED,NDI: SHINJAN (shinjan-pc) [Q2],7de79667-0e08-4152-b45d-1958ba84a996,b20659d6-0ffd-4647-bd8e-b9140be6c652,2026-07-23T07:50:47.981+00:00,2026-07-23T07:50:50.688+00:00,2.707,1.0917,sustained_proximity_estimate
ENDED,NDI: SHINJAN (shinjan-pc) [Q2],7de79667-0e08-4152-b45d-1958ba84a996,unknown_track_314,2026-07-23T07:50:47.981+00:00,2026-07-23T07:50:50.688+00:00,2.707,0.2912,sustained_proximity_estimate
ENDED,NDI: SHINJAN (shinjan-pc) [Q2],b20659d6-0ffd-4647-bd8e-b9140be6c652,unknown_track_314,2026-07-23T07:50:47.981+00:00,2026-07-23T07:50:50.688+00:00,2.707,0.7537,sustained_proximity_estimate
STARTED,NDI: SHINJAN (shinjan-pc) [Q1],b20659d6-0ffd-4647-bd8e-b9140be6c652,unknown_track_193,2026-07-23T07:50:54.230+00:00,2026-07-23T07:50:55.671+00:00,1.441,1.2187,sustained_proximity_estimate
STARTED,NDI: SHINJAN (shinjan-pc) [Q1],b20659d6-0ffd-4647-bd8e-b9140be6c652,unknown_track_301,2026-07-23T07:50:54.230+00:00,2026-07-23T07:50:55.671+00:00,1.441,1.0610,sustained_proximity_estimate
STARTED,NDI: SHINJAN (shinjan-pc) [Q1],unknown_track_193,unknown_track_301,2026-07-23T07:50:54.230+00:00,2026-07-23T07:50:55.671+00:00,1.441,1.3270,sustained_proximity_estimate
STARTED,NDI: SHINJAN (shinjan-pc) [Q2],72dd5b08-3bf1-4c65-bb3e-a4c3f1a443d6,b20659d6-0ffd-4647-bd8e-b9140be6c652,2026-07-23T07:50:54.230+00:00,2026-07-23T07:50:55.671+00:00,1.441,1.7155,sustained_proximity_estimate
STARTED,NDI: SHINJAN (shinjan-pc) [Q2],72dd5b08-3bf1-4c65-bb3e-a4c3f1a443d6,unknown_track_198,2026-07-23T07:50:54.230+00:00,2026-07-23T07:50:55.671+00:00,1.441,0.7736,sustained_proximity_estimate
STARTED,NDI: SHINJAN (shinjan-pc) [Q2],72dd5b08-3bf1-4c65-bb3e-a4c3f1a443d6,unknown_track_314,2026-07-23T07:50:54.230+00:00,2026-07-23T07:50:55.671+00:00,1.441,1.6948,sustained_proximity_estimate
STARTED,NDI: SHINJAN (shinjan-pc) [Q2],b20659d6-0ffd-4647-bd8e-b9140be6c652,unknown_track_314,2026-07-23T07:50:54.230+00:00,2026-07-23T07:50:55.671+00:00,1.441,0.7537,sustained_proximity_estimate
UPDATED,NDI: SHINJAN (shinjan-pc) [Q1],b20659d6-0ffd-4647-bd8e-b9140be6c652,unknown_track_193,2026-07-23T07:50:54.230+00:00,2026-07-23T07:50:56.432+00:00,2.202,1.2597,sustained_proximity_estimate
UPDATED,NDI: SHINJAN (shinjan-pc) [Q1],b20659d6-0ffd-4647-bd8e-b9140be6c652,unknown_track_301,2026-07-23T07:50:54.230+00:00,2026-07-23T07:50:56.432+00:00,2.202,1.0322,sustained_proximity_estimate
UPDATED,NDI: SHINJAN (shinjan-pc) [Q1],unknown_track_193,unknown_track_301,2026-07-23T07:50:54.230+00:00,2026-07-23T07:50:56.432+00:00,2.202,1.3441,sustained_proximity_estimate
UPDATED,NDI: SHINJAN (shinjan-pc) [Q2],72dd5b08-3bf1-4c65-bb3e-a4c3f1a443d6,b20659d6-0ffd-4647-bd8e-b9140be6c652,2026-07-23T07:50:54.230+00:00,2026-07-23T07:50:56.432+00:00,2.202,1.7362,sustained_proximity_estimate
UPDATED,NDI: SHINJAN (shinjan-pc) [Q2],72dd5b08-3bf1-4c65-bb3e-a4c3f1a443d6,unknown_track_198,2026-07-23T07:50:54.230+00:00,2026-07-23T07:50:56.432+00:00,2.202,0.7799,sustained_proximity_estimate
UPDATED,NDI: SHINJAN (shinjan-pc) [Q2],72dd5b08-3bf1-4c65-bb3e-a4c3f1a443d6,unknown_track_314,2026-07-23T07:50:54.230+00:00,2026-07-23T07:50:56.432+00:00,2.202,1.7068,sustained_proximity_estimate
UPDATED,NDI: SHINJAN (shinjan-pc) [Q2],b20659d6-0ffd-4647-bd8e-b9140be6c652,unknown_track_314,2026-07-23T07:50:54.230+00:00,2026-07-23T07:50:56.432+00:00,2.202,0.7653,sustained_proximity_estimate
UPDATED,NDI: SHINJAN (shinjan-pc) [Q1],b20659d6-0ffd-4647-bd8e-b9140be6c652,unknown_track_193,2026-07-23T07:50:54.230+00:00,2026-07-23T07:50:57.123+00:00,2.893,1.2647,sustained_proximity_estimate
UPDATED,NDI: SHINJAN (shinjan-pc) [Q2],72dd5b08-3bf1-4c65-bb3e-a4c3f1a443d6,b20659d6-0ffd-4647-bd8e-b9140be6c652,2026-07-23T07:50:54.230+00:00,2026-07-23T07:50:57.123+00:00,2.893,1.6644,sustained_proximity_estimate
UPDATED,NDI: SHINJAN (shinjan-pc) [Q2],72dd5b08-3bf1-4c65-bb3e-a4c3f1a443d6,unknown_track_198,2026-07-23T07:50:54.230+00:00,2026-07-23T07:50:57.123+00:00,2.893,0.7092,sustained_proximity_estimate
UPDATED,NDI: SHINJAN (shinjan-pc) [Q2],72dd5b08-3bf1-4c65-bb3e-a4c3f1a443d6,unknown_track_314,2026-07-23T07:50:54.230+00:00,2026-07-23T07:50:57.123+00:00,2.893,1.6487,sustained_proximity_estimate
UPDATED,NDI: SHINJAN (shinjan-pc) [Q2],b20659d6-0ffd-4647-bd8e-b9140be6c652,unknown_track_314,2026-07-23T07:50:54.230+00:00,2026-07-23T07:50:57.123+00:00,2.893,0.7618,sustained_proximity_estimate
ENDED,NDI: SHINJAN (shinjan-pc) [Q1],b20659d6-0ffd-4647-bd8e-b9140be6c652,unknown_track_193,2026-07-23T07:50:54.230+00:00,2026-07-23T07:50:57.123+00:00,2.893,1.2647,sustained_proximity_estimate
ENDED,NDI: SHINJAN (shinjan-pc) [Q1],b20659d6-0ffd-4647-bd8e-b9140be6c652,unknown_track_301,2026-07-23T07:50:54.230+00:00,2026-07-23T07:50:56.432+00:00,2.202,1.0322,sustained_proximity_estimate
ENDED,NDI: SHINJAN (shinjan-pc) [Q1],unknown_track_193,unknown_track_301,2026-07-23T07:50:54.230+00:00,2026-07-23T07:50:56.432+00:00,2.202,1.3441,sustained_proximity_estimate
ENDED,NDI: SHINJAN (shinjan-pc) [Q2],72dd5b08-3bf1-4c65-bb3e-a4c3f1a443d6,b20659d6-0ffd-4647-bd8e-b9140be6c652,2026-07-23T07:50:54.230+00:00,2026-07-23T07:50:57.123+00:00,2.893,1.6644,sustained_proximity_estimate
ENDED,NDI: SHINJAN (shinjan-pc) [Q2],72dd5b08-3bf1-4c65-bb3e-a4c3f1a443d6,unknown_track_198,2026-07-23T07:50:54.230+00:00,2026-07-23T07:50:57.123+00:00,2.893,0.7092,sustained_proximity_estimate
ENDED,NDI: SHINJAN (shinjan-pc) [Q2],72dd5b08-3bf1-4c65-bb3e-a4c3f1a443d6,unknown_track_314,2026-07-23T07:50:54.230+00:00,2026-07-23T07:50:57.123+00:00,2.893,1.6487,sustained_proximity_estimate
ENDED,NDI: SHINJAN (shinjan-pc) [Q2],b20659d6-0ffd-4647-bd8e-b9140be6c652,unknown_track_314,2026-07-23T07:50:54.230+00:00,2026-07-23T07:50:57.123+00:00,2.893,0.7618,sustained_proximity_estimate
STARTED,NDI: SHINJAN (shinjan-pc) [Q1],7de79667-0e08-4152-b45d-1958ba84a996,b20659d6-0ffd-4647-bd8e-b9140be6c652,2026-07-23T07:51:00.665+00:00,2026-07-23T07:51:01.891+00:00,1.226,1.0279,sustained_proximity_estimate
STARTED,NDI: SHINJAN (shinjan-pc) [Q1],7de79667-0e08-4152-b45d-1958ba84a996,unknown_track_193,2026-07-23T07:51:00.665+00:00,2026-07-23T07:51:01.891+00:00,1.226,1.3886,sustained_proximity_estimate
STARTED,NDI: SHINJAN (shinjan-pc) [Q1],b20659d6-0ffd-4647-bd8e-b9140be6c652,unknown_track_193,2026-07-23T07:51:00.665+00:00,2026-07-23T07:51:01.891+00:00,1.226,1.2765,sustained_proximity_estimate
STARTED,NDI: SHINJAN (shinjan-pc) [Q2],72dd5b08-3bf1-4c65-bb3e-a4c3f1a443d6,b20659d6-0ffd-4647-bd8e-b9140be6c652,2026-07-23T07:51:00.665+00:00,2026-07-23T07:51:01.891+00:00,1.226,1.7130,sustained_proximity_estimate
STARTED,NDI: SHINJAN (shinjan-pc) [Q2],72dd5b08-3bf1-4c65-bb3e-a4c3f1a443d6,unknown_track_198,2026-07-23T07:51:00.665+00:00,2026-07-23T07:51:01.891+00:00,1.226,0.7038,sustained_proximity_estimate
STARTED,NDI: SHINJAN (shinjan-pc) [Q2],72dd5b08-3bf1-4c65-bb3e-a4c3f1a443d6,unknown_track_314,2026-07-23T07:51:00.665+00:00,2026-07-23T07:51:01.891+00:00,1.226,1.6965,sustained_proximity_estimate
STARTED,NDI: SHINJAN (shinjan-pc) [Q2],b20659d6-0ffd-4647-bd8e-b9140be6c652,unknown_track_314,2026-07-23T07:51:00.665+00:00,2026-07-23T07:51:01.891+00:00,1.226,0.7769,sustained_proximity_estimate
UPDATED,NDI: SHINJAN (shinjan-pc) [Q1],7de79667-0e08-4152-b45d-1958ba84a996,b20659d6-0ffd-4647-bd8e-b9140be6c652,2026-07-23T07:51:00.665+00:00,2026-07-23T07:51:02.531+00:00,1.866,1.0181,sustained_proximity_estimate
UPDATED,NDI: SHINJAN (shinjan-pc) [Q1],7de79667-0e08-4152-b45d-1958ba84a996,unknown_track_193,2026-07-23T07:51:00.665+00:00,2026-07-23T07:51:02.531+00:00,1.866,1.3772,sustained_proximity_estimate
UPDATED,NDI: SHINJAN (shinjan-pc) [Q1],b20659d6-0ffd-4647-bd8e-b9140be6c652,unknown_track_193,2026-07-23T07:51:00.665+00:00,2026-07-23T07:51:02.531+00:00,1.866,1.2643,sustained_proximity_estimate
UPDATED,NDI: SHINJAN (shinjan-pc) [Q2],72dd5b08-3bf1-4c65-bb3e-a4c3f1a443d6,b20659d6-0ffd-4647-bd8e-b9140be6c652,2026-07-23T07:51:00.665+00:00,2026-07-23T07:51:02.531+00:00,1.866,1.7071,sustained_proximity_estimate
UPDATED,NDI: SHINJAN (shinjan-pc) [Q2],72dd5b08-3bf1-4c65-bb3e-a4c3f1a443d6,unknown_track_198,2026-07-23T07:51:00.665+00:00,2026-07-23T07:51:02.531+00:00,1.866,0.7571,sustained_proximity_estimate
UPDATED,NDI: SHINJAN (shinjan-pc) [Q1],7de79667-0e08-4152-b45d-1958ba84a996,b20659d6-0ffd-4647-bd8e-b9140be6c652,2026-07-23T07:51:00.665+00:00,2026-07-23T07:51:03.170+00:00,2.505,0.9888,sustained_proximity_estimate
UPDATED,NDI: SHINJAN (shinjan-pc) [Q1],7de79667-0e08-4152-b45d-1958ba84a996,unknown_track_193,2026-07-23T07:51:00.665+00:00,2026-07-23T07:51:03.170+00:00,2.505,1.1519,sustained_proximity_estimate
UPDATED,NDI: SHINJAN (shinjan-pc) [Q1],b20659d6-0ffd-4647-bd8e-b9140be6c652,unknown_track_193,2026-07-23T07:51:00.665+00:00,2026-07-23T07:51:03.170+00:00,2.505,1.2705,sustained_proximity_estimate
ENDED,NDI: SHINJAN (shinjan-pc) [Q2],72dd5b08-3bf1-4c65-bb3e-a4c3f1a443d6,unknown_track_314,2026-07-23T07:51:00.665+00:00,2026-07-23T07:51:01.891+00:00,1.226,1.6965,sustained_proximity_estimate
ENDED,NDI: SHINJAN (shinjan-pc) [Q2],b20659d6-0ffd-4647-bd8e-b9140be6c652,unknown_track_314,2026-07-23T07:51:00.665+00:00,2026-07-23T07:51:01.891+00:00,1.226,0.7769,sustained_proximity_estimate
UPDATED,NDI: SHINJAN (shinjan-pc) [Q2],72dd5b08-3bf1-4c65-bb3e-a4c3f1a443d6,b20659d6-0ffd-4647-bd8e-b9140be6c652,2026-07-23T07:51:00.665+00:00,2026-07-23T07:51:03.170+00:00,2.505,1.6793,sustained_proximity_estimate
UPDATED,NDI: SHINJAN (shinjan-pc) [Q2],72dd5b08-3bf1-4c65-bb3e-a4c3f1a443d6,unknown_track_198,2026-07-23T07:51:00.665+00:00,2026-07-23T07:51:03.170+00:00,2.505,0.7241,sustained_proximity_estimate
ENDED,NDI: SHINJAN (shinjan-pc) [Q1],7de79667-0e08-4152-b45d-1958ba84a996,b20659d6-0ffd-4647-bd8e-b9140be6c652,2026-07-23T07:51:00.665+00:00,2026-07-23T07:51:03.170+00:00,2.505,0.9888,sustained_proximity_estimate
ENDED,NDI: SHINJAN (shinjan-pc) [Q1],7de79667-0e08-4152-b45d-1958ba84a996,unknown_track_193,2026-07-23T07:51:00.665+00:00,2026-07-23T07:51:03.170+00:00,2.505,1.1519,sustained_proximity_estimate
ENDED,NDI: SHINJAN (shinjan-pc) [Q1],b20659d6-0ffd-4647-bd8e-b9140be6c652,unknown_track_193,2026-07-23T07:51:00.665+00:00,2026-07-23T07:51:03.170+00:00,2.505,1.2705,sustained_proximity_estimate
ENDED,NDI: SHINJAN (shinjan-pc) [Q2],72dd5b08-3bf1-4c65-bb3e-a4c3f1a443d6,b20659d6-0ffd-4647-bd8e-b9140be6c652,2026-07-23T07:51:00.665+00:00,2026-07-23T07:51:03.170+00:00,2.505,1.6793,sustained_proximity_estimate
ENDED,NDI: SHINJAN (shinjan-pc) [Q2],72dd5b08-3bf1-4c65-bb3e-a4c3f1a443d6,unknown_track_198,2026-07-23T07:51:00.665+00:00,2026-07-23T07:51:03.170+00:00,2.505,0.7241,sustained_proximity_estimate
STARTED,NDI: SHINJAN (shinjan-pc) [Q1],b20659d6-0ffd-4647-bd8e-b9140be6c652,unknown_track_193,2026-07-23T07:51:06.000+00:00,2026-07-23T07:51:07.278+00:00,1.278,1.2844,sustained_proximity_estimate
STARTED,NDI: SHINJAN (shinjan-pc) [Q1],unknown_track_193,unknown_track_221,2026-07-23T07:51:06.000+00:00,2026-07-23T07:51:07.278+00:00,1.278,1.0234,sustained_proximity_estimate
STARTED,NDI: SHINJAN (shinjan-pc) [Q2],72dd5b08-3bf1-4c65-bb3e-a4c3f1a443d6,b20659d6-0ffd-4647-bd8e-b9140be6c652,2026-07-23T07:51:06.000+00:00,2026-07-23T07:51:07.278+00:00,1.278,1.6876,sustained_proximity_estimate
STARTED,NDI: SHINJAN (shinjan-pc) [Q2],72dd5b08-3bf1-4c65-bb3e-a4c3f1a443d6,unknown_track_198,2026-07-23T07:51:06.000+00:00,2026-07-23T07:51:07.278+00:00,1.278,0.7503,sustained_proximity_estimate
STARTED,NDI: SHINJAN (shinjan-pc) [Q2],72dd5b08-3bf1-4c65-bb3e-a4c3f1a443d6,unknown_track_314,2026-07-23T07:51:06.000+00:00,2026-07-23T07:51:07.278+00:00,1.278,1.6468,sustained_proximity_estimate
STARTED,NDI: SHINJAN (shinjan-pc) [Q2],b20659d6-0ffd-4647-bd8e-b9140be6c652,unknown_track_314,2026-07-23T07:51:06.000+00:00,2026-07-23T07:51:07.278+00:00,1.278,0.7588,sustained_proximity_estimate
UPDATED,NDI: SHINJAN (shinjan-pc) [Q1],b20659d6-0ffd-4647-bd8e-b9140be6c652,unknown_track_193,2026-07-23T07:51:06.000+00:00,2026-07-23T07:51:07.969+00:00,1.969,1.2741,sustained_proximity_estimate
UPDATED,NDI: SHINJAN (shinjan-pc) [Q1],unknown_track_193,unknown_track_221,2026-07-23T07:51:06.000+00:00,2026-07-23T07:51:07.969+00:00,1.969,1.0477,sustained_proximity_estimate
UPDATED,NDI: SHINJAN (shinjan-pc) [Q2],72dd5b08-3bf1-4c65-bb3e-a4c3f1a443d6,b20659d6-0ffd-4647-bd8e-b9140be6c652,2026-07-23T07:51:06.000+00:00,2026-07-23T07:51:07.969+00:00,1.969,1.7029,sustained_proximity_estimate
UPDATED,NDI: SHINJAN (shinjan-pc) [Q2],72dd5b08-3bf1-4c65-bb3e-a4c3f1a443d6,unknown_track_198,2026-07-23T07:51:06.000+00:00,2026-07-23T07:51:07.969+00:00,1.969,0.7714,sustained_proximity_estimate
UPDATED,NDI: SHINJAN (shinjan-pc) [Q2],72dd5b08-3bf1-4c65-bb3e-a4c3f1a443d6,unknown_track_314,2026-07-23T07:51:06.000+00:00,2026-07-23T07:51:07.969+00:00,1.969,1.6539,sustained_proximity_estimate
UPDATED,NDI: SHINJAN (shinjan-pc) [Q2],b20659d6-0ffd-4647-bd8e-b9140be6c652,unknown_track_314,2026-07-23T07:51:06.000+00:00,2026-07-23T07:51:07.969+00:00,1.969,0.7506,sustained_proximity_estimate
UPDATED,NDI: SHINJAN (shinjan-pc) [Q1],b20659d6-0ffd-4647-bd8e-b9140be6c652,unknown_track_193,2026-07-23T07:51:06.000+00:00,2026-07-23T07:51:08.619+00:00,2.619,1.3163,sustained_proximity_estimate
UPDATED,NDI: SHINJAN (shinjan-pc) [Q1],unknown_track_193,unknown_track_221,2026-07-23T07:51:06.000+00:00,2026-07-23T07:51:08.619+00:00,2.619,0.9792,sustained_proximity_estimate
UPDATED,NDI: SHINJAN (shinjan-pc) [Q2],72dd5b08-3bf1-4c65-bb3e-a4c3f1a443d6,b20659d6-0ffd-4647-bd8e-b9140be6c652,2026-07-23T07:51:06.000+00:00,2026-07-23T07:51:08.619+00:00,2.619,1.6834,sustained_proximity_estimate
UPDATED,NDI: SHINJAN (shinjan-pc) [Q2],72dd5b08-3bf1-4c65-bb3e-a4c3f1a443d6,unknown_track_198,2026-07-23T07:51:06.000+00:00,2026-07-23T07:51:08.619+00:00,2.619,0.7644,sustained_proximity_estimate
UPDATED,NDI: SHINJAN (shinjan-pc) [Q2],72dd5b08-3bf1-4c65-bb3e-a4c3f1a443d6,unknown_track_314,2026-07-23T07:51:06.000+00:00,2026-07-23T07:51:08.619+00:00,2.619,1.6224,sustained_proximity_estimate
UPDATED,NDI: SHINJAN (shinjan-pc) [Q2],b20659d6-0ffd-4647-bd8e-b9140be6c652,unknown_track_314,2026-07-23T07:51:06.000+00:00,2026-07-23T07:51:08.619+00:00,2.619,0.7434,sustained_proximity_estimate
ENDED,NDI: SHINJAN (shinjan-pc) [Q1],b20659d6-0ffd-4647-bd8e-b9140be6c652,unknown_track_193,2026-07-23T07:51:06.000+00:00,2026-07-23T07:51:08.619+00:00,2.619,1.3163,sustained_proximity_estimate
ENDED,NDI: SHINJAN (shinjan-pc) [Q1],unknown_track_193,unknown_track_221,2026-07-23T07:51:06.000+00:00,2026-07-23T07:51:08.619+00:00,2.619,0.9792,sustained_proximity_estimate
ENDED,NDI: SHINJAN (shinjan-pc) [Q2],72dd5b08-3bf1-4c65-bb3e-a4c3f1a443d6,b20659d6-0ffd-4647-bd8e-b9140be6c652,2026-07-23T07:51:06.000+00:00,2026-07-23T07:51:08.619+00:00,2.619,1.6834,sustained_proximity_estimate
ENDED,NDI: SHINJAN (shinjan-pc) [Q2],72dd5b08-3bf1-4c65-bb3e-a4c3f1a443d6,unknown_track_198,2026-07-23T07:51:06.000+00:00,2026-07-23T07:51:08.619+00:00,2.619,0.7644,sustained_proximity_estimate
ENDED,NDI: SHINJAN (shinjan-pc) [Q2],72dd5b08-3bf1-4c65-bb3e-a4c3f1a443d6,unknown_track_314,2026-07-23T07:51:06.000+00:00,2026-07-23T07:51:08.619+00:00,2.619,1.6224,sustained_proximity_estimate
ENDED,NDI: SHINJAN (shinjan-pc) [Q2],b20659d6-0ffd-4647-bd8e-b9140be6c652,unknown_track_314,2026-07-23T07:51:06.000+00:00,2026-07-23T07:51:08.619+00:00,2.619,0.7434,sustained_proximity_estimate
STARTED,NDI: SHINJAN (shinjan-pc) [Q1],b20659d6-0ffd-4647-bd8e-b9140be6c652,unknown_track_193,2026-07-23T07:51:11.581+00:00,2026-07-23T07:51:12.847+00:00,1.266,1.2466,sustained_proximity_estimate
STARTED,NDI: SHINJAN (shinjan-pc) [Q2],72dd5b08-3bf1-4c65-bb3e-a4c3f1a443d6,b20659d6-0ffd-4647-bd8e-b9140be6c652,2026-07-23T07:51:11.581+00:00,2026-07-23T07:51:12.847+00:00,1.266,1.6573,sustained_proximity_estimate
STARTED,NDI: SHINJAN (shinjan-pc) [Q2],72dd5b08-3bf1-4c65-bb3e-a4c3f1a443d6,unknown_track_314,2026-07-23T07:51:11.581+00:00,2026-07-23T07:51:12.847+00:00,1.266,1.6378,sustained_proximity_estimate
STARTED,NDI: SHINJAN (shinjan-pc) [Q2],b20659d6-0ffd-4647-bd8e-b9140be6c652,unknown_track_314,2026-07-23T07:51:11.581+00:00,2026-07-23T07:51:12.847+00:00,1.266,0.7533,sustained_proximity_estimate
UPDATED,NDI: SHINJAN (shinjan-pc) [Q1],b20659d6-0ffd-4647-bd8e-b9140be6c652,unknown_track_193,2026-07-23T07:51:11.581+00:00,2026-07-23T07:51:13.604+00:00,2.023,1.2958,sustained_proximity_estimate
UPDATED,NDI: SHINJAN (shinjan-pc) [Q2],72dd5b08-3bf1-4c65-bb3e-a4c3f1a443d6,b20659d6-0ffd-4647-bd8e-b9140be6c652,2026-07-23T07:51:11.581+00:00,2026-07-23T07:51:13.604+00:00,2.023,1.6742,sustained_proximity_estimate
STARTED,NDI: SHINJAN (shinjan-pc) [Q2],72dd5b08-3bf1-4c65-bb3e-a4c3f1a443d6,unknown_track_198,2026-07-23T07:51:12.240+00:00,2026-07-23T07:51:13.604+00:00,1.364,0.6744,sustained_proximity_estimate
UPDATED,NDI: SHINJAN (shinjan-pc) [Q2],72dd5b08-3bf1-4c65-bb3e-a4c3f1a443d6,unknown_track_314,2026-07-23T07:51:11.581+00:00,2026-07-23T07:51:13.604+00:00,2.023,1.6511,sustained_proximity_estimate
UPDATED,NDI: SHINJAN (shinjan-pc) [Q2],b20659d6-0ffd-4647-bd8e-b9140be6c652,unknown_track_314,2026-07-23T07:51:11.581+00:00,2026-07-23T07:51:13.604+00:00,2.023,0.7684,sustained_proximity_estimate
UPDATED,NDI: SHINJAN (shinjan-pc) [Q1],b20659d6-0ffd-4647-bd8e-b9140be6c652,unknown_track_193,2026-07-23T07:51:11.581+00:00,2026-07-23T07:51:14.216+00:00,2.635,1.2881,sustained_proximity_estimate
UPDATED,NDI: SHINJAN (shinjan-pc) [Q2],72dd5b08-3bf1-4c65-bb3e-a4c3f1a443d6,b20659d6-0ffd-4647-bd8e-b9140be6c652,2026-07-23T07:51:11.581+00:00,2026-07-23T07:51:14.216+00:00,2.635,1.6323,sustained_proximity_estimate
UPDATED,NDI: SHINJAN (shinjan-pc) [Q2],72dd5b08-3bf1-4c65-bb3e-a4c3f1a443d6,unknown_track_198,2026-07-23T07:51:12.240+00:00,2026-07-23T07:51:14.216+00:00,1.976,0.6034,sustained_proximity_estimate
UPDATED,NDI: SHINJAN (shinjan-pc) [Q2],72dd5b08-3bf1-4c65-bb3e-a4c3f1a443d6,unknown_track_314,2026-07-23T07:51:11.581+00:00,2026-07-23T07:51:14.216+00:00,2.635,1.6714,sustained_proximity_estimate
UPDATED,NDI: SHINJAN (shinjan-pc) [Q2],b20659d6-0ffd-4647-bd8e-b9140be6c652,unknown_track_314,2026-07-23T07:51:11.581+00:00,2026-07-23T07:51:14.216+00:00,2.635,0.8088,sustained_proximity_estimate
ENDED,NDI: SHINJAN (shinjan-pc) [Q1],b20659d6-0ffd-4647-bd8e-b9140be6c652,unknown_track_193,2026-07-23T07:51:11.581+00:00,2026-07-23T07:51:14.216+00:00,2.635,1.2881,sustained_proximity_estimate
ENDED,NDI: SHINJAN (shinjan-pc) [Q2],72dd5b08-3bf1-4c65-bb3e-a4c3f1a443d6,b20659d6-0ffd-4647-bd8e-b9140be6c652,2026-07-23T07:51:11.581+00:00,2026-07-23T07:51:14.216+00:00,2.635,1.6323,sustained_proximity_estimate
ENDED,NDI: SHINJAN (shinjan-pc) [Q2],72dd5b08-3bf1-4c65-bb3e-a4c3f1a443d6,unknown_track_198,2026-07-23T07:51:12.240+00:00,2026-07-23T07:51:14.216+00:00,1.976,0.6034,sustained_proximity_estimate
ENDED,NDI: SHINJAN (shinjan-pc) [Q2],72dd5b08-3bf1-4c65-bb3e-a4c3f1a443d6,unknown_track_314,2026-07-23T07:51:11.581+00:00,2026-07-23T07:51:14.216+00:00,2.635,1.6714,sustained_proximity_estimate
ENDED,NDI: SHINJAN (shinjan-pc) [Q2],b20659d6-0ffd-4647-bd8e-b9140be6c652,unknown_track_314,2026-07-23T07:51:11.581+00:00,2026-07-23T07:51:14.216+00:00,2.635,0.8088,sustained_proximity_estimate
STARTED,NDI: SHINJAN (shinjan-pc) [Q1],b20659d6-0ffd-4647-bd8e-b9140be6c652,unknown_track_193,2026-07-23T07:51:17.582+00:00,2026-07-23T07:51:18.787+00:00,1.205,1.2446,sustained_proximity_estimate
STARTED,NDI: SHINJAN (shinjan-pc) [Q1],unknown_track_193,unknown_track_221,2026-07-23T07:51:17.582+00:00,2026-07-23T07:51:18.787+00:00,1.205,1.1298,sustained_proximity_estimate
STARTED,NDI: SHINJAN (shinjan-pc) [Q2],72dd5b08-3bf1-4c65-bb3e-a4c3f1a443d6,b20659d6-0ffd-4647-bd8e-b9140be6c652,2026-07-23T07:51:17.582+00:00,2026-07-23T07:51:18.787+00:00,1.205,1.5837,sustained_proximity_estimate
STARTED,NDI: SHINJAN (shinjan-pc) [Q2],72dd5b08-3bf1-4c65-bb3e-a4c3f1a443d6,unknown_track_198,2026-07-23T07:51:17.582+00:00,2026-07-23T07:51:18.787+00:00,1.205,0.5547,sustained_proximity_estimate
STARTED,NDI: SHINJAN (shinjan-pc) [Q2],72dd5b08-3bf1-4c65-bb3e-a4c3f1a443d6,unknown_track_314,2026-07-23T07:51:17.582+00:00,2026-07-23T07:51:18.787+00:00,1.205,1.4650,sustained_proximity_estimate
STARTED,NDI: SHINJAN (shinjan-pc) [Q2],b20659d6-0ffd-4647-bd8e-b9140be6c652,unknown_track_198,2026-07-23T07:51:17.582+00:00,2026-07-23T07:51:18.787+00:00,1.205,1.9562,sustained_proximity_estimate
STARTED,NDI: SHINJAN (shinjan-pc) [Q2],b20659d6-0ffd-4647-bd8e-b9140be6c652,unknown_track_314,2026-07-23T07:51:17.582+00:00,2026-07-23T07:51:18.787+00:00,1.205,0.6275,sustained_proximity_estimate
STARTED,NDI: SHINJAN (shinjan-pc) [Q1],7de79667-0e08-4152-b45d-1958ba84a996,b20659d6-0ffd-4647-bd8e-b9140be6c652,2026-07-23T07:51:18.184+00:00,2026-07-23T07:51:19.396+00:00,1.212,0.9362,sustained_proximity_estimate
STARTED,NDI: SHINJAN (shinjan-pc) [Q1],7de79667-0e08-4152-b45d-1958ba84a996,unknown_track_193,2026-07-23T07:51:18.184+00:00,2026-07-23T07:51:19.396+00:00,1.212,1.2535,sustained_proximity_estimate
UPDATED,NDI: SHINJAN (shinjan-pc) [Q1],b20659d6-0ffd-4647-bd8e-b9140be6c652,unknown_track_193,2026-07-23T07:51:17.582+00:00,2026-07-23T07:51:19.396+00:00,1.814,1.1928,sustained_proximity_estimate
UPDATED,NDI: SHINJAN (shinjan-pc) [Q2],72dd5b08-3bf1-4c65-bb3e-a4c3f1a443d6,b20659d6-0ffd-4647-bd8e-b9140be6c652,2026-07-23T07:51:17.582+00:00,2026-07-23T07:51:19.396+00:00,1.814,1.5578,sustained_proximity_estimate
UPDATED,NDI: SHINJAN (shinjan-pc) [Q2],72dd5b08-3bf1-4c65-bb3e-a4c3f1a443d6,unknown_track_198,2026-07-23T07:51:17.582+00:00,2026-07-23T07:51:19.396+00:00,1.814,0.4844,sustained_proximity_estimate
UPDATED,NDI: SHINJAN (shinjan-pc) [Q2],72dd5b08-3bf1-4c65-bb3e-a4c3f1a443d6,unknown_track_314,2026-07-23T07:51:17.582+00:00,2026-07-23T07:51:19.396+00:00,1.814,1.4853,sustained_proximity_estimate
UPDATED,NDI: SHINJAN (shinjan-pc) [Q2],b20659d6-0ffd-4647-bd8e-b9140be6c652,unknown_track_198,2026-07-23T07:51:17.582+00:00,2026-07-23T07:51:19.396+00:00,1.814,1.8886,sustained_proximity_estimate
UPDATED,NDI: SHINJAN (shinjan-pc) [Q2],b20659d6-0ffd-4647-bd8e-b9140be6c652,unknown_track_314,2026-07-23T07:51:17.582+00:00,2026-07-23T07:51:19.396+00:00,1.814,0.6688,sustained_proximity_estimate
STARTED,NDI: SHINJAN (shinjan-pc) [Q2],unknown_track_198,unknown_track_314,2026-07-23T07:51:18.184+00:00,2026-07-23T07:51:19.396+00:00,1.212,1.9115,sustained_proximity_estimate
ENDED,NDI: SHINJAN (shinjan-pc) [Q1],unknown_track_193,unknown_track_221,2026-07-23T07:51:17.582+00:00,2026-07-23T07:51:18.787+00:00,1.205,1.1298,sustained_proximity_estimate
UPDATED,NDI: SHINJAN (shinjan-pc) [Q1],7de79667-0e08-4152-b45d-1958ba84a996,b20659d6-0ffd-4647-bd8e-b9140be6c652,2026-07-23T07:51:18.184+00:00,2026-07-23T07:51:20.030+00:00,1.846,0.9482,sustained_proximity_estimate
UPDATED,NDI: SHINJAN (shinjan-pc) [Q1],7de79667-0e08-4152-b45d-1958ba84a996,unknown_track_193,2026-07-23T07:51:18.184+00:00,2026-07-23T07:51:20.030+00:00,1.846,1.2542,sustained_proximity_estimate
UPDATED,NDI: SHINJAN (shinjan-pc) [Q1],b20659d6-0ffd-4647-bd8e-b9140be6c652,unknown_track_193,2026-07-23T07:51:17.582+00:00,2026-07-23T07:51:20.030+00:00,2.448,1.1946,sustained_proximity_estimate
UPDATED,NDI: SHINJAN (shinjan-pc) [Q2],72dd5b08-3bf1-4c65-bb3e-a4c3f1a443d6,b20659d6-0ffd-4647-bd8e-b9140be6c652,2026-07-23T07:51:17.582+00:00,2026-07-23T07:51:20.030+00:00,2.448,1.5742,sustained_proximity_estimate
UPDATED,NDI: SHINJAN (shinjan-pc) [Q2],72dd5b08-3bf1-4c65-bb3e-a4c3f1a443d6,unknown_track_198,2026-07-23T07:51:17.582+00:00,2026-07-23T07:51:20.030+00:00,2.448,0.4585,sustained_proximity_estimate
UPDATED,NDI: SHINJAN (shinjan-pc) [Q2],72dd5b08-3bf1-4c65-bb3e-a4c3f1a443d6,unknown_track_314,2026-07-23T07:51:17.582+00:00,2026-07-23T07:51:20.030+00:00,2.448,1.5480,sustained_proximity_estimate
UPDATED,NDI: SHINJAN (shinjan-pc) [Q2],b20659d6-0ffd-4647-bd8e-b9140be6c652,unknown_track_198,2026-07-23T07:51:17.582+00:00,2026-07-23T07:51:20.030+00:00,2.448,1.8402,sustained_proximity_estimate
UPDATED,NDI: SHINJAN (shinjan-pc) [Q2],b20659d6-0ffd-4647-bd8e-b9140be6c652,unknown_track_314,2026-07-23T07:51:17.582+00:00,2026-07-23T07:51:20.030+00:00,2.448,0.7018,sustained_proximity_estimate
UPDATED,NDI: SHINJAN (shinjan-pc) [Q2],unknown_track_198,unknown_track_314,2026-07-23T07:51:18.184+00:00,2026-07-23T07:51:20.030+00:00,1.846,1.9239,sustained_proximity_estimate
ENDED,NDI: SHINJAN (shinjan-pc) [Q1],7de79667-0e08-4152-b45d-1958ba84a996,b20659d6-0ffd-4647-bd8e-b9140be6c652,2026-07-23T07:51:18.184+00:00,2026-07-23T07:51:20.030+00:00,1.846,0.9482,sustained_proximity_estimate
ENDED,NDI: SHINJAN (shinjan-pc) [Q1],7de79667-0e08-4152-b45d-1958ba84a996,unknown_track_193,2026-07-23T07:51:18.184+00:00,2026-07-23T07:51:20.030+00:00,1.846,1.2542,sustained_proximity_estimate
ENDED,NDI: SHINJAN (shinjan-pc) [Q1],b20659d6-0ffd-4647-bd8e-b9140be6c652,unknown_track_193,2026-07-23T07:51:17.582+00:00,2026-07-23T07:51:20.030+00:00,2.448,1.1946,sustained_proximity_estimate
ENDED,NDI: SHINJAN (shinjan-pc) [Q2],72dd5b08-3bf1-4c65-bb3e-a4c3f1a443d6,b20659d6-0ffd-4647-bd8e-b9140be6c652,2026-07-23T07:51:17.582+00:00,2026-07-23T07:51:20.030+00:00,2.448,1.5742,sustained_proximity_estimate
ENDED,NDI: SHINJAN (shinjan-pc) [Q2],72dd5b08-3bf1-4c65-bb3e-a4c3f1a443d6,unknown_track_198,2026-07-23T07:51:17.582+00:00,2026-07-23T07:51:20.030+00:00,2.448,0.4585,sustained_proximity_estimate
ENDED,NDI: SHINJAN (shinjan-pc) [Q2],72dd5b08-3bf1-4c65-bb3e-a4c3f1a443d6,unknown_track_314,2026-07-23T07:51:17.582+00:00,2026-07-23T07:51:20.030+00:00,2.448,1.5480,sustained_proximity_estimate
ENDED,NDI: SHINJAN (shinjan-pc) [Q2],b20659d6-0ffd-4647-bd8e-b9140be6c652,unknown_track_198,2026-07-23T07:51:17.582+00:00,2026-07-23T07:51:20.030+00:00,2.448,1.8402,sustained_proximity_estimate
ENDED,NDI: SHINJAN (shinjan-pc) [Q2],b20659d6-0ffd-4647-bd8e-b9140be6c652,unknown_track_314,2026-07-23T07:51:17.582+00:00,2026-07-23T07:51:20.030+00:00,2.448,0.7018,sustained_proximity_estimate
ENDED,NDI: SHINJAN (shinjan-pc) [Q2],unknown_track_198,unknown_track_314,2026-07-23T07:51:18.184+00:00,2026-07-23T07:51:20.030+00:00,1.846,1.9239,sustained_proximity_estimate
STARTED,NDI: SHINJAN (shinjan-pc) [Q1],7de79667-0e08-4152-b45d-1958ba84a996,b20659d6-0ffd-4647-bd8e-b9140be6c652,2026-07-23T07:51:23.452+00:00,2026-07-23T07:51:24.700+00:00,1.248,0.9245,sustained_proximity_estimate
STARTED,NDI: SHINJAN (shinjan-pc) [Q1],7de79667-0e08-4152-b45d-1958ba84a996,unknown_track_193,2026-07-23T07:51:23.452+00:00,2026-07-23T07:51:24.700+00:00,1.248,1.3747,sustained_proximity_estimate
STARTED,NDI: SHINJAN (shinjan-pc) [Q1],b20659d6-0ffd-4647-bd8e-b9140be6c652,unknown_track_193,2026-07-23T07:51:23.452+00:00,2026-07-23T07:51:24.700+00:00,1.248,1.3125,sustained_proximity_estimate
STARTED,NDI: SHINJAN (shinjan-pc) [Q2],72dd5b08-3bf1-4c65-bb3e-a4c3f1a443d6,b20659d6-0ffd-4647-bd8e-b9140be6c652,2026-07-23T07:51:23.452+00:00,2026-07-23T07:51:24.700+00:00,1.248,1.4990,sustained_proximity_estimate
STARTED,NDI: SHINJAN (shinjan-pc) [Q2],72dd5b08-3bf1-4c65-bb3e-a4c3f1a443d6,unknown_track_198,2026-07-23T07:51:23.452+00:00,2026-07-23T07:51:24.700+00:00,1.248,0.4722,sustained_proximity_estimate
STARTED,NDI: SHINJAN (shinjan-pc) [Q2],72dd5b08-3bf1-4c65-bb3e-a4c3f1a443d6,unknown_track_314,2026-07-23T07:51:23.452+00:00,2026-07-23T07:51:24.700+00:00,1.248,1.6494,sustained_proximity_estimate
STARTED,NDI: SHINJAN (shinjan-pc) [Q2],b20659d6-0ffd-4647-bd8e-b9140be6c652,unknown_track_198,2026-07-23T07:51:23.452+00:00,2026-07-23T07:51:24.700+00:00,1.248,1.8087,sustained_proximity_estimate
STARTED,NDI: SHINJAN (shinjan-pc) [Q2],b20659d6-0ffd-4647-bd8e-b9140be6c652,unknown_track_314,2026-07-23T07:51:23.452+00:00,2026-07-23T07:51:24.700+00:00,1.248,0.7167,sustained_proximity_estimate
UPDATED,NDI: SHINJAN (shinjan-pc) [Q1],7de79667-0e08-4152-b45d-1958ba84a996,b20659d6-0ffd-4647-bd8e-b9140be6c652,2026-07-23T07:51:23.452+00:00,2026-07-23T07:51:25.331+00:00,1.879,0.9271,sustained_proximity_estimate
UPDATED,NDI: SHINJAN (shinjan-pc) [Q1],7de79667-0e08-4152-b45d-1958ba84a996,unknown_track_193,2026-07-23T07:51:23.452+00:00,2026-07-23T07:51:25.331+00:00,1.879,1.4051,sustained_proximity_estimate
UPDATED,NDI: SHINJAN (shinjan-pc) [Q1],b20659d6-0ffd-4647-bd8e-b9140be6c652,unknown_track_193,2026-07-23T07:51:23.452+00:00,2026-07-23T07:51:25.331+00:00,1.879,1.3292,sustained_proximity_estimate
UPDATED,NDI: SHINJAN (shinjan-pc) [Q2],72dd5b08-3bf1-4c65-bb3e-a4c3f1a443d6,b20659d6-0ffd-4647-bd8e-b9140be6c652,2026-07-23T07:51:23.452+00:00,2026-07-23T07:51:25.331+00:00,1.879,1.4820,sustained_proximity_estimate
UPDATED,NDI: SHINJAN (shinjan-pc) [Q2],72dd5b08-3bf1-4c65-bb3e-a4c3f1a443d6,unknown_track_198,2026-07-23T07:51:23.452+00:00,2026-07-23T07:51:25.331+00:00,1.879,0.4910,sustained_proximity_estimate
UPDATED,NDI: SHINJAN (shinjan-pc) [Q2],72dd5b08-3bf1-4c65-bb3e-a4c3f1a443d6,unknown_track_314,2026-07-23T07:51:23.452+00:00,2026-07-23T07:51:25.331+00:00,1.879,1.6488,sustained_proximity_estimate
UPDATED,NDI: SHINJAN (shinjan-pc) [Q2],b20659d6-0ffd-4647-bd8e-b9140be6c652,unknown_track_198,2026-07-23T07:51:23.452+00:00,2026-07-23T07:51:25.331+00:00,1.879,1.8571,sustained_proximity_estimate
UPDATED,NDI: SHINJAN (shinjan-pc) [Q2],b20659d6-0ffd-4647-bd8e-b9140be6c652,unknown_track_314,2026-07-23T07:51:23.452+00:00,2026-07-23T07:51:25.331+00:00,1.879,0.7366,sustained_proximity_estimate
UPDATED,NDI: SHINJAN (shinjan-pc) [Q1],7de79667-0e08-4152-b45d-1958ba84a996,b20659d6-0ffd-4647-bd8e-b9140be6c652,2026-07-23T07:51:23.452+00:00,2026-07-23T07:51:25.965+00:00,2.513,0.9298,sustained_proximity_estimate
UPDATED,NDI: SHINJAN (shinjan-pc) [Q1],7de79667-0e08-4152-b45d-1958ba84a996,unknown_track_193,2026-07-23T07:51:23.452+00:00,2026-07-23T07:51:25.965+00:00,2.513,1.4269,sustained_proximity_estimate
UPDATED,NDI: SHINJAN (shinjan-pc) [Q1],b20659d6-0ffd-4647-bd8e-b9140be6c652,unknown_track_193,2026-07-23T07:51:23.452+00:00,2026-07-23T07:51:25.965+00:00,2.513,1.3490,sustained_proximity_estimate
UPDATED,NDI: SHINJAN (shinjan-pc) [Q2],72dd5b08-3bf1-4c65-bb3e-a4c3f1a443d6,b20659d6-0ffd-4647-bd8e-b9140be6c652,2026-07-23T07:51:23.452+00:00,2026-07-23T07:51:25.965+00:00,2.513,1.4809,sustained_proximity_estimate
UPDATED,NDI: SHINJAN (shinjan-pc) [Q2],72dd5b08-3bf1-4c65-bb3e-a4c3f1a443d6,unknown_track_198,2026-07-23T07:51:23.452+00:00,2026-07-23T07:51:25.965+00:00,2.513,0.5488,sustained_proximity_estimate
UPDATED,NDI: SHINJAN (shinjan-pc) [Q2],b20659d6-0ffd-4647-bd8e-b9140be6c652,unknown_track_198,2026-07-23T07:51:23.452+00:00,2026-07-23T07:51:25.965+00:00,2.513,1.8843,sustained_proximity_estimate
ENDED,NDI: SHINJAN (shinjan-pc) [Q1],7de79667-0e08-4152-b45d-1958ba84a996,b20659d6-0ffd-4647-bd8e-b9140be6c652,2026-07-23T07:51:23.452+00:00,2026-07-23T07:51:25.965+00:00,2.513,0.9298,sustained_proximity_estimate
ENDED,NDI: SHINJAN (shinjan-pc) [Q1],7de79667-0e08-4152-b45d-1958ba84a996,unknown_track_193,2026-07-23T07:51:23.452+00:00,2026-07-23T07:51:25.965+00:00,2.513,1.4269,sustained_proximity_estimate
ENDED,NDI: SHINJAN (shinjan-pc) [Q1],b20659d6-0ffd-4647-bd8e-b9140be6c652,unknown_track_193,2026-07-23T07:51:23.452+00:00,2026-07-23T07:51:25.965+00:00,2.513,1.3490,sustained_proximity_estimate
ENDED,NDI: SHINJAN (shinjan-pc) [Q2],72dd5b08-3bf1-4c65-bb3e-a4c3f1a443d6,b20659d6-0ffd-4647-bd8e-b9140be6c652,2026-07-23T07:51:23.452+00:00,2026-07-23T07:51:25.965+00:00,2.513,1.4809,sustained_proximity_estimate
ENDED,NDI: SHINJAN (shinjan-pc) [Q2],72dd5b08-3bf1-4c65-bb3e-a4c3f1a443d6,unknown_track_198,2026-07-23T07:51:23.452+00:00,2026-07-23T07:51:25.965+00:00,2.513,0.5488,sustained_proximity_estimate
ENDED,NDI: SHINJAN (shinjan-pc) [Q2],72dd5b08-3bf1-4c65-bb3e-a4c3f1a443d6,unknown_track_314,2026-07-23T07:51:23.452+00:00,2026-07-23T07:51:25.331+00:00,1.879,1.6488,sustained_proximity_estimate
ENDED,NDI: SHINJAN (shinjan-pc) [Q2],b20659d6-0ffd-4647-bd8e-b9140be6c652,unknown_track_198,2026-07-23T07:51:23.452+00:00,2026-07-23T07:51:25.965+00:00,2.513,1.8843,sustained_proximity_estimate
ENDED,NDI: SHINJAN (shinjan-pc) [Q2],b20659d6-0ffd-4647-bd8e-b9140be6c652,unknown_track_314,2026-07-23T07:51:23.452+00:00,2026-07-23T07:51:25.331+00:00,1.879,0.7366,sustained_proximity_estimate
STARTED,NDI: SHINJAN (shinjan-pc) [Q1],7de79667-0e08-4152-b45d-1958ba84a996,b20659d6-0ffd-4647-bd8e-b9140be6c652,2026-07-23T07:51:29.729+00:00,2026-07-23T07:51:31.067+00:00,1.338,0.9371,sustained_proximity_estimate
STARTED,NDI: SHINJAN (shinjan-pc) [Q1],7de79667-0e08-4152-b45d-1958ba84a996,unknown_track_193,2026-07-23T07:51:29.729+00:00,2026-07-23T07:51:31.067+00:00,1.338,1.4269,sustained_proximity_estimate
STARTED,NDI: SHINJAN (shinjan-pc) [Q1],7de79667-0e08-4152-b45d-1958ba84a996,unknown_track_221,2026-07-23T07:51:29.729+00:00,2026-07-23T07:51:31.067+00:00,1.338,1.7675,sustained_proximity_estimate
STARTED,NDI: SHINJAN (shinjan-pc) [Q1],b20659d6-0ffd-4647-bd8e-b9140be6c652,unknown_track_193,2026-07-23T07:51:29.729+00:00,2026-07-23T07:51:31.067+00:00,1.338,1.3695,sustained_proximity_estimate
STARTED,NDI: SHINJAN (shinjan-pc) [Q1],unknown_track_193,unknown_track_221,2026-07-23T07:51:29.729+00:00,2026-07-23T07:51:31.067+00:00,1.338,0.9571,sustained_proximity_estimate
STARTED,NDI: SHINJAN (shinjan-pc) [Q2],72dd5b08-3bf1-4c65-bb3e-a4c3f1a443d6,7de79667-0e08-4152-b45d-1958ba84a996,2026-07-23T07:51:29.729+00:00,2026-07-23T07:51:31.067+00:00,1.338,1.6625,sustained_proximity_estimate
STARTED,NDI: SHINJAN (shinjan-pc) [Q2],72dd5b08-3bf1-4c65-bb3e-a4c3f1a443d6,b20659d6-0ffd-4647-bd8e-b9140be6c652,2026-07-23T07:51:29.729+00:00,2026-07-23T07:51:31.067+00:00,1.338,1.5118,sustained_proximity_estimate
STARTED,NDI: SHINJAN (shinjan-pc) [Q2],7de79667-0e08-4152-b45d-1958ba84a996,b20659d6-0ffd-4647-bd8e-b9140be6c652,2026-07-23T07:51:29.729+00:00,2026-07-23T07:51:31.067+00:00,1.338,0.7597,sustained_proximity_estimate
UPDATED,NDI: SHINJAN (shinjan-pc) [Q1],7de79667-0e08-4152-b45d-1958ba84a996,b20659d6-0ffd-4647-bd8e-b9140be6c652,2026-07-23T07:51:29.729+00:00,2026-07-23T07:51:31.746+00:00,2.017,1.0176,sustained_proximity_estimate
UPDATED,NDI: SHINJAN (shinjan-pc) [Q1],7de79667-0e08-4152-b45d-1958ba84a996,unknown_track_193,2026-07-23T07:51:29.729+00:00,2026-07-23T07:51:31.746+00:00,2.017,1.5049,sustained_proximity_estimate
UPDATED,NDI: SHINJAN (shinjan-pc) [Q1],7de79667-0e08-4152-b45d-1958ba84a996,unknown_track_221,2026-07-23T07:51:29.729+00:00,2026-07-23T07:51:31.746+00:00,2.017,1.8815,sustained_proximity_estimate
UPDATED,NDI: SHINJAN (shinjan-pc) [Q1],b20659d6-0ffd-4647-bd8e-b9140be6c652,unknown_track_193,2026-07-23T07:51:29.729+00:00,2026-07-23T07:51:31.746+00:00,2.017,1.3549,sustained_proximity_estimate
UPDATED,NDI: SHINJAN (shinjan-pc) [Q1],unknown_track_193,unknown_track_221,2026-07-23T07:51:29.729+00:00,2026-07-23T07:51:31.746+00:00,2.017,0.9854,sustained_proximity_estimate
UPDATED,NDI: SHINJAN (shinjan-pc) [Q2],72dd5b08-3bf1-4c65-bb3e-a4c3f1a443d6,7de79667-0e08-4152-b45d-1958ba84a996,2026-07-23T07:51:29.729+00:00,2026-07-23T07:51:31.746+00:00,2.017,1.7780,sustained_proximity_estimate
UPDATED,NDI: SHINJAN (shinjan-pc) [Q2],72dd5b08-3bf1-4c65-bb3e-a4c3f1a443d6,b20659d6-0ffd-4647-bd8e-b9140be6c652,2026-07-23T07:51:29.729+00:00,2026-07-23T07:51:31.746+00:00,2.017,1.4814,sustained_proximity_estimate
UPDATED,NDI: SHINJAN (shinjan-pc) [Q2],7de79667-0e08-4152-b45d-1958ba84a996,b20659d6-0ffd-4647-bd8e-b9140be6c652,2026-07-23T07:51:29.729+00:00,2026-07-23T07:51:31.746+00:00,2.017,0.8762,sustained_proximity_estimate
UPDATED,NDI: SHINJAN (shinjan-pc) [Q1],b20659d6-0ffd-4647-bd8e-b9140be6c652,unknown_track_193,2026-07-23T07:51:29.729+00:00,2026-07-23T07:51:32.535+00:00,2.806,1.3035,sustained_proximity_estimate
UPDATED,NDI: SHINJAN (shinjan-pc) [Q1],unknown_track_193,unknown_track_221,2026-07-23T07:51:29.729+00:00,2026-07-23T07:51:32.535+00:00,2.806,1.0327,sustained_proximity_estimate
UPDATED,NDI: SHINJAN (shinjan-pc) [Q2],72dd5b08-3bf1-4c65-bb3e-a4c3f1a443d6,7de79667-0e08-4152-b45d-1958ba84a996,2026-07-23T07:51:29.729+00:00,2026-07-23T07:51:32.535+00:00,2.806,1.9389,sustained_proximity_estimate
UPDATED,NDI: SHINJAN (shinjan-pc) [Q2],72dd5b08-3bf1-4c65-bb3e-a4c3f1a443d6,b20659d6-0ffd-4647-bd8e-b9140be6c652,2026-07-23T07:51:29.729+00:00,2026-07-23T07:51:32.535+00:00,2.806,1.4475,sustained_proximity_estimate
UPDATED,NDI: SHINJAN (shinjan-pc) [Q2],7de79667-0e08-4152-b45d-1958ba84a996,b20659d6-0ffd-4647-bd8e-b9140be6c652,2026-07-23T07:51:29.729+00:00,2026-07-23T07:51:32.535+00:00,2.806,0.9788,sustained_proximity_estimate
ENDED,NDI: SHINJAN (shinjan-pc) [Q1],7de79667-0e08-4152-b45d-1958ba84a996,b20659d6-0ffd-4647-bd8e-b9140be6c652,2026-07-23T07:51:29.729+00:00,2026-07-23T07:51:31.746+00:00,2.017,1.0176,sustained_proximity_estimate
ENDED,NDI: SHINJAN (shinjan-pc) [Q1],7de79667-0e08-4152-b45d-1958ba84a996,unknown_track_193,2026-07-23T07:51:29.729+00:00,2026-07-23T07:51:31.746+00:00,2.017,1.5049,sustained_proximity_estimate
ENDED,NDI: SHINJAN (shinjan-pc) [Q1],7de79667-0e08-4152-b45d-1958ba84a996,unknown_track_221,2026-07-23T07:51:29.729+00:00,2026-07-23T07:51:31.746+00:00,2.017,1.8815,sustained_proximity_estimate
ENDED,NDI: SHINJAN (shinjan-pc) [Q1],b20659d6-0ffd-4647-bd8e-b9140be6c652,unknown_track_193,2026-07-23T07:51:29.729+00:00,2026-07-23T07:51:32.535+00:00,2.806,1.3035,sustained_proximity_estimate
ENDED,NDI: SHINJAN (shinjan-pc) [Q1],unknown_track_193,unknown_track_221,2026-07-23T07:51:29.729+00:00,2026-07-23T07:51:32.535+00:00,2.806,1.0327,sustained_proximity_estimate
ENDED,NDI: SHINJAN (shinjan-pc) [Q2],72dd5b08-3bf1-4c65-bb3e-a4c3f1a443d6,7de79667-0e08-4152-b45d-1958ba84a996,2026-07-23T07:51:29.729+00:00,2026-07-23T07:51:32.535+00:00,2.806,1.9389,sustained_proximity_estimate
ENDED,NDI: SHINJAN (shinjan-pc) [Q2],72dd5b08-3bf1-4c65-bb3e-a4c3f1a443d6,b20659d6-0ffd-4647-bd8e-b9140be6c652,2026-07-23T07:51:29.729+00:00,2026-07-23T07:51:32.535+00:00,2.806,1.4475,sustained_proximity_estimate
ENDED,NDI: SHINJAN (shinjan-pc) [Q2],7de79667-0e08-4152-b45d-1958ba84a996,b20659d6-0ffd-4647-bd8e-b9140be6c652,2026-07-23T07:51:29.729+00:00,2026-07-23T07:51:32.535+00:00,2.806,0.9788,sustained_proximity_estimate
STARTED,NDI: SHINJAN (shinjan-pc) [Q2],72dd5b08-3bf1-4c65-bb3e-a4c3f1a443d6,7de79667-0e08-4152-b45d-1958ba84a996,2026-07-23T07:51:35.586+00:00,2026-07-23T07:51:36.874+00:00,1.288,1.8322,sustained_proximity_estimate
STARTED,NDI: SHINJAN (shinjan-pc) [Q2],72dd5b08-3bf1-4c65-bb3e-a4c3f1a443d6,b20659d6-0ffd-4647-bd8e-b9140be6c652,2026-07-23T07:51:35.586+00:00,2026-07-23T07:51:36.874+00:00,1.288,1.4943,sustained_proximity_estimate
STARTED,NDI: SHINJAN (shinjan-pc) [Q2],72dd5b08-3bf1-4c65-bb3e-a4c3f1a443d6,unknown_track_198,2026-07-23T07:51:35.586+00:00,2026-07-23T07:51:36.874+00:00,1.288,0.5337,sustained_proximity_estimate
STARTED,NDI: SHINJAN (shinjan-pc) [Q2],7de79667-0e08-4152-b45d-1958ba84a996,b20659d6-0ffd-4647-bd8e-b9140be6c652,2026-07-23T07:51:35.586+00:00,2026-07-23T07:51:36.874+00:00,1.288,0.8047,sustained_proximity_estimate
STARTED,NDI: SHINJAN (shinjan-pc) [Q2],b20659d6-0ffd-4647-bd8e-b9140be6c652,unknown_track_198,2026-07-23T07:51:35.586+00:00,2026-07-23T07:51:36.874+00:00,1.288,1.8443,sustained_proximity_estimate
STARTED,NDI: SHINJAN (shinjan-pc) [Q1],b20659d6-0ffd-4647-bd8e-b9140be6c652,unknown_track_193,2026-07-23T07:51:36.293+00:00,2026-07-23T07:51:37.506+00:00,1.213,1.2806,sustained_proximity_estimate
UPDATED,NDI: SHINJAN (shinjan-pc) [Q2],72dd5b08-3bf1-4c65-bb3e-a4c3f1a443d6,7de79667-0e08-4152-b45d-1958ba84a996,2026-07-23T07:51:35.586+00:00,2026-07-23T07:51:37.506+00:00,1.920,1.8326,sustained_proximity_estimate
UPDATED,NDI: SHINJAN (shinjan-pc) [Q2],72dd5b08-3bf1-4c65-bb3e-a4c3f1a443d6,b20659d6-0ffd-4647-bd8e-b9140be6c652,2026-07-23T07:51:35.586+00:00,2026-07-23T07:51:37.506+00:00,1.920,1.4986,sustained_proximity_estimate
UPDATED,NDI: SHINJAN (shinjan-pc) [Q2],72dd5b08-3bf1-4c65-bb3e-a4c3f1a443d6,unknown_track_198,2026-07-23T07:51:35.586+00:00,2026-07-23T07:51:37.506+00:00,1.920,0.5894,sustained_proximity_estimate
UPDATED,NDI: SHINJAN (shinjan-pc) [Q2],7de79667-0e08-4152-b45d-1958ba84a996,b20659d6-0ffd-4647-bd8e-b9140be6c652,2026-07-23T07:51:35.586+00:00,2026-07-23T07:51:37.506+00:00,1.920,0.8013,sustained_proximity_estimate
UPDATED,NDI: SHINJAN (shinjan-pc) [Q2],b20659d6-0ffd-4647-bd8e-b9140be6c652,unknown_track_198,2026-07-23T07:51:35.586+00:00,2026-07-23T07:51:37.506+00:00,1.920,1.8344,sustained_proximity_estimate
UPDATED,NDI: SHINJAN (shinjan-pc) [Q1],b20659d6-0ffd-4647-bd8e-b9140be6c652,unknown_track_193,2026-07-23T07:51:36.293+00:00,2026-07-23T07:51:38.144+00:00,1.851,1.2726,sustained_proximity_estimate
UPDATED,NDI: SHINJAN (shinjan-pc) [Q2],72dd5b08-3bf1-4c65-bb3e-a4c3f1a443d6,7de79667-0e08-4152-b45d-1958ba84a996,2026-07-23T07:51:35.586+00:00,2026-07-23T07:51:38.144+00:00,2.558,1.8280,sustained_proximity_estimate
UPDATED,NDI: SHINJAN (shinjan-pc) [Q2],72dd5b08-3bf1-4c65-bb3e-a4c3f1a443d6,b20659d6-0ffd-4647-bd8e-b9140be6c652,2026-07-23T07:51:35.586+00:00,2026-07-23T07:51:38.144+00:00,2.558,1.5000,sustained_proximity_estimate
UPDATED,NDI: SHINJAN (shinjan-pc) [Q2],72dd5b08-3bf1-4c65-bb3e-a4c3f1a443d6,unknown_track_198,2026-07-23T07:51:35.586+00:00,2026-07-23T07:51:38.144+00:00,2.558,0.5420,sustained_proximity_estimate
UPDATED,NDI: SHINJAN (shinjan-pc) [Q2],7de79667-0e08-4152-b45d-1958ba84a996,b20659d6-0ffd-4647-bd8e-b9140be6c652,2026-07-23T07:51:35.586+00:00,2026-07-23T07:51:38.144+00:00,2.558,0.7940,sustained_proximity_estimate
UPDATED,NDI: SHINJAN (shinjan-pc) [Q2],b20659d6-0ffd-4647-bd8e-b9140be6c652,unknown_track_198,2026-07-23T07:51:35.586+00:00,2026-07-23T07:51:38.144+00:00,2.558,1.8406,sustained_proximity_estimate
ENDED,NDI: SHINJAN (shinjan-pc) [Q1],b20659d6-0ffd-4647-bd8e-b9140be6c652,unknown_track_193,2026-07-23T07:51:36.293+00:00,2026-07-23T07:51:38.144+00:00,1.851,1.2726,sustained_proximity_estimate
ENDED,NDI: SHINJAN (shinjan-pc) [Q2],72dd5b08-3bf1-4c65-bb3e-a4c3f1a443d6,7de79667-0e08-4152-b45d-1958ba84a996,2026-07-23T07:51:35.586+00:00,2026-07-23T07:51:38.144+00:00,2.558,1.8280,sustained_proximity_estimate
ENDED,NDI: SHINJAN (shinjan-pc) [Q2],72dd5b08-3bf1-4c65-bb3e-a4c3f1a443d6,b20659d6-0ffd-4647-bd8e-b9140be6c652,2026-07-23T07:51:35.586+00:00,2026-07-23T07:51:38.144+00:00,2.558,1.5000,sustained_proximity_estimate
ENDED,NDI: SHINJAN (shinjan-pc) [Q2],72dd5b08-3bf1-4c65-bb3e-a4c3f1a443d6,unknown_track_198,2026-07-23T07:51:35.586+00:00,2026-07-23T07:51:38.144+00:00,2.558,0.5420,sustained_proximity_estimate
ENDED,NDI: SHINJAN (shinjan-pc) [Q2],7de79667-0e08-4152-b45d-1958ba84a996,b20659d6-0ffd-4647-bd8e-b9140be6c652,2026-07-23T07:51:35.586+00:00,2026-07-23T07:51:38.144+00:00,2.558,0.7940,sustained_proximity_estimate
ENDED,NDI: SHINJAN (shinjan-pc) [Q2],b20659d6-0ffd-4647-bd8e-b9140be6c652,unknown_track_198,2026-07-23T07:51:35.586+00:00,2026-07-23T07:51:38.144+00:00,2.558,1.8406,sustained_proximity_estimate
STARTED,NDI: SHINJAN (shinjan-pc) [Q1],b20659d6-0ffd-4647-bd8e-b9140be6c652,unknown_track_193,2026-07-23T07:51:41.328+00:00,2026-07-23T07:51:42.745+00:00,1.417,1.5357,sustained_proximity_estimate
STARTED,NDI: SHINJAN (shinjan-pc) [Q2],72dd5b08-3bf1-4c65-bb3e-a4c3f1a443d6,7de79667-0e08-4152-b45d-1958ba84a996,2026-07-23T07:51:41.328+00:00,2026-07-23T07:51:42.745+00:00,1.417,1.3404,sustained_proximity_estimate
STARTED,NDI: SHINJAN (shinjan-pc) [Q2],72dd5b08-3bf1-4c65-bb3e-a4c3f1a443d6,b20659d6-0ffd-4647-bd8e-b9140be6c652,2026-07-23T07:51:41.328+00:00,2026-07-23T07:51:42.745+00:00,1.417,1.4803,sustained_proximity_estimate
STARTED,NDI: SHINJAN (shinjan-pc) [Q2],72dd5b08-3bf1-4c65-bb3e-a4c3f1a443d6,unknown_track_198,2026-07-23T07:51:41.328+00:00,2026-07-23T07:51:42.745+00:00,1.417,0.4177,sustained_proximity_estimate
STARTED,NDI: SHINJAN (shinjan-pc) [Q2],7de79667-0e08-4152-b45d-1958ba84a996,b20659d6-0ffd-4647-bd8e-b9140be6c652,2026-07-23T07:51:41.328+00:00,2026-07-23T07:51:42.745+00:00,1.417,1.1379,sustained_proximity_estimate
STARTED,NDI: SHINJAN (shinjan-pc) [Q2],b20659d6-0ffd-4647-bd8e-b9140be6c652,unknown_track_198,2026-07-23T07:51:41.328+00:00,2026-07-23T07:51:42.745+00:00,1.417,1.8377,sustained_proximity_estimate
UPDATED,NDI: SHINJAN (shinjan-pc) [Q1],b20659d6-0ffd-4647-bd8e-b9140be6c652,unknown_track_193,2026-07-23T07:51:41.328+00:00,2026-07-23T07:51:43.361+00:00,2.033,1.5250,sustained_proximity_estimate
STARTED,NDI: SHINJAN (shinjan-pc) [Q1],b20659d6-0ffd-4647-bd8e-b9140be6c652,unknown_track_337,2026-07-23T07:51:42.115+00:00,2026-07-23T07:51:43.361+00:00,1.246,1.3607,sustained_proximity_estimate
STARTED,NDI: SHINJAN (shinjan-pc) [Q1],unknown_track_193,unknown_track_337,2026-07-23T07:51:42.115+00:00,2026-07-23T07:51:43.361+00:00,1.246,1.0429,sustained_proximity_estimate
UPDATED,NDI: SHINJAN (shinjan-pc) [Q2],72dd5b08-3bf1-4c65-bb3e-a4c3f1a443d6,7de79667-0e08-4152-b45d-1958ba84a996,2026-07-23T07:51:41.328+00:00,2026-07-23T07:51:43.361+00:00,2.033,1.2704,sustained_proximity_estimate
UPDATED,NDI: SHINJAN (shinjan-pc) [Q2],72dd5b08-3bf1-4c65-bb3e-a4c3f1a443d6,b20659d6-0ffd-4647-bd8e-b9140be6c652,2026-07-23T07:51:41.328+00:00,2026-07-23T07:51:43.361+00:00,2.033,1.4986,sustained_proximity_estimate
UPDATED,NDI: SHINJAN (shinjan-pc) [Q2],72dd5b08-3bf1-4c65-bb3e-a4c3f1a443d6,unknown_track_198,2026-07-23T07:51:41.328+00:00,2026-07-23T07:51:43.361+00:00,2.033,0.5270,sustained_proximity_estimate
UPDATED,NDI: SHINJAN (shinjan-pc) [Q2],7de79667-0e08-4152-b45d-1958ba84a996,b20659d6-0ffd-4647-bd8e-b9140be6c652,2026-07-23T07:51:41.328+00:00,2026-07-23T07:51:43.361+00:00,2.033,1.1351,sustained_proximity_estimate
STARTED,NDI: SHINJAN (shinjan-pc) [Q2],7de79667-0e08-4152-b45d-1958ba84a996,unknown_track_198,2026-07-23T07:51:42.115+00:00,2026-07-23T07:51:43.361+00:00,1.246,1.8031,sustained_proximity_estimate
UPDATED,NDI: SHINJAN (shinjan-pc) [Q2],b20659d6-0ffd-4647-bd8e-b9140be6c652,unknown_track_198,2026-07-23T07:51:41.328+00:00,2026-07-23T07:51:43.361+00:00,2.033,1.8545,sustained_proximity_estimate
UPDATED,NDI: SHINJAN (shinjan-pc) [Q1],b20659d6-0ffd-4647-bd8e-b9140be6c652,unknown_track_193,2026-07-23T07:51:41.328+00:00,2026-07-23T07:51:44.052+00:00,2.724,1.5519,sustained_proximity_estimate
UPDATED,NDI: SHINJAN (shinjan-pc) [Q1],b20659d6-0ffd-4647-bd8e-b9140be6c652,unknown_track_337,2026-07-23T07:51:42.115+00:00,2026-07-23T07:51:44.052+00:00,1.937,1.4425,sustained_proximity_estimate
UPDATED,NDI: SHINJAN (shinjan-pc) [Q1],unknown_track_193,unknown_track_337,2026-07-23T07:51:42.115+00:00,2026-07-23T07:51:44.052+00:00,1.937,1.1297,sustained_proximity_estimate
UPDATED,NDI: SHINJAN (shinjan-pc) [Q2],72dd5b08-3bf1-4c65-bb3e-a4c3f1a443d6,7de79667-0e08-4152-b45d-1958ba84a996,2026-07-23T07:51:41.328+00:00,2026-07-23T07:51:44.052+00:00,2.724,1.2383,sustained_proximity_estimate
UPDATED,NDI: SHINJAN (shinjan-pc) [Q2],72dd5b08-3bf1-4c65-bb3e-a4c3f1a443d6,b20659d6-0ffd-4647-bd8e-b9140be6c652,2026-07-23T07:51:41.328+00:00,2026-07-23T07:51:44.052+00:00,2.724,1.4383,sustained_proximity_estimate
UPDATED,NDI: SHINJAN (shinjan-pc) [Q2],72dd5b08-3bf1-4c65-bb3e-a4c3f1a443d6,unknown_track_198,2026-07-23T07:51:41.328+00:00,2026-07-23T07:51:44.052+00:00,2.724,0.5457,sustained_proximity_estimate
UPDATED,NDI: SHINJAN (shinjan-pc) [Q2],7de79667-0e08-4152-b45d-1958ba84a996,b20659d6-0ffd-4647-bd8e-b9140be6c652,2026-07-23T07:51:41.328+00:00,2026-07-23T07:51:44.052+00:00,2.724,1.1292,sustained_proximity_estimate
UPDATED,NDI: SHINJAN (shinjan-pc) [Q2],7de79667-0e08-4152-b45d-1958ba84a996,unknown_track_198,2026-07-23T07:51:42.115+00:00,2026-07-23T07:51:44.052+00:00,1.937,1.8630,sustained_proximity_estimate
UPDATED,NDI: SHINJAN (shinjan-pc) [Q2],b20659d6-0ffd-4647-bd8e-b9140be6c652,unknown_track_198,2026-07-23T07:51:41.328+00:00,2026-07-23T07:51:44.052+00:00,2.724,1.9335,sustained_proximity_estimate
ENDED,NDI: SHINJAN (shinjan-pc) [Q1],b20659d6-0ffd-4647-bd8e-b9140be6c652,unknown_track_193,2026-07-23T07:51:41.328+00:00,2026-07-23T07:51:44.052+00:00,2.724,1.5519,sustained_proximity_estimate
ENDED,NDI: SHINJAN (shinjan-pc) [Q1],b20659d6-0ffd-4647-bd8e-b9140be6c652,unknown_track_337,2026-07-23T07:51:42.115+00:00,2026-07-23T07:51:44.052+00:00,1.937,1.4425,sustained_proximity_estimate
ENDED,NDI: SHINJAN (shinjan-pc) [Q1],unknown_track_193,unknown_track_337,2026-07-23T07:51:42.115+00:00,2026-07-23T07:51:44.052+00:00,1.937,1.1297,sustained_proximity_estimate
ENDED,NDI: SHINJAN (shinjan-pc) [Q2],72dd5b08-3bf1-4c65-bb3e-a4c3f1a443d6,7de79667-0e08-4152-b45d-1958ba84a996,2026-07-23T07:51:41.328+00:00,2026-07-23T07:51:44.052+00:00,2.724,1.2383,sustained_proximity_estimate
ENDED,NDI: SHINJAN (shinjan-pc) [Q2],72dd5b08-3bf1-4c65-bb3e-a4c3f1a443d6,b20659d6-0ffd-4647-bd8e-b9140be6c652,2026-07-23T07:51:41.328+00:00,2026-07-23T07:51:44.052+00:00,2.724,1.4383,sustained_proximity_estimate
ENDED,NDI: SHINJAN (shinjan-pc) [Q2],72dd5b08-3bf1-4c65-bb3e-a4c3f1a443d6,unknown_track_198,2026-07-23T07:51:41.328+00:00,2026-07-23T07:51:44.052+00:00,2.724,0.5457,sustained_proximity_estimate
ENDED,NDI: SHINJAN (shinjan-pc) [Q2],7de79667-0e08-4152-b45d-1958ba84a996,b20659d6-0ffd-4647-bd8e-b9140be6c652,2026-07-23T07:51:41.328+00:00,2026-07-23T07:51:44.052+00:00,2.724,1.1292,sustained_proximity_estimate
ENDED,NDI: SHINJAN (shinjan-pc) [Q2],7de79667-0e08-4152-b45d-1958ba84a996,unknown_track_198,2026-07-23T07:51:42.115+00:00,2026-07-23T07:51:44.052+00:00,1.937,1.8630,sustained_proximity_estimate
ENDED,NDI: SHINJAN (shinjan-pc) [Q2],b20659d6-0ffd-4647-bd8e-b9140be6c652,unknown_track_198,2026-07-23T07:51:41.328+00:00,2026-07-23T07:51:44.052+00:00,2.724,1.9335,sustained_proximity_estimate
STARTED,NDI: SHINJAN (shinjan-pc) [Q1],7de79667-0e08-4152-b45d-1958ba84a996,b20659d6-0ffd-4647-bd8e-b9140be6c652,2026-07-23T07:51:47.525+00:00,2026-07-23T07:51:48.798+00:00,1.273,0.9519,sustained_proximity_estimate
STARTED,NDI: SHINJAN (shinjan-pc) [Q1],7de79667-0e08-4152-b45d-1958ba84a996,unknown_track_193,2026-07-23T07:51:47.525+00:00,2026-07-23T07:51:48.798+00:00,1.273,1.4704,sustained_proximity_estimate
STARTED,NDI: SHINJAN (shinjan-pc) [Q1],b20659d6-0ffd-4647-bd8e-b9140be6c652,unknown_track_193,2026-07-23T07:51:47.525+00:00,2026-07-23T07:51:48.798+00:00,1.273,1.7435,sustained_proximity_estimate
STARTED,NDI: SHINJAN (shinjan-pc) [Q2],72dd5b08-3bf1-4c65-bb3e-a4c3f1a443d6,7de79667-0e08-4152-b45d-1958ba84a996,2026-07-23T07:51:47.525+00:00,2026-07-23T07:51:48.798+00:00,1.273,1.6193,sustained_proximity_estimate
STARTED,NDI: SHINJAN (shinjan-pc) [Q2],72dd5b08-3bf1-4c65-bb3e-a4c3f1a443d6,b20659d6-0ffd-4647-bd8e-b9140be6c652,2026-07-23T07:51:47.525+00:00,2026-07-23T07:51:48.798+00:00,1.273,1.4136,sustained_proximity_estimate
STARTED,NDI: SHINJAN (shinjan-pc) [Q2],72dd5b08-3bf1-4c65-bb3e-a4c3f1a443d6,unknown_track_198,2026-07-23T07:51:47.525+00:00,2026-07-23T07:51:48.798+00:00,1.273,0.6192,sustained_proximity_estimate
STARTED,NDI: SHINJAN (shinjan-pc) [Q2],7de79667-0e08-4152-b45d-1958ba84a996,b20659d6-0ffd-4647-bd8e-b9140be6c652,2026-07-23T07:51:47.525+00:00,2026-07-23T07:51:48.798+00:00,1.273,0.8353,sustained_proximity_estimate
STARTED,NDI: SHINJAN (shinjan-pc) [Q2],b20659d6-0ffd-4647-bd8e-b9140be6c652,unknown_track_198,2026-07-23T07:51:47.525+00:00,2026-07-23T07:51:48.798+00:00,1.273,2.0567,sustained_proximity_estimate
UPDATED,NDI: SHINJAN (shinjan-pc) [Q1],7de79667-0e08-4152-b45d-1958ba84a996,b20659d6-0ffd-4647-bd8e-b9140be6c652,2026-07-23T07:51:47.525+00:00,2026-07-23T07:51:49.526+00:00,2.001,0.9160,sustained_proximity_estimate
UPDATED,NDI: SHINJAN (shinjan-pc) [Q2],72dd5b08-3bf1-4c65-bb3e-a4c3f1a443d6,7de79667-0e08-4152-b45d-1958ba84a996,2026-07-23T07:51:47.525+00:00,2026-07-23T07:51:49.526+00:00,2.001,1.5741,sustained_proximity_estimate
UPDATED,NDI: SHINJAN (shinjan-pc) [Q2],72dd5b08-3bf1-4c65-bb3e-a4c3f1a443d6,b20659d6-0ffd-4647-bd8e-b9140be6c652,2026-07-23T07:51:47.525+00:00,2026-07-23T07:51:49.526+00:00,2.001,1.4127,sustained_proximity_estimate
UPDATED,NDI: SHINJAN (shinjan-pc) [Q2],72dd5b08-3bf1-4c65-bb3e-a4c3f1a443d6,unknown_track_198,2026-07-23T07:51:47.525+00:00,2026-07-23T07:51:49.526+00:00,2.001,0.6461,sustained_proximity_estimate
UPDATED,NDI: SHINJAN (shinjan-pc) [Q2],7de79667-0e08-4152-b45d-1958ba84a996,b20659d6-0ffd-4647-bd8e-b9140be6c652,2026-07-23T07:51:47.525+00:00,2026-07-23T07:51:49.526+00:00,2.001,0.7905,sustained_proximity_estimate
UPDATED,NDI: SHINJAN (shinjan-pc) [Q2],b20659d6-0ffd-4647-bd8e-b9140be6c652,unknown_track_198,2026-07-23T07:51:47.525+00:00,2026-07-23T07:51:49.526+00:00,2.001,2.0780,sustained_proximity_estimate
ENDED,NDI: SHINJAN (shinjan-pc) [Q1],7de79667-0e08-4152-b45d-1958ba84a996,unknown_track_193,2026-07-23T07:51:47.525+00:00,2026-07-23T07:51:48.798+00:00,1.273,1.4704,sustained_proximity_estimate
ENDED,NDI: SHINJAN (shinjan-pc) [Q1],b20659d6-0ffd-4647-bd8e-b9140be6c652,unknown_track_193,2026-07-23T07:51:47.525+00:00,2026-07-23T07:51:48.798+00:00,1.273,1.7435,sustained_proximity_estimate
UPDATED,NDI: SHINJAN (shinjan-pc) [Q1],7de79667-0e08-4152-b45d-1958ba84a996,b20659d6-0ffd-4647-bd8e-b9140be6c652,2026-07-23T07:51:47.525+00:00,2026-07-23T07:51:50.165+00:00,2.640,0.9033,sustained_proximity_estimate
UPDATED,NDI: SHINJAN (shinjan-pc) [Q2],72dd5b08-3bf1-4c65-bb3e-a4c3f1a443d6,7de79667-0e08-4152-b45d-1958ba84a996,2026-07-23T07:51:47.525+00:00,2026-07-23T07:51:50.165+00:00,2.640,1.5927,sustained_proximity_estimate
UPDATED,NDI: SHINJAN (shinjan-pc) [Q2],72dd5b08-3bf1-4c65-bb3e-a4c3f1a443d6,b20659d6-0ffd-4647-bd8e-b9140be6c652,2026-07-23T07:51:47.525+00:00,2026-07-23T07:51:50.165+00:00,2.640,1.4904,sustained_proximity_estimate
UPDATED,NDI: SHINJAN (shinjan-pc) [Q2],72dd5b08-3bf1-4c65-bb3e-a4c3f1a443d6,unknown_track_198,2026-07-23T07:51:47.525+00:00,2026-07-23T07:51:50.165+00:00,2.640,0.7057,sustained_proximity_estimate
UPDATED,NDI: SHINJAN (shinjan-pc) [Q2],7de79667-0e08-4152-b45d-1958ba84a996,b20659d6-0ffd-4647-bd8e-b9140be6c652,2026-07-23T07:51:47.525+00:00,2026-07-23T07:51:50.165+00:00,2.640,0.7715,sustained_proximity_estimate
UPDATED,NDI: SHINJAN (shinjan-pc) [Q2],b20659d6-0ffd-4647-bd8e-b9140be6c652,unknown_track_198,2026-07-23T07:51:47.525+00:00,2026-07-23T07:51:50.165+00:00,2.640,2.0756,sustained_proximity_estimate
ENDED,NDI: SHINJAN (shinjan-pc) [Q1],7de79667-0e08-4152-b45d-1958ba84a996,b20659d6-0ffd-4647-bd8e-b9140be6c652,2026-07-23T07:51:47.525+00:00,2026-07-23T07:51:50.165+00:00,2.640,0.9033,sustained_proximity_estimate
ENDED,NDI: SHINJAN (shinjan-pc) [Q2],72dd5b08-3bf1-4c65-bb3e-a4c3f1a443d6,7de79667-0e08-4152-b45d-1958ba84a996,2026-07-23T07:51:47.525+00:00,2026-07-23T07:51:50.165+00:00,2.640,1.5927,sustained_proximity_estimate
ENDED,NDI: SHINJAN (shinjan-pc) [Q2],72dd5b08-3bf1-4c65-bb3e-a4c3f1a443d6,b20659d6-0ffd-4647-bd8e-b9140be6c652,2026-07-23T07:51:47.525+00:00,2026-07-23T07:51:50.165+00:00,2.640,1.4904,sustained_proximity_estimate
ENDED,NDI: SHINJAN (shinjan-pc) [Q2],72dd5b08-3bf1-4c65-bb3e-a4c3f1a443d6,unknown_track_198,2026-07-23T07:51:47.525+00:00,2026-07-23T07:51:50.165+00:00,2.640,0.7057,sustained_proximity_estimate
ENDED,NDI: SHINJAN (shinjan-pc) [Q2],7de79667-0e08-4152-b45d-1958ba84a996,b20659d6-0ffd-4647-bd8e-b9140be6c652,2026-07-23T07:51:47.525+00:00,2026-07-23T07:51:50.165+00:00,2.640,0.7715,sustained_proximity_estimate
ENDED,NDI: SHINJAN (shinjan-pc) [Q2],b20659d6-0ffd-4647-bd8e-b9140be6c652,unknown_track_198,2026-07-23T07:51:47.525+00:00,2026-07-23T07:51:50.165+00:00,2.640,2.0756,sustained_proximity_estimate
STARTED,NDI: SHINJAN (shinjan-pc) [Q1],7de79667-0e08-4152-b45d-1958ba84a996,b20659d6-0ffd-4647-bd8e-b9140be6c652,2026-07-23T07:51:53.528+00:00,2026-07-23T07:51:54.912+00:00,1.384,0.9236,sustained_proximity_estimate
STARTED,NDI: SHINJAN (shinjan-pc) [Q1],7de79667-0e08-4152-b45d-1958ba84a996,unknown_track_193,2026-07-23T07:51:53.528+00:00,2026-07-23T07:51:54.912+00:00,1.384,1.4387,sustained_proximity_estimate
STARTED,NDI: SHINJAN (shinjan-pc) [Q1],b20659d6-0ffd-4647-bd8e-b9140be6c652,unknown_track_193,2026-07-23T07:51:53.528+00:00,2026-07-23T07:51:54.912+00:00,1.384,1.6511,sustained_proximity_estimate
STARTED,NDI: SHINJAN (shinjan-pc) [Q2],72dd5b08-3bf1-4c65-bb3e-a4c3f1a443d6,7de79667-0e08-4152-b45d-1958ba84a996,2026-07-23T07:51:53.528+00:00,2026-07-23T07:51:54.912+00:00,1.384,1.4844,sustained_proximity_estimate
STARTED,NDI: SHINJAN (shinjan-pc) [Q2],72dd5b08-3bf1-4c65-bb3e-a4c3f1a443d6,b20659d6-0ffd-4647-bd8e-b9140be6c652,2026-07-23T07:51:53.528+00:00,2026-07-23T07:51:54.912+00:00,1.384,1.3176,sustained_proximity_estimate
STARTED,NDI: SHINJAN (shinjan-pc) [Q2],72dd5b08-3bf1-4c65-bb3e-a4c3f1a443d6,unknown_track_198,2026-07-23T07:51:53.528+00:00,2026-07-23T07:51:54.912+00:00,1.384,0.4871,sustained_proximity_estimate
STARTED,NDI: SHINJAN (shinjan-pc) [Q2],7de79667-0e08-4152-b45d-1958ba84a996,b20659d6-0ffd-4647-bd8e-b9140be6c652,2026-07-23T07:51:53.528+00:00,2026-07-23T07:51:54.912+00:00,1.384,0.7645,sustained_proximity_estimate
STARTED,NDI: SHINJAN (shinjan-pc) [Q2],7de79667-0e08-4152-b45d-1958ba84a996,unknown_track_198,2026-07-23T07:51:53.528+00:00,2026-07-23T07:51:54.912+00:00,1.384,1.6149,sustained_proximity_estimate
STARTED,NDI: SHINJAN (shinjan-pc) [Q2],b20659d6-0ffd-4647-bd8e-b9140be6c652,unknown_track_198,2026-07-23T07:51:53.528+00:00,2026-07-23T07:51:54.912+00:00,1.384,1.5968,sustained_proximity_estimate
UPDATED,NDI: SHINJAN (shinjan-pc) [Q1],7de79667-0e08-4152-b45d-1958ba84a996,b20659d6-0ffd-4647-bd8e-b9140be6c652,2026-07-23T07:51:53.528+00:00,2026-07-23T07:51:55.600+00:00,2.072,0.9354,sustained_proximity_estimate
UPDATED,NDI: SHINJAN (shinjan-pc) [Q1],7de79667-0e08-4152-b45d-1958ba84a996,unknown_track_193,2026-07-23T07:51:53.528+00:00,2026-07-23T07:51:55.600+00:00,2.072,1.4585,sustained_proximity_estimate
STARTED,NDI: SHINJAN (shinjan-pc) [Q1],7de79667-0e08-4152-b45d-1958ba84a996,unknown_track_345,2026-07-23T07:51:54.296+00:00,2026-07-23T07:51:55.600+00:00,1.304,1.2280,sustained_proximity_estimate
UPDATED,NDI: SHINJAN (shinjan-pc) [Q1],b20659d6-0ffd-4647-bd8e-b9140be6c652,unknown_track_193,2026-07-23T07:51:53.528+00:00,2026-07-23T07:51:55.600+00:00,2.072,1.7194,sustained_proximity_estimate
STARTED,NDI: SHINJAN (shinjan-pc) [Q1],b20659d6-0ffd-4647-bd8e-b9140be6c652,unknown_track_345,2026-07-23T07:51:54.296+00:00,2026-07-23T07:51:55.600+00:00,1.304,1.6374,sustained_proximity_estimate
STARTED,NDI: SHINJAN (shinjan-pc) [Q1],unknown_track_193,unknown_track_345,2026-07-23T07:51:54.296+00:00,2026-07-23T07:51:55.600+00:00,1.304,0.4653,sustained_proximity_estimate
UPDATED,NDI: SHINJAN (shinjan-pc) [Q2],72dd5b08-3bf1-4c65-bb3e-a4c3f1a443d6,7de79667-0e08-4152-b45d-1958ba84a996,2026-07-23T07:51:53.528+00:00,2026-07-23T07:51:55.600+00:00,2.072,1.4853,sustained_proximity_estimate
UPDATED,NDI: SHINJAN (shinjan-pc) [Q2],72dd5b08-3bf1-4c65-bb3e-a4c3f1a443d6,b20659d6-0ffd-4647-bd8e-b9140be6c652,2026-07-23T07:51:53.528+00:00,2026-07-23T07:51:55.600+00:00,2.072,1.3242,sustained_proximity_estimate
UPDATED,NDI: SHINJAN (shinjan-pc) [Q2],7de79667-0e08-4152-b45d-1958ba84a996,b20659d6-0ffd-4647-bd8e-b9140be6c652,2026-07-23T07:51:53.528+00:00,2026-07-23T07:51:55.600+00:00,2.072,0.7529,sustained_proximity_estimate
UPDATED,NDI: SHINJAN (shinjan-pc) [Q1],7de79667-0e08-4152-b45d-1958ba84a996,b20659d6-0ffd-4647-bd8e-b9140be6c652,2026-07-23T07:51:53.528+00:00,2026-07-23T07:51:56.300+00:00,2.772,0.9393,sustained_proximity_estimate
UPDATED,NDI: SHINJAN (shinjan-pc) [Q1],7de79667-0e08-4152-b45d-1958ba84a996,unknown_track_345,2026-07-23T07:51:54.296+00:00,2026-07-23T07:51:56.300+00:00,2.004,1.2399,sustained_proximity_estimate
UPDATED,NDI: SHINJAN (shinjan-pc) [Q1],b20659d6-0ffd-4647-bd8e-b9140be6c652,unknown_track_345,2026-07-23T07:51:54.296+00:00,2026-07-23T07:51:56.300+00:00,2.004,1.6222,sustained_proximity_estimate
ENDED,NDI: SHINJAN (shinjan-pc) [Q2],72dd5b08-3bf1-4c65-bb3e-a4c3f1a443d6,unknown_track_198,2026-07-23T07:51:53.528+00:00,2026-07-23T07:51:54.912+00:00,1.384,0.4871,sustained_proximity_estimate
ENDED,NDI: SHINJAN (shinjan-pc) [Q2],7de79667-0e08-4152-b45d-1958ba84a996,unknown_track_198,2026-07-23T07:51:53.528+00:00,2026-07-23T07:51:54.912+00:00,1.384,1.6149,sustained_proximity_estimate
ENDED,NDI: SHINJAN (shinjan-pc) [Q2],b20659d6-0ffd-4647-bd8e-b9140be6c652,unknown_track_198,2026-07-23T07:51:53.528+00:00,2026-07-23T07:51:54.912+00:00,1.384,1.5968,sustained_proximity_estimate
UPDATED,NDI: SHINJAN (shinjan-pc) [Q2],72dd5b08-3bf1-4c65-bb3e-a4c3f1a443d6,7de79667-0e08-4152-b45d-1958ba84a996,2026-07-23T07:51:53.528+00:00,2026-07-23T07:51:56.300+00:00,2.772,0.7139,sustained_proximity_estimate
UPDATED,NDI: SHINJAN (shinjan-pc) [Q2],72dd5b08-3bf1-4c65-bb3e-a4c3f1a443d6,b20659d6-0ffd-4647-bd8e-b9140be6c652,2026-07-23T07:51:53.528+00:00,2026-07-23T07:51:56.300+00:00,2.772,1.3451,sustained_proximity_estimate
UPDATED,NDI: SHINJAN (shinjan-pc) [Q2],7de79667-0e08-4152-b45d-1958ba84a996,b20659d6-0ffd-4647-bd8e-b9140be6c652,2026-07-23T07:51:53.528+00:00,2026-07-23T07:51:56.300+00:00,2.772,1.2832,sustained_proximity_estimate
ENDED,NDI: SHINJAN (shinjan-pc) [Q1],7de79667-0e08-4152-b45d-1958ba84a996,b20659d6-0ffd-4647-bd8e-b9140be6c652,2026-07-23T07:51:53.528+00:00,2026-07-23T07:51:56.300+00:00,2.772,0.9393,sustained_proximity_estimate
ENDED,NDI: SHINJAN (shinjan-pc) [Q1],7de79667-0e08-4152-b45d-1958ba84a996,unknown_track_193,2026-07-23T07:51:53.528+00:00,2026-07-23T07:51:55.600+00:00,2.072,1.4585,sustained_proximity_estimate
ENDED,NDI: SHINJAN (shinjan-pc) [Q1],7de79667-0e08-4152-b45d-1958ba84a996,unknown_track_345,2026-07-23T07:51:54.296+00:00,2026-07-23T07:51:56.300+00:00,2.004,1.2399,sustained_proximity_estimate
ENDED,NDI: SHINJAN (shinjan-pc) [Q1],b20659d6-0ffd-4647-bd8e-b9140be6c652,unknown_track_193,2026-07-23T07:51:53.528+00:00,2026-07-23T07:51:55.600+00:00,2.072,1.7194,sustained_proximity_estimate
ENDED,NDI: SHINJAN (shinjan-pc) [Q1],b20659d6-0ffd-4647-bd8e-b9140be6c652,unknown_track_345,2026-07-23T07:51:54.296+00:00,2026-07-23T07:51:56.300+00:00,2.004,1.6222,sustained_proximity_estimate
ENDED,NDI: SHINJAN (shinjan-pc) [Q1],unknown_track_193,unknown_track_345,2026-07-23T07:51:54.296+00:00,2026-07-23T07:51:55.600+00:00,1.304,0.4653,sustained_proximity_estimate
ENDED,NDI: SHINJAN (shinjan-pc) [Q2],72dd5b08-3bf1-4c65-bb3e-a4c3f1a443d6,7de79667-0e08-4152-b45d-1958ba84a996,2026-07-23T07:51:53.528+00:00,2026-07-23T07:51:56.300+00:00,2.772,0.7139,sustained_proximity_estimate
ENDED,NDI: SHINJAN (shinjan-pc) [Q2],72dd5b08-3bf1-4c65-bb3e-a4c3f1a443d6,b20659d6-0ffd-4647-bd8e-b9140be6c652,2026-07-23T07:51:53.528+00:00,2026-07-23T07:51:56.300+00:00,2.772,1.3451,sustained_proximity_estimate
ENDED,NDI: SHINJAN (shinjan-pc) [Q2],7de79667-0e08-4152-b45d-1958ba84a996,b20659d6-0ffd-4647-bd8e-b9140be6c652,2026-07-23T07:51:53.528+00:00,2026-07-23T07:51:56.300+00:00,2.772,1.2832,sustained_proximity_estimate
STARTED,NDI: SHINJAN (shinjan-pc) [Q1],7de79667-0e08-4152-b45d-1958ba84a996,b20659d6-0ffd-4647-bd8e-b9140be6c652,2026-07-23T07:51:59.878+00:00,2026-07-23T07:52:01.666+00:00,1.788,0.9439,sustained_proximity_estimate
STARTED,NDI: SHINJAN (shinjan-pc) [Q2],7de79667-0e08-4152-b45d-1958ba84a996,b20659d6-0ffd-4647-bd8e-b9140be6c652,2026-07-23T07:51:59.878+00:00,2026-07-23T07:52:01.666+00:00,1.788,1.3375,sustained_proximity_estimate
UPDATED,NDI: SHINJAN (shinjan-pc) [Q1],7de79667-0e08-4152-b45d-1958ba84a996,b20659d6-0ffd-4647-bd8e-b9140be6c652,2026-07-23T07:51:59.878+00:00,2026-07-23T07:52:02.268+00:00,2.390,0.9466,sustained_proximity_estimate
STARTED,NDI: SHINJAN (shinjan-pc) [Q1],7de79667-0e08-4152-b45d-1958ba84a996,unknown_track_361,2026-07-23T07:52:00.804+00:00,2026-07-23T07:52:02.268+00:00,1.464,0.8294,sustained_proximity_estimate
STARTED,NDI: SHINJAN (shinjan-pc) [Q1],b20659d6-0ffd-4647-bd8e-b9140be6c652,unknown_track_361,2026-07-23T07:52:00.804+00:00,2026-07-23T07:52:02.268+00:00,1.464,1.4674,sustained_proximity_estimate
UPDATED,NDI: SHINJAN (shinjan-pc) [Q2],7de79667-0e08-4152-b45d-1958ba84a996,b20659d6-0ffd-4647-bd8e-b9140be6c652,2026-07-23T07:51:59.878+00:00,2026-07-23T07:52:02.268+00:00,2.390,1.3309,sustained_proximity_estimate
STARTED,NDI: SHINJAN (shinjan-pc) [Q2],7de79667-0e08-4152-b45d-1958ba84a996,unknown_track_366,2026-07-23T07:52:00.804+00:00,2026-07-23T07:52:02.268+00:00,1.464,0.6850,sustained_proximity_estimate
STARTED,NDI: SHINJAN (shinjan-pc) [Q2],b20659d6-0ffd-4647-bd8e-b9140be6c652,unknown_track_366,2026-07-23T07:52:00.804+00:00,2026-07-23T07:52:02.268+00:00,1.464,1.1652,sustained_proximity_estimate
UPDATED,NDI: SHINJAN (shinjan-pc) [Q1],7de79667-0e08-4152-b45d-1958ba84a996,b20659d6-0ffd-4647-bd8e-b9140be6c652,2026-07-23T07:51:59.878+00:00,2026-07-23T07:52:02.980+00:00,3.102,0.9558,sustained_proximity_estimate
UPDATED,NDI: SHINJAN (shinjan-pc) [Q1],7de79667-0e08-4152-b45d-1958ba84a996,unknown_track_361,2026-07-23T07:52:00.804+00:00,2026-07-23T07:52:02.980+00:00,2.176,0.8173,sustained_proximity_estimate
UPDATED,NDI: SHINJAN (shinjan-pc) [Q1],b20659d6-0ffd-4647-bd8e-b9140be6c652,unknown_track_361,2026-07-23T07:52:00.804+00:00,2026-07-23T07:52:02.980+00:00,2.176,1.3722,sustained_proximity_estimate
UPDATED,NDI: SHINJAN (shinjan-pc) [Q2],7de79667-0e08-4152-b45d-1958ba84a996,b20659d6-0ffd-4647-bd8e-b9140be6c652,2026-07-23T07:51:59.878+00:00,2026-07-23T07:52:02.980+00:00,3.102,1.3123,sustained_proximity_estimate
UPDATED,NDI: SHINJAN (shinjan-pc) [Q2],7de79667-0e08-4152-b45d-1958ba84a996,unknown_track_366,2026-07-23T07:52:00.804+00:00,2026-07-23T07:52:02.980+00:00,2.176,0.6794,sustained_proximity_estimate
UPDATED,NDI: SHINJAN (shinjan-pc) [Q2],b20659d6-0ffd-4647-bd8e-b9140be6c652,unknown_track_366,2026-07-23T07:52:00.804+00:00,2026-07-23T07:52:02.980+00:00,2.176,1.1535,sustained_proximity_estimate
ENDED,NDI: SHINJAN (shinjan-pc) [Q1],7de79667-0e08-4152-b45d-1958ba84a996,b20659d6-0ffd-4647-bd8e-b9140be6c652,2026-07-23T07:51:59.878+00:00,2026-07-23T07:52:02.980+00:00,3.102,0.9558,sustained_proximity_estimate
ENDED,NDI: SHINJAN (shinjan-pc) [Q1],7de79667-0e08-4152-b45d-1958ba84a996,unknown_track_361,2026-07-23T07:52:00.804+00:00,2026-07-23T07:52:02.980+00:00,2.176,0.8173,sustained_proximity_estimate
ENDED,NDI: SHINJAN (shinjan-pc) [Q1],b20659d6-0ffd-4647-bd8e-b9140be6c652,unknown_track_361,2026-07-23T07:52:00.804+00:00,2026-07-23T07:52:02.980+00:00,2.176,1.3722,sustained_proximity_estimate
ENDED,NDI: SHINJAN (shinjan-pc) [Q2],7de79667-0e08-4152-b45d-1958ba84a996,b20659d6-0ffd-4647-bd8e-b9140be6c652,2026-07-23T07:51:59.878+00:00,2026-07-23T07:52:02.980+00:00,3.102,1.3123,sustained_proximity_estimate
ENDED,NDI: SHINJAN (shinjan-pc) [Q2],7de79667-0e08-4152-b45d-1958ba84a996,unknown_track_366,2026-07-23T07:52:00.804+00:00,2026-07-23T07:52:02.980+00:00,2.176,0.6794,sustained_proximity_estimate
ENDED,NDI: SHINJAN (shinjan-pc) [Q2],b20659d6-0ffd-4647-bd8e-b9140be6c652,unknown_track_366,2026-07-23T07:52:00.804+00:00,2026-07-23T07:52:02.980+00:00,2.176,1.1535,sustained_proximity_estimate
STARTED,NDI: SHINJAN (shinjan-pc) [Q1],b20659d6-0ffd-4647-bd8e-b9140be6c652,unknown_track_361,2026-07-23T07:52:06.796+00:00,2026-07-23T07:52:08.203+00:00,1.407,1.5885,sustained_proximity_estimate
STARTED,NDI: SHINJAN (shinjan-pc) [Q2],7de79667-0e08-4152-b45d-1958ba84a996,b20659d6-0ffd-4647-bd8e-b9140be6c652,2026-07-23T07:52:06.796+00:00,2026-07-23T07:52:08.203+00:00,1.407,0.8239,sustained_proximity_estimate
STARTED,NDI: SHINJAN (shinjan-pc) [Q2],7de79667-0e08-4152-b45d-1958ba84a996,unknown_track_366,2026-07-23T07:52:06.796+00:00,2026-07-23T07:52:08.203+00:00,1.407,0.5519,sustained_proximity_estimate
STARTED,NDI: SHINJAN (shinjan-pc) [Q2],b20659d6-0ffd-4647-bd8e-b9140be6c652,unknown_track_366,2026-07-23T07:52:06.796+00:00,2026-07-23T07:52:08.203+00:00,1.407,1.1457,sustained_proximity_estimate
UPDATED,NDI: SHINJAN (shinjan-pc) [Q1],b20659d6-0ffd-4647-bd8e-b9140be6c652,unknown_track_361,2026-07-23T07:52:06.796+00:00,2026-07-23T07:52:08.888+00:00,2.092,1.6427,sustained_proximity_estimate
UPDATED,NDI: SHINJAN (shinjan-pc) [Q2],7de79667-0e08-4152-b45d-1958ba84a996,b20659d6-0ffd-4647-bd8e-b9140be6c652,2026-07-23T07:52:06.796+00:00,2026-07-23T07:52:08.888+00:00,2.092,0.8240,sustained_proximity_estimate
UPDATED,NDI: SHINJAN (shinjan-pc) [Q2],7de79667-0e08-4152-b45d-1958ba84a996,unknown_track_366,2026-07-23T07:52:06.796+00:00,2026-07-23T07:52:08.888+00:00,2.092,0.5506,sustained_proximity_estimate
STARTED,NDI: SHINJAN (shinjan-pc) [Q2],7de79667-0e08-4152-b45d-1958ba84a996,unknown_track_374,2026-07-23T07:52:07.560+00:00,2026-07-23T07:52:08.888+00:00,1.328,1.0219,sustained_proximity_estimate
UPDATED,NDI: SHINJAN (shinjan-pc) [Q2],b20659d6-0ffd-4647-bd8e-b9140be6c652,unknown_track_366,2026-07-23T07:52:06.796+00:00,2026-07-23T07:52:08.888+00:00,2.092,1.1349,sustained_proximity_estimate
STARTED,NDI: SHINJAN (shinjan-pc) [Q2],b20659d6-0ffd-4647-bd8e-b9140be6c652,unknown_track_374,2026-07-23T07:52:07.560+00:00,2026-07-23T07:52:08.888+00:00,1.328,1.1827,sustained_proximity_estimate
STARTED,NDI: SHINJAN (shinjan-pc) [Q2],unknown_track_366,unknown_track_374,2026-07-23T07:52:07.560+00:00,2026-07-23T07:52:08.888+00:00,1.328,0.6604,sustained_proximity_estimate
UPDATED,NDI: SHINJAN (shinjan-pc) [Q1],b20659d6-0ffd-4647-bd8e-b9140be6c652,unknown_track_361,2026-07-23T07:52:06.796+00:00,2026-07-23T07:52:09.541+00:00,2.745,1.6580,sustained_proximity_estimate
STARTED,NDI: SHINJAN (shinjan-pc) [Q1],unknown_track_221,unknown_track_361,2026-07-23T07:52:08.203+00:00,2026-07-23T07:52:09.541+00:00,1.338,0.9704,sustained_proximity_estimate
UPDATED,NDI: SHINJAN (shinjan-pc) [Q2],7de79667-0e08-4152-b45d-1958ba84a996,b20659d6-0ffd-4647-bd8e-b9140be6c652,2026-07-23T07:52:06.796+00:00,2026-07-23T07:52:09.541+00:00,2.745,0.8207,sustained_proximity_estimate
UPDATED,NDI: SHINJAN (shinjan-pc) [Q2],7de79667-0e08-4152-b45d-1958ba84a996,unknown_track_366,2026-07-23T07:52:06.796+00:00,2026-07-23T07:52:09.541+00:00,2.745,0.5565,sustained_proximity_estimate
UPDATED,NDI: SHINJAN (shinjan-pc) [Q2],7de79667-0e08-4152-b45d-1958ba84a996,unknown_track_374,2026-07-23T07:52:07.560+00:00,2026-07-23T07:52:09.541+00:00,1.981,0.9833,sustained_proximity_estimate
UPDATED,NDI: SHINJAN (shinjan-pc) [Q2],b20659d6-0ffd-4647-bd8e-b9140be6c652,unknown_track_366,2026-07-23T07:52:06.796+00:00,2026-07-23T07:52:09.541+00:00,2.745,1.1397,sustained_proximity_estimate
UPDATED,NDI: SHINJAN (shinjan-pc) [Q2],b20659d6-0ffd-4647-bd8e-b9140be6c652,unknown_track_374,2026-07-23T07:52:07.560+00:00,2026-07-23T07:52:09.541+00:00,1.981,1.1050,sustained_proximity_estimate
UPDATED,NDI: SHINJAN (shinjan-pc) [Q2],unknown_track_366,unknown_track_374,2026-07-23T07:52:07.560+00:00,2026-07-23T07:52:09.541+00:00,1.981,0.6660,sustained_proximity_estimate
ENDED,NDI: SHINJAN (shinjan-pc) [Q1],b20659d6-0ffd-4647-bd8e-b9140be6c652,unknown_track_361,2026-07-23T07:52:06.796+00:00,2026-07-23T07:52:09.541+00:00,2.745,1.6580,sustained_proximity_estimate
ENDED,NDI: SHINJAN (shinjan-pc) [Q1],unknown_track_221,unknown_track_361,2026-07-23T07:52:08.203+00:00,2026-07-23T07:52:09.541+00:00,1.338,0.9704,sustained_proximity_estimate
ENDED,NDI: SHINJAN (shinjan-pc) [Q2],7de79667-0e08-4152-b45d-1958ba84a996,b20659d6-0ffd-4647-bd8e-b9140be6c652,2026-07-23T07:52:06.796+00:00,2026-07-23T07:52:09.541+00:00,2.745,0.8207,sustained_proximity_estimate
ENDED,NDI: SHINJAN (shinjan-pc) [Q2],7de79667-0e08-4152-b45d-1958ba84a996,unknown_track_366,2026-07-23T07:52:06.796+00:00,2026-07-23T07:52:09.541+00:00,2.745,0.5565,sustained_proximity_estimate
ENDED,NDI: SHINJAN (shinjan-pc) [Q2],7de79667-0e08-4152-b45d-1958ba84a996,unknown_track_374,2026-07-23T07:52:07.560+00:00,2026-07-23T07:52:09.541+00:00,1.981,0.9833,sustained_proximity_estimate
ENDED,NDI: SHINJAN (shinjan-pc) [Q2],b20659d6-0ffd-4647-bd8e-b9140be6c652,unknown_track_366,2026-07-23T07:52:06.796+00:00,2026-07-23T07:52:09.541+00:00,2.745,1.1397,sustained_proximity_estimate
ENDED,NDI: SHINJAN (shinjan-pc) [Q2],b20659d6-0ffd-4647-bd8e-b9140be6c652,unknown_track_374,2026-07-23T07:52:07.560+00:00,2026-07-23T07:52:09.541+00:00,1.981,1.1050,sustained_proximity_estimate
ENDED,NDI: SHINJAN (shinjan-pc) [Q2],unknown_track_366,unknown_track_374,2026-07-23T07:52:07.560+00:00,2026-07-23T07:52:09.541+00:00,1.981,0.6660,sustained_proximity_estimate
STARTED,NDI: SHINJAN (shinjan-pc) [Q1],7de79667-0e08-4152-b45d-1958ba84a996,b20659d6-0ffd-4647-bd8e-b9140be6c652,2026-07-23T07:52:13.380+00:00,2026-07-23T07:52:14.763+00:00,1.383,1.0237,sustained_proximity_estimate
STARTED,NDI: SHINJAN (shinjan-pc) [Q1],7de79667-0e08-4152-b45d-1958ba84a996,unknown_track_221,2026-07-23T07:52:13.380+00:00,2026-07-23T07:52:14.763+00:00,1.383,1.5932,sustained_proximity_estimate
STARTED,NDI: SHINJAN (shinjan-pc) [Q1],7de79667-0e08-4152-b45d-1958ba84a996,unknown_track_361,2026-07-23T07:52:13.380+00:00,2026-07-23T07:52:14.763+00:00,1.383,0.8359,sustained_proximity_estimate
STARTED,NDI: SHINJAN (shinjan-pc) [Q1],b20659d6-0ffd-4647-bd8e-b9140be6c652,unknown_track_361,2026-07-23T07:52:13.380+00:00,2026-07-23T07:52:14.763+00:00,1.383,1.7688,sustained_proximity_estimate
STARTED,NDI: SHINJAN (shinjan-pc) [Q1],unknown_track_221,unknown_track_361,2026-07-23T07:52:13.380+00:00,2026-07-23T07:52:14.763+00:00,1.383,0.9700,sustained_proximity_estimate
STARTED,NDI: SHINJAN (shinjan-pc) [Q2],7de79667-0e08-4152-b45d-1958ba84a996,b20659d6-0ffd-4647-bd8e-b9140be6c652,2026-07-23T07:52:13.380+00:00,2026-07-23T07:52:14.763+00:00,1.383,0.8440,sustained_proximity_estimate
STARTED,NDI: SHINJAN (shinjan-pc) [Q2],7de79667-0e08-4152-b45d-1958ba84a996,unknown_track_366,2026-07-23T07:52:13.380+00:00,2026-07-23T07:52:14.763+00:00,1.383,0.5516,sustained_proximity_estimate
STARTED,NDI: SHINJAN (shinjan-pc) [Q2],7de79667-0e08-4152-b45d-1958ba84a996,unknown_track_374,2026-07-23T07:52:13.380+00:00,2026-07-23T07:52:14.763+00:00,1.383,1.0031,sustained_proximity_estimate
STARTED,NDI: SHINJAN (shinjan-pc) [Q2],b20659d6-0ffd-4647-bd8e-b9140be6c652,unknown_track_366,2026-07-23T07:52:13.380+00:00,2026-07-23T07:52:14.763+00:00,1.383,1.1361,sustained_proximity_estimate
STARTED,NDI: SHINJAN (shinjan-pc) [Q2],b20659d6-0ffd-4647-bd8e-b9140be6c652,unknown_track_374,2026-07-23T07:52:13.380+00:00,2026-07-23T07:52:14.763+00:00,1.383,1.1506,sustained_proximity_estimate
STARTED,NDI: SHINJAN (shinjan-pc) [Q2],unknown_track_366,unknown_track_374,2026-07-23T07:52:13.380+00:00,2026-07-23T07:52:14.763+00:00,1.383,0.6446,sustained_proximity_estimate
UPDATED,NDI: SHINJAN (shinjan-pc) [Q1],b20659d6-0ffd-4647-bd8e-b9140be6c652,unknown_track_361,2026-07-23T07:52:13.380+00:00,2026-07-23T07:52:15.559+00:00,2.179,1.7333,sustained_proximity_estimate
UPDATED,NDI: SHINJAN (shinjan-pc) [Q1],unknown_track_221,unknown_track_361,2026-07-23T07:52:13.380+00:00,2026-07-23T07:52:15.559+00:00,2.179,1.0398,sustained_proximity_estimate
UPDATED,NDI: SHINJAN (shinjan-pc) [Q2],7de79667-0e08-4152-b45d-1958ba84a996,b20659d6-0ffd-4647-bd8e-b9140be6c652,2026-07-23T07:52:13.380+00:00,2026-07-23T07:52:15.559+00:00,2.179,0.8799,sustained_proximity_estimate
UPDATED,NDI: SHINJAN (shinjan-pc) [Q2],7de79667-0e08-4152-b45d-1958ba84a996,unknown_track_366,2026-07-23T07:52:13.380+00:00,2026-07-23T07:52:15.559+00:00,2.179,0.4898,sustained_proximity_estimate
UPDATED,NDI: SHINJAN (shinjan-pc) [Q2],7de79667-0e08-4152-b45d-1958ba84a996,unknown_track_374,2026-07-23T07:52:13.380+00:00,2026-07-23T07:52:15.559+00:00,2.179,1.0107,sustained_proximity_estimate
UPDATED,NDI: SHINJAN (shinjan-pc) [Q2],b20659d6-0ffd-4647-bd8e-b9140be6c652,unknown_track_366,2026-07-23T07:52:13.380+00:00,2026-07-23T07:52:15.559+00:00,2.179,1.1120,sustained_proximity_estimate
UPDATED,NDI: SHINJAN (shinjan-pc) [Q2],b20659d6-0ffd-4647-bd8e-b9140be6c652,unknown_track_374,2026-07-23T07:52:13.380+00:00,2026-07-23T07:52:15.559+00:00,2.179,1.1526,sustained_proximity_estimate
UPDATED,NDI: SHINJAN (shinjan-pc) [Q2],unknown_track_366,unknown_track_374,2026-07-23T07:52:13.380+00:00,2026-07-23T07:52:15.559+00:00,2.179,0.6802,sustained_proximity_estimate
ENDED,NDI: SHINJAN (shinjan-pc) [Q1],7de79667-0e08-4152-b45d-1958ba84a996,b20659d6-0ffd-4647-bd8e-b9140be6c652,2026-07-23T07:52:13.380+00:00,2026-07-23T07:52:14.763+00:00,1.383,1.0237,sustained_proximity_estimate
ENDED,NDI: SHINJAN (shinjan-pc) [Q1],7de79667-0e08-4152-b45d-1958ba84a996,unknown_track_221,2026-07-23T07:52:13.380+00:00,2026-07-23T07:52:14.763+00:00,1.383,1.5932,sustained_proximity_estimate
ENDED,NDI: SHINJAN (shinjan-pc) [Q1],7de79667-0e08-4152-b45d-1958ba84a996,unknown_track_361,2026-07-23T07:52:13.380+00:00,2026-07-23T07:52:14.763+00:00,1.383,0.8359,sustained_proximity_estimate
UPDATED,NDI: SHINJAN (shinjan-pc) [Q1],b20659d6-0ffd-4647-bd8e-b9140be6c652,unknown_track_361,2026-07-23T07:52:13.380+00:00,2026-07-23T07:52:16.248+00:00,2.868,1.7061,sustained_proximity_estimate
UPDATED,NDI: SHINJAN (shinjan-pc) [Q1],unknown_track_221,unknown_track_361,2026-07-23T07:52:13.380+00:00,2026-07-23T07:52:16.248+00:00,2.868,1.0836,sustained_proximity_estimate
UPDATED,NDI: SHINJAN (shinjan-pc) [Q2],7de79667-0e08-4152-b45d-1958ba84a996,b20659d6-0ffd-4647-bd8e-b9140be6c652,2026-07-23T07:52:13.380+00:00,2026-07-23T07:52:16.248+00:00,2.868,0.9300,sustained_proximity_estimate
UPDATED,NDI: SHINJAN (shinjan-pc) [Q2],7de79667-0e08-4152-b45d-1958ba84a996,unknown_track_366,2026-07-23T07:52:13.380+00:00,2026-07-23T07:52:16.248+00:00,2.868,0.4276,sustained_proximity_estimate
UPDATED,NDI: SHINJAN (shinjan-pc) [Q2],7de79667-0e08-4152-b45d-1958ba84a996,unknown_track_374,2026-07-23T07:52:13.380+00:00,2026-07-23T07:52:16.248+00:00,2.868,1.0182,sustained_proximity_estimate
UPDATED,NDI: SHINJAN (shinjan-pc) [Q2],b20659d6-0ffd-4647-bd8e-b9140be6c652,unknown_track_366,2026-07-23T07:52:13.380+00:00,2026-07-23T07:52:16.248+00:00,2.868,1.0810,sustained_proximity_estimate
UPDATED,NDI: SHINJAN (shinjan-pc) [Q2],b20659d6-0ffd-4647-bd8e-b9140be6c652,unknown_track_374,2026-07-23T07:52:13.380+00:00,2026-07-23T07:52:16.248+00:00,2.868,1.1509,sustained_proximity_estimate
UPDATED,NDI: SHINJAN (shinjan-pc) [Q2],unknown_track_366,unknown_track_374,2026-07-23T07:52:13.380+00:00,2026-07-23T07:52:16.248+00:00,2.868,0.6967,sustained_proximity_estimate
ENDED,NDI: SHINJAN (shinjan-pc) [Q1],b20659d6-0ffd-4647-bd8e-b9140be6c652,unknown_track_361,2026-07-23T07:52:13.380+00:00,2026-07-23T07:52:16.248+00:00,2.868,1.7061,sustained_proximity_estimate
ENDED,NDI: SHINJAN (shinjan-pc) [Q1],unknown_track_221,unknown_track_361,2026-07-23T07:52:13.380+00:00,2026-07-23T07:52:16.248+00:00,2.868,1.0836,sustained_proximity_estimate
ENDED,NDI: SHINJAN (shinjan-pc) [Q2],7de79667-0e08-4152-b45d-1958ba84a996,b20659d6-0ffd-4647-bd8e-b9140be6c652,2026-07-23T07:52:13.380+00:00,2026-07-23T07:52:16.248+00:00,2.868,0.9300,sustained_proximity_estimate
ENDED,NDI: SHINJAN (shinjan-pc) [Q2],7de79667-0e08-4152-b45d-1958ba84a996,unknown_track_366,2026-07-23T07:52:13.380+00:00,2026-07-23T07:52:16.248+00:00,2.868,0.4276,sustained_proximity_estimate
ENDED,NDI: SHINJAN (shinjan-pc) [Q2],7de79667-0e08-4152-b45d-1958ba84a996,unknown_track_374,2026-07-23T07:52:13.380+00:00,2026-07-23T07:52:16.248+00:00,2.868,1.0182,sustained_proximity_estimate
ENDED,NDI: SHINJAN (shinjan-pc) [Q2],b20659d6-0ffd-4647-bd8e-b9140be6c652,unknown_track_366,2026-07-23T07:52:13.380+00:00,2026-07-23T07:52:16.248+00:00,2.868,1.0810,sustained_proximity_estimate
ENDED,NDI: SHINJAN (shinjan-pc) [Q2],b20659d6-0ffd-4647-bd8e-b9140be6c652,unknown_track_374,2026-07-23T07:52:13.380+00:00,2026-07-23T07:52:16.248+00:00,2.868,1.1509,sustained_proximity_estimate
ENDED,NDI: SHINJAN (shinjan-pc) [Q2],unknown_track_366,unknown_track_374,2026-07-23T07:52:13.380+00:00,2026-07-23T07:52:16.248+00:00,2.868,0.6967,sustained_proximity_estimate
STARTED,NDI: SHINJAN (shinjan-pc) [Q2],7de79667-0e08-4152-b45d-1958ba84a996,b20659d6-0ffd-4647-bd8e-b9140be6c652,2026-07-23T07:52:21.890+00:00,2026-07-23T07:52:23.155+00:00,1.265,0.7689,sustained_proximity_estimate
STARTED,NDI: SHINJAN (shinjan-pc) [Q2],7de79667-0e08-4152-b45d-1958ba84a996,unknown_track_366,2026-07-23T07:52:21.890+00:00,2026-07-23T07:52:23.155+00:00,1.265,0.5665,sustained_proximity_estimate
STARTED,NDI: SHINJAN (shinjan-pc) [Q2],7de79667-0e08-4152-b45d-1958ba84a996,unknown_track_374,2026-07-23T07:52:21.890+00:00,2026-07-23T07:52:23.155+00:00,1.265,1.0006,sustained_proximity_estimate
STARTED,NDI: SHINJAN (shinjan-pc) [Q2],b20659d6-0ffd-4647-bd8e-b9140be6c652,unknown_track_366,2026-07-23T07:52:21.890+00:00,2026-07-23T07:52:23.155+00:00,1.265,1.1562,sustained_proximity_estimate
STARTED,NDI: SHINJAN (shinjan-pc) [Q2],b20659d6-0ffd-4647-bd8e-b9140be6c652,unknown_track_374,2026-07-23T07:52:21.890+00:00,2026-07-23T07:52:23.155+00:00,1.265,1.1958,sustained_proximity_estimate
STARTED,NDI: SHINJAN (shinjan-pc) [Q2],unknown_track_366,unknown_track_374,2026-07-23T07:52:21.890+00:00,2026-07-23T07:52:23.155+00:00,1.265,0.6555,sustained_proximity_estimate
UPDATED,NDI: SHINJAN (shinjan-pc) [Q2],7de79667-0e08-4152-b45d-1958ba84a996,b20659d6-0ffd-4647-bd8e-b9140be6c652,2026-07-23T07:52:21.890+00:00,2026-07-23T07:52:23.875+00:00,1.985,0.7555,sustained_proximity_estimate
UPDATED,NDI: SHINJAN (shinjan-pc) [Q2],7de79667-0e08-4152-b45d-1958ba84a996,unknown_track_366,2026-07-23T07:52:21.890+00:00,2026-07-23T07:52:23.875+00:00,1.985,0.5625,sustained_proximity_estimate
UPDATED,NDI: SHINJAN (shinjan-pc) [Q2],7de79667-0e08-4152-b45d-1958ba84a996,unknown_track_374,2026-07-23T07:52:21.890+00:00,2026-07-23T07:52:23.875+00:00,1.985,1.0019,sustained_proximity_estimate
UPDATED,NDI: SHINJAN (shinjan-pc) [Q2],b20659d6-0ffd-4647-bd8e-b9140be6c652,unknown_track_366,2026-07-23T07:52:21.890+00:00,2026-07-23T07:52:23.875+00:00,1.985,1.1348,sustained_proximity_estimate
UPDATED,NDI: SHINJAN (shinjan-pc) [Q2],b20659d6-0ffd-4647-bd8e-b9140be6c652,unknown_track_374,2026-07-23T07:52:21.890+00:00,2026-07-23T07:52:23.875+00:00,1.985,1.1889,sustained_proximity_estimate
UPDATED,NDI: SHINJAN (shinjan-pc) [Q2],unknown_track_366,unknown_track_374,2026-07-23T07:52:21.890+00:00,2026-07-23T07:52:23.875+00:00,1.985,0.6494,sustained_proximity_estimate
ENDED,NDI: SHINJAN (shinjan-pc) [Q2],7de79667-0e08-4152-b45d-1958ba84a996,b20659d6-0ffd-4647-bd8e-b9140be6c652,2026-07-23T07:52:21.890+00:00,2026-07-23T07:52:23.875+00:00,1.985,0.7555,sustained_proximity_estimate
ENDED,NDI: SHINJAN (shinjan-pc) [Q2],7de79667-0e08-4152-b45d-1958ba84a996,unknown_track_366,2026-07-23T07:52:21.890+00:00,2026-07-23T07:52:23.875+00:00,1.985,0.5625,sustained_proximity_estimate
ENDED,NDI: SHINJAN (shinjan-pc) [Q2],7de79667-0e08-4152-b45d-1958ba84a996,unknown_track_374,2026-07-23T07:52:21.890+00:00,2026-07-23T07:52:23.875+00:00,1.985,1.0019,sustained_proximity_estimate
ENDED,NDI: SHINJAN (shinjan-pc) [Q2],b20659d6-0ffd-4647-bd8e-b9140be6c652,unknown_track_366,2026-07-23T07:52:21.890+00:00,2026-07-23T07:52:23.875+00:00,1.985,1.1348,sustained_proximity_estimate
ENDED,NDI: SHINJAN (shinjan-pc) [Q2],b20659d6-0ffd-4647-bd8e-b9140be6c652,unknown_track_374,2026-07-23T07:52:21.890+00:00,2026-07-23T07:52:23.875+00:00,1.985,1.1889,sustained_proximity_estimate
ENDED,NDI: SHINJAN (shinjan-pc) [Q2],unknown_track_366,unknown_track_374,2026-07-23T07:52:21.890+00:00,2026-07-23T07:52:23.875+00:00,1.985,0.6494,sustained_proximity_estimate
STARTED,NDI: SHINJAN (shinjan-pc) [Q1],7de79667-0e08-4152-b45d-1958ba84a996,b20659d6-0ffd-4647-bd8e-b9140be6c652,2026-07-23T07:52:27.334+00:00,2026-07-23T07:52:28.586+00:00,1.252,0.8442,sustained_proximity_estimate
STARTED,NDI: SHINJAN (shinjan-pc) [Q1],7de79667-0e08-4152-b45d-1958ba84a996,unknown_track_221,2026-07-23T07:52:27.334+00:00,2026-07-23T07:52:28.586+00:00,1.252,1.5344,sustained_proximity_estimate
STARTED,NDI: SHINJAN (shinjan-pc) [Q1],7de79667-0e08-4152-b45d-1958ba84a996,unknown_track_345,2026-07-23T07:52:27.334+00:00,2026-07-23T07:52:28.586+00:00,1.252,0.7624,sustained_proximity_estimate
STARTED,NDI: SHINJAN (shinjan-pc) [Q1],b20659d6-0ffd-4647-bd8e-b9140be6c652,unknown_track_345,2026-07-23T07:52:27.334+00:00,2026-07-23T07:52:28.586+00:00,1.252,1.4459,sustained_proximity_estimate
STARTED,NDI: SHINJAN (shinjan-pc) [Q1],unknown_track_221,unknown_track_345,2026-07-23T07:52:27.334+00:00,2026-07-23T07:52:28.586+00:00,1.252,0.6740,sustained_proximity_estimate
STARTED,NDI: SHINJAN (shinjan-pc) [Q2],7de79667-0e08-4152-b45d-1958ba84a996,b20659d6-0ffd-4647-bd8e-b9140be6c652,2026-07-23T07:52:27.334+00:00,2026-07-23T07:52:28.586+00:00,1.252,0.9408,sustained_proximity_estimate
STARTED,NDI: SHINJAN (shinjan-pc) [Q2],7de79667-0e08-4152-b45d-1958ba84a996,unknown_track_366,2026-07-23T07:52:27.334+00:00,2026-07-23T07:52:28.586+00:00,1.252,0.5803,sustained_proximity_estimate
STARTED,NDI: SHINJAN (shinjan-pc) [Q2],7de79667-0e08-4152-b45d-1958ba84a996,unknown_track_374,2026-07-23T07:52:27.334+00:00,2026-07-23T07:52:28.586+00:00,1.252,1.0655,sustained_proximity_estimate
STARTED,NDI: SHINJAN (shinjan-pc) [Q2],b20659d6-0ffd-4647-bd8e-b9140be6c652,unknown_track_366,2026-07-23T07:52:27.334+00:00,2026-07-23T07:52:28.586+00:00,1.252,1.1077,sustained_proximity_estimate
STARTED,NDI: SHINJAN (shinjan-pc) [Q2],b20659d6-0ffd-4647-bd8e-b9140be6c652,unknown_track_374,2026-07-23T07:52:27.334+00:00,2026-07-23T07:52:28.586+00:00,1.252,1.1723,sustained_proximity_estimate
STARTED,NDI: SHINJAN (shinjan-pc) [Q2],unknown_track_366,unknown_track_374,2026-07-23T07:52:27.334+00:00,2026-07-23T07:52:28.586+00:00,1.252,0.5758,sustained_proximity_estimate
UPDATED,NDI: SHINJAN (shinjan-pc) [Q1],7de79667-0e08-4152-b45d-1958ba84a996,b20659d6-0ffd-4647-bd8e-b9140be6c652,2026-07-23T07:52:27.334+00:00,2026-07-23T07:52:29.426+00:00,2.092,0.9666,sustained_proximity_estimate
UPDATED,NDI: SHINJAN (shinjan-pc) [Q1],7de79667-0e08-4152-b45d-1958ba84a996,unknown_track_221,2026-07-23T07:52:27.334+00:00,2026-07-23T07:52:29.426+00:00,2.092,1.5770,sustained_proximity_estimate
UPDATED,NDI: SHINJAN (shinjan-pc) [Q1],7de79667-0e08-4152-b45d-1958ba84a996,unknown_track_345,2026-07-23T07:52:27.334+00:00,2026-07-23T07:52:29.426+00:00,2.092,0.8187,sustained_proximity_estimate
UPDATED,NDI: SHINJAN (shinjan-pc) [Q1],b20659d6-0ffd-4647-bd8e-b9140be6c652,unknown_track_345,2026-07-23T07:52:27.334+00:00,2026-07-23T07:52:29.426+00:00,2.092,1.4750,sustained_proximity_estimate
UPDATED,NDI: SHINJAN (shinjan-pc) [Q1],unknown_track_221,unknown_track_345,2026-07-23T07:52:27.334+00:00,2026-07-23T07:52:29.426+00:00,2.092,0.6472,sustained_proximity_estimate
UPDATED,NDI: SHINJAN (shinjan-pc) [Q2],7de79667-0e08-4152-b45d-1958ba84a996,b20659d6-0ffd-4647-bd8e-b9140be6c652,2026-07-23T07:52:27.334+00:00,2026-07-23T07:52:29.426+00:00,2.092,0.8587,sustained_proximity_estimate
UPDATED,NDI: SHINJAN (shinjan-pc) [Q2],7de79667-0e08-4152-b45d-1958ba84a996,unknown_track_366,2026-07-23T07:52:27.334+00:00,2026-07-23T07:52:29.426+00:00,2.092,0.5984,sustained_proximity_estimate
UPDATED,NDI: SHINJAN (shinjan-pc) [Q2],7de79667-0e08-4152-b45d-1958ba84a996,unknown_track_374,2026-07-23T07:52:27.334+00:00,2026-07-23T07:52:29.426+00:00,2.092,1.0263,sustained_proximity_estimate
UPDATED,NDI: SHINJAN (shinjan-pc) [Q2],b20659d6-0ffd-4647-bd8e-b9140be6c652,unknown_track_366,2026-07-23T07:52:27.334+00:00,2026-07-23T07:52:29.426+00:00,2.092,1.1108,sustained_proximity_estimate
UPDATED,NDI: SHINJAN (shinjan-pc) [Q2],b20659d6-0ffd-4647-bd8e-b9140be6c652,unknown_track_374,2026-07-23T07:52:27.334+00:00,2026-07-23T07:52:29.426+00:00,2.092,1.1523,sustained_proximity_estimate
UPDATED,NDI: SHINJAN (shinjan-pc) [Q2],unknown_track_366,unknown_track_374,2026-07-23T07:52:27.334+00:00,2026-07-23T07:52:29.426+00:00,2.092,0.5620,sustained_proximity_estimate
UPDATED,NDI: SHINJAN (shinjan-pc) [Q1],7de79667-0e08-4152-b45d-1958ba84a996,b20659d6-0ffd-4647-bd8e-b9140be6c652,2026-07-23T07:52:27.334+00:00,2026-07-23T07:52:30.102+00:00,2.768,0.9880,sustained_proximity_estimate
UPDATED,NDI: SHINJAN (shinjan-pc) [Q1],7de79667-0e08-4152-b45d-1958ba84a996,unknown_track_221,2026-07-23T07:52:27.334+00:00,2026-07-23T07:52:30.102+00:00,2.768,1.6010,sustained_proximity_estimate
UPDATED,NDI: SHINJAN (shinjan-pc) [Q1],7de79667-0e08-4152-b45d-1958ba84a996,unknown_track_345,2026-07-23T07:52:27.334+00:00,2026-07-23T07:52:30.102+00:00,2.768,0.8410,sustained_proximity_estimate
UPDATED,NDI: SHINJAN (shinjan-pc) [Q1],b20659d6-0ffd-4647-bd8e-b9140be6c652,unknown_track_345,2026-07-23T07:52:27.334+00:00,2026-07-23T07:52:30.102+00:00,2.768,1.4420,sustained_proximity_estimate
UPDATED,NDI: SHINJAN (shinjan-pc) [Q1],unknown_track_221,unknown_track_345,2026-07-23T07:52:27.334+00:00,2026-07-23T07:52:30.102+00:00,2.768,0.6373,sustained_proximity_estimate
UPDATED,NDI: SHINJAN (shinjan-pc) [Q2],7de79667-0e08-4152-b45d-1958ba84a996,b20659d6-0ffd-4647-bd8e-b9140be6c652,2026-07-23T07:52:27.334+00:00,2026-07-23T07:52:30.102+00:00,2.768,0.8147,sustained_proximity_estimate
UPDATED,NDI: SHINJAN (shinjan-pc) [Q2],7de79667-0e08-4152-b45d-1958ba84a996,unknown_track_366,2026-07-23T07:52:27.334+00:00,2026-07-23T07:52:30.102+00:00,2.768,0.5987,sustained_proximity_estimate
UPDATED,NDI: SHINJAN (shinjan-pc) [Q2],7de79667-0e08-4152-b45d-1958ba84a996,unknown_track_374,2026-07-23T07:52:27.334+00:00,2026-07-23T07:52:30.102+00:00,2.768,1.0083,sustained_proximity_estimate
UPDATED,NDI: SHINJAN (shinjan-pc) [Q2],b20659d6-0ffd-4647-bd8e-b9140be6c652,unknown_track_366,2026-07-23T07:52:27.334+00:00,2026-07-23T07:52:30.102+00:00,2.768,1.1119,sustained_proximity_estimate
UPDATED,NDI: SHINJAN (shinjan-pc) [Q2],b20659d6-0ffd-4647-bd8e-b9140be6c652,unknown_track_374,2026-07-23T07:52:27.334+00:00,2026-07-23T07:52:30.102+00:00,2.768,1.1500,sustained_proximity_estimate
UPDATED,NDI: SHINJAN (shinjan-pc) [Q2],unknown_track_366,unknown_track_374,2026-07-23T07:52:27.334+00:00,2026-07-23T07:52:30.102+00:00,2.768,0.5627,sustained_proximity_estimate
ENDED,NDI: SHINJAN (shinjan-pc) [Q1],7de79667-0e08-4152-b45d-1958ba84a996,b20659d6-0ffd-4647-bd8e-b9140be6c652,2026-07-23T07:52:27.334+00:00,2026-07-23T07:52:30.102+00:00,2.768,0.9880,sustained_proximity_estimate
ENDED,NDI: SHINJAN (shinjan-pc) [Q1],7de79667-0e08-4152-b45d-1958ba84a996,unknown_track_221,2026-07-23T07:52:27.334+00:00,2026-07-23T07:52:30.102+00:00,2.768,1.6010,sustained_proximity_estimate
ENDED,NDI: SHINJAN (shinjan-pc) [Q1],7de79667-0e08-4152-b45d-1958ba84a996,unknown_track_345,2026-07-23T07:52:27.334+00:00,2026-07-23T07:52:30.102+00:00,2.768,0.8410,sustained_proximity_estimate
ENDED,NDI: SHINJAN (shinjan-pc) [Q1],b20659d6-0ffd-4647-bd8e-b9140be6c652,unknown_track_345,2026-07-23T07:52:27.334+00:00,2026-07-23T07:52:30.102+00:00,2.768,1.4420,sustained_proximity_estimate
ENDED,NDI: SHINJAN (shinjan-pc) [Q1],unknown_track_221,unknown_track_345,2026-07-23T07:52:27.334+00:00,2026-07-23T07:52:30.102+00:00,2.768,0.6373,sustained_proximity_estimate
ENDED,NDI: SHINJAN (shinjan-pc) [Q2],7de79667-0e08-4152-b45d-1958ba84a996,b20659d6-0ffd-4647-bd8e-b9140be6c652,2026-07-23T07:52:27.334+00:00,2026-07-23T07:52:30.102+00:00,2.768,0.8147,sustained_proximity_estimate
ENDED,NDI: SHINJAN (shinjan-pc) [Q2],7de79667-0e08-4152-b45d-1958ba84a996,unknown_track_366,2026-07-23T07:52:27.334+00:00,2026-07-23T07:52:30.102+00:00,2.768,0.5987,sustained_proximity_estimate
ENDED,NDI: SHINJAN (shinjan-pc) [Q2],7de79667-0e08-4152-b45d-1958ba84a996,unknown_track_374,2026-07-23T07:52:27.334+00:00,2026-07-23T07:52:30.102+00:00,2.768,1.0083,sustained_proximity_estimate
ENDED,NDI: SHINJAN (shinjan-pc) [Q2],b20659d6-0ffd-4647-bd8e-b9140be6c652,unknown_track_366,2026-07-23T07:52:27.334+00:00,2026-07-23T07:52:30.102+00:00,2.768,1.1119,sustained_proximity_estimate
ENDED,NDI: SHINJAN (shinjan-pc) [Q2],b20659d6-0ffd-4647-bd8e-b9140be6c652,unknown_track_374,2026-07-23T07:52:27.334+00:00,2026-07-23T07:52:30.102+00:00,2.768,1.1500,sustained_proximity_estimate
ENDED,NDI: SHINJAN (shinjan-pc) [Q2],unknown_track_366,unknown_track_374,2026-07-23T07:52:27.334+00:00,2026-07-23T07:52:30.102+00:00,2.768,0.5627,sustained_proximity_estimate
STARTED,NDI: SHINJAN (shinjan-pc) [Q1],7de79667-0e08-4152-b45d-1958ba84a996,b20659d6-0ffd-4647-bd8e-b9140be6c652,2026-07-23T07:52:33.708+00:00,2026-07-23T07:52:35.027+00:00,1.319,0.9853,sustained_proximity_estimate
STARTED,NDI: SHINJAN (shinjan-pc) [Q1],7de79667-0e08-4152-b45d-1958ba84a996,unknown_track_221,2026-07-23T07:52:33.708+00:00,2026-07-23T07:52:35.027+00:00,1.319,1.7474,sustained_proximity_estimate
STARTED,NDI: SHINJAN (shinjan-pc) [Q1],7de79667-0e08-4152-b45d-1958ba84a996,unknown_track_345,2026-07-23T07:52:33.708+00:00,2026-07-23T07:52:35.027+00:00,1.319,0.9610,sustained_proximity_estimate
STARTED,NDI: SHINJAN (shinjan-pc) [Q1],b20659d6-0ffd-4647-bd8e-b9140be6c652,unknown_track_345,2026-07-23T07:52:33.708+00:00,2026-07-23T07:52:35.027+00:00,1.319,1.4868,sustained_proximity_estimate
STARTED,NDI: SHINJAN (shinjan-pc) [Q1],unknown_track_221,unknown_track_345,2026-07-23T07:52:33.708+00:00,2026-07-23T07:52:35.027+00:00,1.319,0.6428,sustained_proximity_estimate
STARTED,NDI: SHINJAN (shinjan-pc) [Q2],7de79667-0e08-4152-b45d-1958ba84a996,b20659d6-0ffd-4647-bd8e-b9140be6c652,2026-07-23T07:52:33.708+00:00,2026-07-23T07:52:35.027+00:00,1.319,0.7617,sustained_proximity_estimate
STARTED,NDI: SHINJAN (shinjan-pc) [Q2],7de79667-0e08-4152-b45d-1958ba84a996,unknown_track_366,2026-07-23T07:52:33.708+00:00,2026-07-23T07:52:35.027+00:00,1.319,0.6403,sustained_proximity_estimate
STARTED,NDI: SHINJAN (shinjan-pc) [Q2],7de79667-0e08-4152-b45d-1958ba84a996,unknown_track_374,2026-07-23T07:52:33.708+00:00,2026-07-23T07:52:35.027+00:00,1.319,1.0610,sustained_proximity_estimate
STARTED,NDI: SHINJAN (shinjan-pc) [Q2],b20659d6-0ffd-4647-bd8e-b9140be6c652,unknown_track_366,2026-07-23T07:52:33.708+00:00,2026-07-23T07:52:35.027+00:00,1.319,1.1210,sustained_proximity_estimate
STARTED,NDI: SHINJAN (shinjan-pc) [Q2],b20659d6-0ffd-4647-bd8e-b9140be6c652,unknown_track_374,2026-07-23T07:52:33.708+00:00,2026-07-23T07:52:35.027+00:00,1.319,1.1806,sustained_proximity_estimate
STARTED,NDI: SHINJAN (shinjan-pc) [Q2],unknown_track_366,unknown_track_374,2026-07-23T07:52:33.708+00:00,2026-07-23T07:52:35.027+00:00,1.319,0.6041,sustained_proximity_estimate
UPDATED,NDI: SHINJAN (shinjan-pc) [Q1],7de79667-0e08-4152-b45d-1958ba84a996,b20659d6-0ffd-4647-bd8e-b9140be6c652,2026-07-23T07:52:33.708+00:00,2026-07-23T07:52:35.757+00:00,2.049,0.9428,sustained_proximity_estimate
UPDATED,NDI: SHINJAN (shinjan-pc) [Q1],7de79667-0e08-4152-b45d-1958ba84a996,unknown_track_221,2026-07-23T07:52:33.708+00:00,2026-07-23T07:52:35.757+00:00,2.049,1.7259,sustained_proximity_estimate
UPDATED,NDI: SHINJAN (shinjan-pc) [Q1],7de79667-0e08-4152-b45d-1958ba84a996,unknown_track_345,2026-07-23T07:52:33.708+00:00,2026-07-23T07:52:35.757+00:00,2.049,0.9680,sustained_proximity_estimate
UPDATED,NDI: SHINJAN (shinjan-pc) [Q1],b20659d6-0ffd-4647-bd8e-b9140be6c652,unknown_track_345,2026-07-23T07:52:33.708+00:00,2026-07-23T07:52:35.757+00:00,2.049,1.4640,sustained_proximity_estimate
UPDATED,NDI: SHINJAN (shinjan-pc) [Q1],unknown_track_221,unknown_track_345,2026-07-23T07:52:33.708+00:00,2026-07-23T07:52:35.757+00:00,2.049,0.6185,sustained_proximity_estimate
UPDATED,NDI: SHINJAN (shinjan-pc) [Q2],7de79667-0e08-4152-b45d-1958ba84a996,b20659d6-0ffd-4647-bd8e-b9140be6c652,2026-07-23T07:52:33.708+00:00,2026-07-23T07:52:35.757+00:00,2.049,0.7557,sustained_proximity_estimate
UPDATED,NDI: SHINJAN (shinjan-pc) [Q2],7de79667-0e08-4152-b45d-1958ba84a996,unknown_track_366,2026-07-23T07:52:33.708+00:00,2026-07-23T07:52:35.757+00:00,2.049,0.6717,sustained_proximity_estimate
UPDATED,NDI: SHINJAN (shinjan-pc) [Q2],7de79667-0e08-4152-b45d-1958ba84a996,unknown_track_374,2026-07-23T07:52:33.708+00:00,2026-07-23T07:52:35.757+00:00,2.049,1.0423,sustained_proximity_estimate
UPDATED,NDI: SHINJAN (shinjan-pc) [Q2],b20659d6-0ffd-4647-bd8e-b9140be6c652,unknown_track_366,2026-07-23T07:52:33.708+00:00,2026-07-23T07:52:35.757+00:00,2.049,1.1499,sustained_proximity_estimate
UPDATED,NDI: SHINJAN (shinjan-pc) [Q2],b20659d6-0ffd-4647-bd8e-b9140be6c652,unknown_track_374,2026-07-23T07:52:33.708+00:00,2026-07-23T07:52:35.757+00:00,2.049,1.1688,sustained_proximity_estimate
UPDATED,NDI: SHINJAN (shinjan-pc) [Q2],unknown_track_366,unknown_track_374,2026-07-23T07:52:33.708+00:00,2026-07-23T07:52:35.757+00:00,2.049,0.5787,sustained_proximity_estimate
UPDATED,NDI: SHINJAN (shinjan-pc) [Q1],7de79667-0e08-4152-b45d-1958ba84a996,b20659d6-0ffd-4647-bd8e-b9140be6c652,2026-07-23T07:52:33.708+00:00,2026-07-23T07:52:36.388+00:00,2.680,0.9605,sustained_proximity_estimate
UPDATED,NDI: SHINJAN (shinjan-pc) [Q1],7de79667-0e08-4152-b45d-1958ba84a996,unknown_track_221,2026-07-23T07:52:33.708+00:00,2026-07-23T07:52:36.388+00:00,2.680,1.7732,sustained_proximity_estimate
UPDATED,NDI: SHINJAN (shinjan-pc) [Q1],7de79667-0e08-4152-b45d-1958ba84a996,unknown_track_345,2026-07-23T07:52:33.708+00:00,2026-07-23T07:52:36.388+00:00,2.680,1.0485,sustained_proximity_estimate
UPDATED,NDI: SHINJAN (shinjan-pc) [Q1],b20659d6-0ffd-4647-bd8e-b9140be6c652,unknown_track_345,2026-07-23T07:52:33.708+00:00,2026-07-23T07:52:36.388+00:00,2.680,1.5191,sustained_proximity_estimate
UPDATED,NDI: SHINJAN (shinjan-pc) [Q1],unknown_track_221,unknown_track_345,2026-07-23T07:52:33.708+00:00,2026-07-23T07:52:36.388+00:00,2.680,0.5814,sustained_proximity_estimate
UPDATED,NDI: SHINJAN (shinjan-pc) [Q2],7de79667-0e08-4152-b45d-1958ba84a996,b20659d6-0ffd-4647-bd8e-b9140be6c652,2026-07-23T07:52:33.708+00:00,2026-07-23T07:52:36.388+00:00,2.680,0.7542,sustained_proximity_estimate
UPDATED,NDI: SHINJAN (shinjan-pc) [Q2],7de79667-0e08-4152-b45d-1958ba84a996,unknown_track_366,2026-07-23T07:52:33.708+00:00,2026-07-23T07:52:36.388+00:00,2.680,0.7704,sustained_proximity_estimate
UPDATED,NDI: SHINJAN (shinjan-pc) [Q2],7de79667-0e08-4152-b45d-1958ba84a996,unknown_track_374,2026-07-23T07:52:33.708+00:00,2026-07-23T07:52:36.388+00:00,2.680,1.0369,sustained_proximity_estimate
UPDATED,NDI: SHINJAN (shinjan-pc) [Q2],b20659d6-0ffd-4647-bd8e-b9140be6c652,unknown_track_366,2026-07-23T07:52:33.708+00:00,2026-07-23T07:52:36.388+00:00,2.680,1.2240,sustained_proximity_estimate
UPDATED,NDI: SHINJAN (shinjan-pc) [Q2],b20659d6-0ffd-4647-bd8e-b9140be6c652,unknown_track_374,2026-07-23T07:52:33.708+00:00,2026-07-23T07:52:36.388+00:00,2.680,1.1770,sustained_proximity_estimate
UPDATED,NDI: SHINJAN (shinjan-pc) [Q2],unknown_track_366,unknown_track_374,2026-07-23T07:52:33.708+00:00,2026-07-23T07:52:36.388+00:00,2.680,0.5127,sustained_proximity_estimate
ENDED,NDI: SHINJAN (shinjan-pc) [Q1],7de79667-0e08-4152-b45d-1958ba84a996,b20659d6-0ffd-4647-bd8e-b9140be6c652,2026-07-23T07:52:33.708+00:00,2026-07-23T07:52:36.388+00:00,2.680,0.9605,sustained_proximity_estimate
ENDED,NDI: SHINJAN (shinjan-pc) [Q1],7de79667-0e08-4152-b45d-1958ba84a996,unknown_track_221,2026-07-23T07:52:33.708+00:00,2026-07-23T07:52:36.388+00:00,2.680,1.7732,sustained_proximity_estimate
ENDED,NDI: SHINJAN (shinjan-pc) [Q1],7de79667-0e08-4152-b45d-1958ba84a996,unknown_track_345,2026-07-23T07:52:33.708+00:00,2026-07-23T07:52:36.388+00:00,2.680,1.0485,sustained_proximity_estimate
ENDED,NDI: SHINJAN (shinjan-pc) [Q1],b20659d6-0ffd-4647-bd8e-b9140be6c652,unknown_track_345,2026-07-23T07:52:33.708+00:00,2026-07-23T07:52:36.388+00:00,2.680,1.5191,sustained_proximity_estimate
ENDED,NDI: SHINJAN (shinjan-pc) [Q1],unknown_track_221,unknown_track_345,2026-07-23T07:52:33.708+00:00,2026-07-23T07:52:36.388+00:00,2.680,0.5814,sustained_proximity_estimate
ENDED,NDI: SHINJAN (shinjan-pc) [Q2],7de79667-0e08-4152-b45d-1958ba84a996,b20659d6-0ffd-4647-bd8e-b9140be6c652,2026-07-23T07:52:33.708+00:00,2026-07-23T07:52:36.388+00:00,2.680,0.7542,sustained_proximity_estimate
ENDED,NDI: SHINJAN (shinjan-pc) [Q2],7de79667-0e08-4152-b45d-1958ba84a996,unknown_track_366,2026-07-23T07:52:33.708+00:00,2026-07-23T07:52:36.388+00:00,2.680,0.7704,sustained_proximity_estimate
ENDED,NDI: SHINJAN (shinjan-pc) [Q2],7de79667-0e08-4152-b45d-1958ba84a996,unknown_track_374,2026-07-23T07:52:33.708+00:00,2026-07-23T07:52:36.388+00:00,2.680,1.0369,sustained_proximity_estimate
ENDED,NDI: SHINJAN (shinjan-pc) [Q2],b20659d6-0ffd-4647-bd8e-b9140be6c652,unknown_track_366,2026-07-23T07:52:33.708+00:00,2026-07-23T07:52:36.388+00:00,2.680,1.2240,sustained_proximity_estimate
ENDED,NDI: SHINJAN (shinjan-pc) [Q2],b20659d6-0ffd-4647-bd8e-b9140be6c652,unknown_track_374,2026-07-23T07:52:33.708+00:00,2026-07-23T07:52:36.388+00:00,2.680,1.1770,sustained_proximity_estimate
ENDED,NDI: SHINJAN (shinjan-pc) [Q2],unknown_track_366,unknown_track_374,2026-07-23T07:52:33.708+00:00,2026-07-23T07:52:36.388+00:00,2.680,0.5127,sustained_proximity_estimate
STARTED,NDI: SHINJAN (shinjan-pc) [Q1],7de79667-0e08-4152-b45d-1958ba84a996,b20659d6-0ffd-4647-bd8e-b9140be6c652,2026-07-23T07:52:40.226+00:00,2026-07-23T07:52:41.567+00:00,1.341,0.9868,sustained_proximity_estimate
STARTED,NDI: SHINJAN (shinjan-pc) [Q1],7de79667-0e08-4152-b45d-1958ba84a996,unknown_track_345,2026-07-23T07:52:40.226+00:00,2026-07-23T07:52:41.567+00:00,1.341,1.2791,sustained_proximity_estimate
STARTED,NDI: SHINJAN (shinjan-pc) [Q1],b20659d6-0ffd-4647-bd8e-b9140be6c652,unknown_track_345,2026-07-23T07:52:40.226+00:00,2026-07-23T07:52:41.567+00:00,1.341,1.6986,sustained_proximity_estimate
STARTED,NDI: SHINJAN (shinjan-pc) [Q2],7de79667-0e08-4152-b45d-1958ba84a996,b20659d6-0ffd-4647-bd8e-b9140be6c652,2026-07-23T07:52:40.226+00:00,2026-07-23T07:52:41.567+00:00,1.341,0.7650,sustained_proximity_estimate
STARTED,NDI: SHINJAN (shinjan-pc) [Q2],7de79667-0e08-4152-b45d-1958ba84a996,unknown_track_366,2026-07-23T07:52:40.226+00:00,2026-07-23T07:52:41.567+00:00,1.341,0.8921,sustained_proximity_estimate
STARTED,NDI: SHINJAN (shinjan-pc) [Q2],7de79667-0e08-4152-b45d-1958ba84a996,unknown_track_374,2026-07-23T07:52:40.226+00:00,2026-07-23T07:52:41.567+00:00,1.341,1.0915,sustained_proximity_estimate
STARTED,NDI: SHINJAN (shinjan-pc) [Q2],b20659d6-0ffd-4647-bd8e-b9140be6c652,unknown_track_366,2026-07-23T07:52:40.226+00:00,2026-07-23T07:52:41.567+00:00,1.341,1.3015,sustained_proximity_estimate
STARTED,NDI: SHINJAN (shinjan-pc) [Q2],b20659d6-0ffd-4647-bd8e-b9140be6c652,unknown_track_374,2026-07-23T07:52:40.226+00:00,2026-07-23T07:52:41.567+00:00,1.341,1.2224,sustained_proximity_estimate
STARTED,NDI: SHINJAN (shinjan-pc) [Q2],unknown_track_366,unknown_track_374,2026-07-23T07:52:40.226+00:00,2026-07-23T07:52:41.567+00:00,1.341,0.4731,sustained_proximity_estimate
UPDATED,NDI: SHINJAN (shinjan-pc) [Q1],7de79667-0e08-4152-b45d-1958ba84a996,b20659d6-0ffd-4647-bd8e-b9140be6c652,2026-07-23T07:52:40.226+00:00,2026-07-23T07:52:42.397+00:00,2.171,0.9714,sustained_proximity_estimate
UPDATED,NDI: SHINJAN (shinjan-pc) [Q1],7de79667-0e08-4152-b45d-1958ba84a996,unknown_track_345,2026-07-23T07:52:40.226+00:00,2026-07-23T07:52:42.397+00:00,2.171,1.0852,sustained_proximity_estimate
UPDATED,NDI: SHINJAN (shinjan-pc) [Q1],b20659d6-0ffd-4647-bd8e-b9140be6c652,unknown_track_345,2026-07-23T07:52:40.226+00:00,2026-07-23T07:52:42.397+00:00,2.171,1.5793,sustained_proximity_estimate
UPDATED,NDI: SHINJAN (shinjan-pc) [Q2],7de79667-0e08-4152-b45d-1958ba84a996,b20659d6-0ffd-4647-bd8e-b9140be6c652,2026-07-23T07:52:40.226+00:00,2026-07-23T07:52:42.397+00:00,2.171,0.7753,sustained_proximity_estimate
UPDATED,NDI: SHINJAN (shinjan-pc) [Q2],7de79667-0e08-4152-b45d-1958ba84a996,unknown_track_366,2026-07-23T07:52:40.226+00:00,2026-07-23T07:52:42.397+00:00,2.171,0.7464,sustained_proximity_estimate
UPDATED,NDI: SHINJAN (shinjan-pc) [Q2],7de79667-0e08-4152-b45d-1958ba84a996,unknown_track_374,2026-07-23T07:52:40.226+00:00,2026-07-23T07:52:42.397+00:00,2.171,1.0919,sustained_proximity_estimate
UPDATED,NDI: SHINJAN (shinjan-pc) [Q2],b20659d6-0ffd-4647-bd8e-b9140be6c652,unknown_track_366,2026-07-23T07:52:40.226+00:00,2026-07-23T07:52:42.397+00:00,2.171,1.2073,sustained_proximity_estimate
UPDATED,NDI: SHINJAN (shinjan-pc) [Q2],b20659d6-0ffd-4647-bd8e-b9140be6c652,unknown_track_374,2026-07-23T07:52:40.226+00:00,2026-07-23T07:52:42.397+00:00,2.171,1.2232,sustained_proximity_estimate
UPDATED,NDI: SHINJAN (shinjan-pc) [Q2],unknown_track_366,unknown_track_374,2026-07-23T07:52:40.226+00:00,2026-07-23T07:52:42.397+00:00,2.171,0.5597,sustained_proximity_estimate
UPDATED,NDI: SHINJAN (shinjan-pc) [Q1],7de79667-0e08-4152-b45d-1958ba84a996,b20659d6-0ffd-4647-bd8e-b9140be6c652,2026-07-23T07:52:40.226+00:00,2026-07-23T07:52:43.043+00:00,2.817,0.9901,sustained_proximity_estimate
STARTED,NDI: SHINJAN (shinjan-pc) [Q1],7de79667-0e08-4152-b45d-1958ba84a996,unknown_track_221,2026-07-23T07:52:41.567+00:00,2026-07-23T07:52:43.043+00:00,1.476,1.6953,sustained_proximity_estimate
UPDATED,NDI: SHINJAN (shinjan-pc) [Q2],7de79667-0e08-4152-b45d-1958ba84a996,b20659d6-0ffd-4647-bd8e-b9140be6c652,2026-07-23T07:52:40.226+00:00,2026-07-23T07:52:43.043+00:00,2.817,0.7712,sustained_proximity_estimate
UPDATED,NDI: SHINJAN (shinjan-pc) [Q2],7de79667-0e08-4152-b45d-1958ba84a996,unknown_track_366,2026-07-23T07:52:40.226+00:00,2026-07-23T07:52:43.043+00:00,2.817,0.6365,sustained_proximity_estimate
UPDATED,NDI: SHINJAN (shinjan-pc) [Q2],7de79667-0e08-4152-b45d-1958ba84a996,unknown_track_374,2026-07-23T07:52:40.226+00:00,2026-07-23T07:52:43.043+00:00,2.817,1.0832,sustained_proximity_estimate
UPDATED,NDI: SHINJAN (shinjan-pc) [Q2],b20659d6-0ffd-4647-bd8e-b9140be6c652,unknown_track_366,2026-07-23T07:52:40.226+00:00,2026-07-23T07:52:43.043+00:00,2.817,1.1349,sustained_proximity_estimate
UPDATED,NDI: SHINJAN (shinjan-pc) [Q2],b20659d6-0ffd-4647-bd8e-b9140be6c652,unknown_track_374,2026-07-23T07:52:40.226+00:00,2026-07-23T07:52:43.043+00:00,2.817,1.2164,sustained_proximity_estimate
UPDATED,NDI: SHINJAN (shinjan-pc) [Q2],unknown_track_366,unknown_track_374,2026-07-23T07:52:40.226+00:00,2026-07-23T07:52:43.043+00:00,2.817,0.6246,sustained_proximity_estimate
ENDED,NDI: SHINJAN (shinjan-pc) [Q1],7de79667-0e08-4152-b45d-1958ba84a996,b20659d6-0ffd-4647-bd8e-b9140be6c652,2026-07-23T07:52:40.226+00:00,2026-07-23T07:52:43.043+00:00,2.817,0.9901,sustained_proximity_estimate
ENDED,NDI: SHINJAN (shinjan-pc) [Q1],7de79667-0e08-4152-b45d-1958ba84a996,unknown_track_221,2026-07-23T07:52:41.567+00:00,2026-07-23T07:52:43.043+00:00,1.476,1.6953,sustained_proximity_estimate
ENDED,NDI: SHINJAN (shinjan-pc) [Q1],7de79667-0e08-4152-b45d-1958ba84a996,unknown_track_345,2026-07-23T07:52:40.226+00:00,2026-07-23T07:52:42.397+00:00,2.171,1.0852,sustained_proximity_estimate
ENDED,NDI: SHINJAN (shinjan-pc) [Q1],b20659d6-0ffd-4647-bd8e-b9140be6c652,unknown_track_345,2026-07-23T07:52:40.226+00:00,2026-07-23T07:52:42.397+00:00,2.171,1.5793,sustained_proximity_estimate
ENDED,NDI: SHINJAN (shinjan-pc) [Q2],7de79667-0e08-4152-b45d-1958ba84a996,b20659d6-0ffd-4647-bd8e-b9140be6c652,2026-07-23T07:52:40.226+00:00,2026-07-23T07:52:43.043+00:00,2.817,0.7712,sustained_proximity_estimate
ENDED,NDI: SHINJAN (shinjan-pc) [Q2],7de79667-0e08-4152-b45d-1958ba84a996,unknown_track_366,2026-07-23T07:52:40.226+00:00,2026-07-23T07:52:43.043+00:00,2.817,0.6365,sustained_proximity_estimate
ENDED,NDI: SHINJAN (shinjan-pc) [Q2],7de79667-0e08-4152-b45d-1958ba84a996,unknown_track_374,2026-07-23T07:52:40.226+00:00,2026-07-23T07:52:43.043+00:00,2.817,1.0832,sustained_proximity_estimate
ENDED,NDI: SHINJAN (shinjan-pc) [Q2],b20659d6-0ffd-4647-bd8e-b9140be6c652,unknown_track_366,2026-07-23T07:52:40.226+00:00,2026-07-23T07:52:43.043+00:00,2.817,1.1349,sustained_proximity_estimate
ENDED,NDI: SHINJAN (shinjan-pc) [Q2],b20659d6-0ffd-4647-bd8e-b9140be6c652,unknown_track_374,2026-07-23T07:52:40.226+00:00,2026-07-23T07:52:43.043+00:00,2.817,1.2164,sustained_proximity_estimate
ENDED,NDI: SHINJAN (shinjan-pc) [Q2],unknown_track_366,unknown_track_374,2026-07-23T07:52:40.226+00:00,2026-07-23T07:52:43.043+00:00,2.817,0.6246,sustained_proximity_estimate
STARTED,NDI: SHINJAN (shinjan-pc) [Q1],7de79667-0e08-4152-b45d-1958ba84a996,b20659d6-0ffd-4647-bd8e-b9140be6c652,2026-07-23T07:52:46.860+00:00,2026-07-23T07:52:48.252+00:00,1.392,1.0032,sustained_proximity_estimate
STARTED,NDI: SHINJAN (shinjan-pc) [Q1],7de79667-0e08-4152-b45d-1958ba84a996,unknown_track_221,2026-07-23T07:52:46.860+00:00,2026-07-23T07:52:48.252+00:00,1.392,1.7452,sustained_proximity_estimate
STARTED,NDI: SHINJAN (shinjan-pc) [Q1],7de79667-0e08-4152-b45d-1958ba84a996,unknown_track_361,2026-07-23T07:52:46.860+00:00,2026-07-23T07:52:48.252+00:00,1.392,0.9439,sustained_proximity_estimate
STARTED,NDI: SHINJAN (shinjan-pc) [Q1],b20659d6-0ffd-4647-bd8e-b9140be6c652,unknown_track_361,2026-07-23T07:52:46.860+00:00,2026-07-23T07:52:48.252+00:00,1.392,1.7572,sustained_proximity_estimate
STARTED,NDI: SHINJAN (shinjan-pc) [Q1],unknown_track_221,unknown_track_361,2026-07-23T07:52:46.860+00:00,2026-07-23T07:52:48.252+00:00,1.392,0.9723,sustained_proximity_estimate
STARTED,NDI: SHINJAN (shinjan-pc) [Q2],7de79667-0e08-4152-b45d-1958ba84a996,b20659d6-0ffd-4647-bd8e-b9140be6c652,2026-07-23T07:52:46.860+00:00,2026-07-23T07:52:48.252+00:00,1.392,0.7698,sustained_proximity_estimate
STARTED,NDI: SHINJAN (shinjan-pc) [Q2],7de79667-0e08-4152-b45d-1958ba84a996,unknown_track_366,2026-07-23T07:52:46.860+00:00,2026-07-23T07:52:48.252+00:00,1.392,0.5460,sustained_proximity_estimate
STARTED,NDI: SHINJAN (shinjan-pc) [Q2],7de79667-0e08-4152-b45d-1958ba84a996,unknown_track_374,2026-07-23T07:52:46.860+00:00,2026-07-23T07:52:48.252+00:00,1.392,1.0241,sustained_proximity_estimate
STARTED,NDI: SHINJAN (shinjan-pc) [Q2],b20659d6-0ffd-4647-bd8e-b9140be6c652,unknown_track_366,2026-07-23T07:52:46.860+00:00,2026-07-23T07:52:48.252+00:00,1.392,1.0940,sustained_proximity_estimate
STARTED,NDI: SHINJAN (shinjan-pc) [Q2],b20659d6-0ffd-4647-bd8e-b9140be6c652,unknown_track_374,2026-07-23T07:52:46.860+00:00,2026-07-23T07:52:48.252+00:00,1.392,1.1818,sustained_proximity_estimate
STARTED,NDI: SHINJAN (shinjan-pc) [Q2],unknown_track_366,unknown_track_374,2026-07-23T07:52:46.860+00:00,2026-07-23T07:52:48.252+00:00,1.392,0.6470,sustained_proximity_estimate
UPDATED,NDI: SHINJAN (shinjan-pc) [Q1],7de79667-0e08-4152-b45d-1958ba84a996,b20659d6-0ffd-4647-bd8e-b9140be6c652,2026-07-23T07:52:46.860+00:00,2026-07-23T07:52:48.892+00:00,2.032,0.9761,sustained_proximity_estimate
UPDATED,NDI: SHINJAN (shinjan-pc) [Q1],7de79667-0e08-4152-b45d-1958ba84a996,unknown_track_221,2026-07-23T07:52:46.860+00:00,2026-07-23T07:52:48.892+00:00,2.032,1.7116,sustained_proximity_estimate
UPDATED,NDI: SHINJAN (shinjan-pc) [Q1],7de79667-0e08-4152-b45d-1958ba84a996,unknown_track_361,2026-07-23T07:52:46.860+00:00,2026-07-23T07:52:48.892+00:00,2.032,0.9533,sustained_proximity_estimate
UPDATED,NDI: SHINJAN (shinjan-pc) [Q1],b20659d6-0ffd-4647-bd8e-b9140be6c652,unknown_track_361,2026-07-23T07:52:46.860+00:00,2026-07-23T07:52:48.892+00:00,2.032,1.7468,sustained_proximity_estimate
UPDATED,NDI: SHINJAN (shinjan-pc) [Q1],unknown_track_221,unknown_track_361,2026-07-23T07:52:46.860+00:00,2026-07-23T07:52:48.892+00:00,2.032,0.9499,sustained_proximity_estimate
UPDATED,NDI: SHINJAN (shinjan-pc) [Q2],7de79667-0e08-4152-b45d-1958ba84a996,b20659d6-0ffd-4647-bd8e-b9140be6c652,2026-07-23T07:52:46.860+00:00,2026-07-23T07:52:48.892+00:00,2.032,0.7787,sustained_proximity_estimate
UPDATED,NDI: SHINJAN (shinjan-pc) [Q2],7de79667-0e08-4152-b45d-1958ba84a996,unknown_track_366,2026-07-23T07:52:46.860+00:00,2026-07-23T07:52:48.892+00:00,2.032,0.5476,sustained_proximity_estimate
UPDATED,NDI: SHINJAN (shinjan-pc) [Q2],7de79667-0e08-4152-b45d-1958ba84a996,unknown_track_374,2026-07-23T07:52:46.860+00:00,2026-07-23T07:52:48.892+00:00,2.032,1.0176,sustained_proximity_estimate
UPDATED,NDI: SHINJAN (shinjan-pc) [Q2],b20659d6-0ffd-4647-bd8e-b9140be6c652,unknown_track_366,2026-07-23T07:52:46.860+00:00,2026-07-23T07:52:48.892+00:00,2.032,1.0992,sustained_proximity_estimate
UPDATED,NDI: SHINJAN (shinjan-pc) [Q2],b20659d6-0ffd-4647-bd8e-b9140be6c652,unknown_track_374,2026-07-23T07:52:46.860+00:00,2026-07-23T07:52:48.892+00:00,2.032,1.1705,sustained_proximity_estimate
UPDATED,NDI: SHINJAN (shinjan-pc) [Q2],unknown_track_366,unknown_track_374,2026-07-23T07:52:46.860+00:00,2026-07-23T07:52:48.892+00:00,2.032,0.6420,sustained_proximity_estimate
UPDATED,NDI: SHINJAN (shinjan-pc) [Q1],7de79667-0e08-4152-b45d-1958ba84a996,b20659d6-0ffd-4647-bd8e-b9140be6c652,2026-07-23T07:52:46.860+00:00,2026-07-23T07:52:49.540+00:00,2.680,0.9490,sustained_proximity_estimate
UPDATED,NDI: SHINJAN (shinjan-pc) [Q1],7de79667-0e08-4152-b45d-1958ba84a996,unknown_track_221,2026-07-23T07:52:46.860+00:00,2026-07-23T07:52:49.540+00:00,2.680,1.6972,sustained_proximity_estimate
UPDATED,NDI: SHINJAN (shinjan-pc) [Q1],7de79667-0e08-4152-b45d-1958ba84a996,unknown_track_361,2026-07-23T07:52:46.860+00:00,2026-07-23T07:52:49.540+00:00,2.680,0.9477,sustained_proximity_estimate
UPDATED,NDI: SHINJAN (shinjan-pc) [Q1],b20659d6-0ffd-4647-bd8e-b9140be6c652,unknown_track_361,2026-07-23T07:52:46.860+00:00,2026-07-23T07:52:49.540+00:00,2.680,1.7236,sustained_proximity_estimate
UPDATED,NDI: SHINJAN (shinjan-pc) [Q1],unknown_track_221,unknown_track_361,2026-07-23T07:52:46.860+00:00,2026-07-23T07:52:49.540+00:00,2.680,0.9297,sustained_proximity_estimate
UPDATED,NDI: SHINJAN (shinjan-pc) [Q2],7de79667-0e08-4152-b45d-1958ba84a996,b20659d6-0ffd-4647-bd8e-b9140be6c652,2026-07-23T07:52:46.860+00:00,2026-07-23T07:52:49.540+00:00,2.680,0.7645,sustained_proximity_estimate
UPDATED,NDI: SHINJAN (shinjan-pc) [Q2],7de79667-0e08-4152-b45d-1958ba84a996,unknown_track_366,2026-07-23T07:52:46.860+00:00,2026-07-23T07:52:49.540+00:00,2.680,0.5787,sustained_proximity_estimate
UPDATED,NDI: SHINJAN (shinjan-pc) [Q2],7de79667-0e08-4152-b45d-1958ba84a996,unknown_track_374,2026-07-23T07:52:46.860+00:00,2026-07-23T07:52:49.540+00:00,2.680,1.0361,sustained_proximity_estimate
UPDATED,NDI: SHINJAN (shinjan-pc) [Q2],b20659d6-0ffd-4647-bd8e-b9140be6c652,unknown_track_366,2026-07-23T07:52:46.860+00:00,2026-07-23T07:52:49.540+00:00,2.680,1.1018,sustained_proximity_estimate
UPDATED,NDI: SHINJAN (shinjan-pc) [Q2],b20659d6-0ffd-4647-bd8e-b9140be6c652,unknown_track_374,2026-07-23T07:52:46.860+00:00,2026-07-23T07:52:49.540+00:00,2.680,1.1617,sustained_proximity_estimate
UPDATED,NDI: SHINJAN (shinjan-pc) [Q2],unknown_track_366,unknown_track_374,2026-07-23T07:52:46.860+00:00,2026-07-23T07:52:49.540+00:00,2.680,0.6436,sustained_proximity_estimate
ENDED,NDI: SHINJAN (shinjan-pc) [Q1],7de79667-0e08-4152-b45d-1958ba84a996,b20659d6-0ffd-4647-bd8e-b9140be6c652,2026-07-23T07:52:46.860+00:00,2026-07-23T07:52:49.540+00:00,2.680,0.9490,sustained_proximity_estimate
ENDED,NDI: SHINJAN (shinjan-pc) [Q1],7de79667-0e08-4152-b45d-1958ba84a996,unknown_track_221,2026-07-23T07:52:46.860+00:00,2026-07-23T07:52:49.540+00:00,2.680,1.6972,sustained_proximity_estimate
ENDED,NDI: SHINJAN (shinjan-pc) [Q1],7de79667-0e08-4152-b45d-1958ba84a996,unknown_track_361,2026-07-23T07:52:46.860+00:00,2026-07-23T07:52:49.540+00:00,2.680,0.9477,sustained_proximity_estimate
ENDED,NDI: SHINJAN (shinjan-pc) [Q1],b20659d6-0ffd-4647-bd8e-b9140be6c652,unknown_track_361,2026-07-23T07:52:46.860+00:00,2026-07-23T07:52:49.540+00:00,2.680,1.7236,sustained_proximity_estimate
ENDED,NDI: SHINJAN (shinjan-pc) [Q1],unknown_track_221,unknown_track_361,2026-07-23T07:52:46.860+00:00,2026-07-23T07:52:49.540+00:00,2.680,0.9297,sustained_proximity_estimate
ENDED,NDI: SHINJAN (shinjan-pc) [Q2],7de79667-0e08-4152-b45d-1958ba84a996,b20659d6-0ffd-4647-bd8e-b9140be6c652,2026-07-23T07:52:46.860+00:00,2026-07-23T07:52:49.540+00:00,2.680,0.7645,sustained_proximity_estimate
ENDED,NDI: SHINJAN (shinjan-pc) [Q2],7de79667-0e08-4152-b45d-1958ba84a996,unknown_track_366,2026-07-23T07:52:46.860+00:00,2026-07-23T07:52:49.540+00:00,2.680,0.5787,sustained_proximity_estimate
ENDED,NDI: SHINJAN (shinjan-pc) [Q2],7de79667-0e08-4152-b45d-1958ba84a996,unknown_track_374,2026-07-23T07:52:46.860+00:00,2026-07-23T07:52:49.540+00:00,2.680,1.0361,sustained_proximity_estimate
ENDED,NDI: SHINJAN (shinjan-pc) [Q2],b20659d6-0ffd-4647-bd8e-b9140be6c652,unknown_track_366,2026-07-23T07:52:46.860+00:00,2026-07-23T07:52:49.540+00:00,2.680,1.1018,sustained_proximity_estimate
ENDED,NDI: SHINJAN (shinjan-pc) [Q2],b20659d6-0ffd-4647-bd8e-b9140be6c652,unknown_track_374,2026-07-23T07:52:46.860+00:00,2026-07-23T07:52:49.540+00:00,2.680,1.1617,sustained_proximity_estimate
ENDED,NDI: SHINJAN (shinjan-pc) [Q2],unknown_track_366,unknown_track_374,2026-07-23T07:52:46.860+00:00,2026-07-23T07:52:49.540+00:00,2.680,0.6436,sustained_proximity_estimate
STARTED,NDI: SHINJAN (shinjan-pc) [Q1],7de79667-0e08-4152-b45d-1958ba84a996,b20659d6-0ffd-4647-bd8e-b9140be6c652,2026-07-23T07:52:53.455+00:00,2026-07-23T07:52:54.755+00:00,1.300,0.9975,sustained_proximity_estimate
STARTED,NDI: SHINJAN (shinjan-pc) [Q1],7de79667-0e08-4152-b45d-1958ba84a996,unknown_track_221,2026-07-23T07:52:53.455+00:00,2026-07-23T07:52:54.755+00:00,1.300,1.7091,sustained_proximity_estimate
STARTED,NDI: SHINJAN (shinjan-pc) [Q1],7de79667-0e08-4152-b45d-1958ba84a996,unknown_track_361,2026-07-23T07:52:53.455+00:00,2026-07-23T07:52:54.755+00:00,1.300,0.9649,sustained_proximity_estimate
STARTED,NDI: SHINJAN (shinjan-pc) [Q1],b20659d6-0ffd-4647-bd8e-b9140be6c652,unknown_track_361,2026-07-23T07:52:53.455+00:00,2026-07-23T07:52:54.755+00:00,1.300,1.7429,sustained_proximity_estimate
STARTED,NDI: SHINJAN (shinjan-pc) [Q1],unknown_track_221,unknown_track_361,2026-07-23T07:52:53.455+00:00,2026-07-23T07:52:54.755+00:00,1.300,0.9129,sustained_proximity_estimate
STARTED,NDI: SHINJAN (shinjan-pc) [Q2],7de79667-0e08-4152-b45d-1958ba84a996,b20659d6-0ffd-4647-bd8e-b9140be6c652,2026-07-23T07:52:53.455+00:00,2026-07-23T07:52:54.755+00:00,1.300,0.7868,sustained_proximity_estimate
STARTED,NDI: SHINJAN (shinjan-pc) [Q2],7de79667-0e08-4152-b45d-1958ba84a996,unknown_track_366,2026-07-23T07:52:53.455+00:00,2026-07-23T07:52:54.755+00:00,1.300,0.5846,sustained_proximity_estimate
STARTED,NDI: SHINJAN (shinjan-pc) [Q2],7de79667-0e08-4152-b45d-1958ba84a996,unknown_track_374,2026-07-23T07:52:53.455+00:00,2026-07-23T07:52:54.755+00:00,1.300,1.0268,sustained_proximity_estimate
STARTED,NDI: SHINJAN (shinjan-pc) [Q2],b20659d6-0ffd-4647-bd8e-b9140be6c652,unknown_track_366,2026-07-23T07:52:53.455+00:00,2026-07-23T07:52:54.755+00:00,1.300,1.1032,sustained_proximity_estimate
STARTED,NDI: SHINJAN (shinjan-pc) [Q2],b20659d6-0ffd-4647-bd8e-b9140be6c652,unknown_track_374,2026-07-23T07:52:53.455+00:00,2026-07-23T07:52:54.755+00:00,1.300,1.1477,sustained_proximity_estimate
STARTED,NDI: SHINJAN (shinjan-pc) [Q2],unknown_track_366,unknown_track_374,2026-07-23T07:52:53.455+00:00,2026-07-23T07:52:54.755+00:00,1.300,0.6243,sustained_proximity_estimate
UPDATED,NDI: SHINJAN (shinjan-pc) [Q1],7de79667-0e08-4152-b45d-1958ba84a996,b20659d6-0ffd-4647-bd8e-b9140be6c652,2026-07-23T07:52:53.455+00:00,2026-07-23T07:52:55.452+00:00,1.997,0.9969,sustained_proximity_estimate
UPDATED,NDI: SHINJAN (shinjan-pc) [Q1],7de79667-0e08-4152-b45d-1958ba84a996,unknown_track_221,2026-07-23T07:52:53.455+00:00,2026-07-23T07:52:55.452+00:00,1.997,1.7149,sustained_proximity_estimate
UPDATED,NDI: SHINJAN (shinjan-pc) [Q1],7de79667-0e08-4152-b45d-1958ba84a996,unknown_track_361,2026-07-23T07:52:53.455+00:00,2026-07-23T07:52:55.452+00:00,1.997,0.9745,sustained_proximity_estimate
UPDATED,NDI: SHINJAN (shinjan-pc) [Q1],b20659d6-0ffd-4647-bd8e-b9140be6c652,unknown_track_361,2026-07-23T07:52:53.455+00:00,2026-07-23T07:52:55.452+00:00,1.997,1.7648,sustained_proximity_estimate
UPDATED,NDI: SHINJAN (shinjan-pc) [Q1],unknown_track_221,unknown_track_361,2026-07-23T07:52:53.455+00:00,2026-07-23T07:52:55.452+00:00,1.997,0.9269,sustained_proximity_estimate
UPDATED,NDI: SHINJAN (shinjan-pc) [Q2],7de79667-0e08-4152-b45d-1958ba84a996,b20659d6-0ffd-4647-bd8e-b9140be6c652,2026-07-23T07:52:53.455+00:00,2026-07-23T07:52:55.452+00:00,1.997,0.7609,sustained_proximity_estimate
UPDATED,NDI: SHINJAN (shinjan-pc) [Q2],7de79667-0e08-4152-b45d-1958ba84a996,unknown_track_366,2026-07-23T07:52:53.455+00:00,2026-07-23T07:52:55.452+00:00,1.997,0.5849,sustained_proximity_estimate
UPDATED,NDI: SHINJAN (shinjan-pc) [Q2],7de79667-0e08-4152-b45d-1958ba84a996,unknown_track_374,2026-07-23T07:52:53.455+00:00,2026-07-23T07:52:55.452+00:00,1.997,1.0399,sustained_proximity_estimate
UPDATED,NDI: SHINJAN (shinjan-pc) [Q2],b20659d6-0ffd-4647-bd8e-b9140be6c652,unknown_track_366,2026-07-23T07:52:53.455+00:00,2026-07-23T07:52:55.452+00:00,1.997,1.1008,sustained_proximity_estimate
UPDATED,NDI: SHINJAN (shinjan-pc) [Q2],b20659d6-0ffd-4647-bd8e-b9140be6c652,unknown_track_374,2026-07-23T07:52:53.455+00:00,2026-07-23T07:52:55.452+00:00,1.997,1.1727,sustained_proximity_estimate
UPDATED,NDI: SHINJAN (shinjan-pc) [Q2],unknown_track_366,unknown_track_374,2026-07-23T07:52:53.455+00:00,2026-07-23T07:52:55.452+00:00,1.997,0.6391,sustained_proximity_estimate
UPDATED,NDI: SHINJAN (shinjan-pc) [Q1],7de79667-0e08-4152-b45d-1958ba84a996,b20659d6-0ffd-4647-bd8e-b9140be6c652,2026-07-23T07:52:53.455+00:00,2026-07-23T07:52:56.166+00:00,2.711,0.9774,sustained_proximity_estimate
UPDATED,NDI: SHINJAN (shinjan-pc) [Q1],7de79667-0e08-4152-b45d-1958ba84a996,unknown_track_221,2026-07-23T07:52:53.455+00:00,2026-07-23T07:52:56.166+00:00,2.711,1.7075,sustained_proximity_estimate
UPDATED,NDI: SHINJAN (shinjan-pc) [Q1],7de79667-0e08-4152-b45d-1958ba84a996,unknown_track_361,2026-07-23T07:52:53.455+00:00,2026-07-23T07:52:56.166+00:00,2.711,0.9721,sustained_proximity_estimate
UPDATED,NDI: SHINJAN (shinjan-pc) [Q1],b20659d6-0ffd-4647-bd8e-b9140be6c652,unknown_track_361,2026-07-23T07:52:53.455+00:00,2026-07-23T07:52:56.166+00:00,2.711,1.7584,sustained_proximity_estimate
UPDATED,NDI: SHINJAN (shinjan-pc) [Q1],unknown_track_221,unknown_track_361,2026-07-23T07:52:53.455+00:00,2026-07-23T07:52:56.166+00:00,2.711,0.9330,sustained_proximity_estimate
UPDATED,NDI: SHINJAN (shinjan-pc) [Q2],7de79667-0e08-4152-b45d-1958ba84a996,b20659d6-0ffd-4647-bd8e-b9140be6c652,2026-07-23T07:52:53.455+00:00,2026-07-23T07:52:56.166+00:00,2.711,0.7702,sustained_proximity_estimate
UPDATED,NDI: SHINJAN (shinjan-pc) [Q2],7de79667-0e08-4152-b45d-1958ba84a996,unknown_track_366,2026-07-23T07:52:53.455+00:00,2026-07-23T07:52:56.166+00:00,2.711,0.6021,sustained_proximity_estimate
UPDATED,NDI: SHINJAN (shinjan-pc) [Q2],7de79667-0e08-4152-b45d-1958ba84a996,unknown_track_374,2026-07-23T07:52:53.455+00:00,2026-07-23T07:52:56.166+00:00,2.711,1.0663,sustained_proximity_estimate
UPDATED,NDI: SHINJAN (shinjan-pc) [Q2],b20659d6-0ffd-4647-bd8e-b9140be6c652,unknown_track_366,2026-07-23T07:52:53.455+00:00,2026-07-23T07:52:56.166+00:00,2.711,1.1058,sustained_proximity_estimate
UPDATED,NDI: SHINJAN (shinjan-pc) [Q2],b20659d6-0ffd-4647-bd8e-b9140be6c652,unknown_track_374,2026-07-23T07:52:53.455+00:00,2026-07-23T07:52:56.166+00:00,2.711,1.1764,sustained_proximity_estimate
UPDATED,NDI: SHINJAN (shinjan-pc) [Q2],unknown_track_366,unknown_track_374,2026-07-23T07:52:53.455+00:00,2026-07-23T07:52:56.166+00:00,2.711,0.6471,sustained_proximity_estimate
ENDED,NDI: SHINJAN (shinjan-pc) [Q1],7de79667-0e08-4152-b45d-1958ba84a996,b20659d6-0ffd-4647-bd8e-b9140be6c652,2026-07-23T07:52:53.455+00:00,2026-07-23T07:52:56.166+00:00,2.711,0.9774,sustained_proximity_estimate
ENDED,NDI: SHINJAN (shinjan-pc) [Q1],7de79667-0e08-4152-b45d-1958ba84a996,unknown_track_221,2026-07-23T07:52:53.455+00:00,2026-07-23T07:52:56.166+00:00,2.711,1.7075,sustained_proximity_estimate
ENDED,NDI: SHINJAN (shinjan-pc) [Q1],7de79667-0e08-4152-b45d-1958ba84a996,unknown_track_361,2026-07-23T07:52:53.455+00:00,2026-07-23T07:52:56.166+00:00,2.711,0.9721,sustained_proximity_estimate
ENDED,NDI: SHINJAN (shinjan-pc) [Q1],b20659d6-0ffd-4647-bd8e-b9140be6c652,unknown_track_361,2026-07-23T07:52:53.455+00:00,2026-07-23T07:52:56.166+00:00,2.711,1.7584,sustained_proximity_estimate
ENDED,NDI: SHINJAN (shinjan-pc) [Q1],unknown_track_221,unknown_track_361,2026-07-23T07:52:53.455+00:00,2026-07-23T07:52:56.166+00:00,2.711,0.9330,sustained_proximity_estimate
ENDED,NDI: SHINJAN (shinjan-pc) [Q2],7de79667-0e08-4152-b45d-1958ba84a996,b20659d6-0ffd-4647-bd8e-b9140be6c652,2026-07-23T07:52:53.455+00:00,2026-07-23T07:52:56.166+00:00,2.711,0.7702,sustained_proximity_estimate
ENDED,NDI: SHINJAN (shinjan-pc) [Q2],7de79667-0e08-4152-b45d-1958ba84a996,unknown_track_366,2026-07-23T07:52:53.455+00:00,2026-07-23T07:52:56.166+00:00,2.711,0.6021,sustained_proximity_estimate
ENDED,NDI: SHINJAN (shinjan-pc) [Q2],7de79667-0e08-4152-b45d-1958ba84a996,unknown_track_374,2026-07-23T07:52:53.455+00:00,2026-07-23T07:52:56.166+00:00,2.711,1.0663,sustained_proximity_estimate
ENDED,NDI: SHINJAN (shinjan-pc) [Q2],b20659d6-0ffd-4647-bd8e-b9140be6c652,unknown_track_366,2026-07-23T07:52:53.455+00:00,2026-07-23T07:52:56.166+00:00,2.711,1.1058,sustained_proximity_estimate
ENDED,NDI: SHINJAN (shinjan-pc) [Q2],b20659d6-0ffd-4647-bd8e-b9140be6c652,unknown_track_374,2026-07-23T07:52:53.455+00:00,2026-07-23T07:52:56.166+00:00,2.711,1.1764,sustained_proximity_estimate
ENDED,NDI: SHINJAN (shinjan-pc) [Q2],unknown_track_366,unknown_track_374,2026-07-23T07:52:53.455+00:00,2026-07-23T07:52:56.166+00:00,2.711,0.6471,sustained_proximity_estimate
STARTED,NDI: SHINJAN (shinjan-pc) [Q1],7de79667-0e08-4152-b45d-1958ba84a996,b20659d6-0ffd-4647-bd8e-b9140be6c652,2026-07-23T07:52:59.651+00:00,2026-07-23T07:53:00.967+00:00,1.316,0.9591,sustained_proximity_estimate
STARTED,NDI: SHINJAN (shinjan-pc) [Q1],7de79667-0e08-4152-b45d-1958ba84a996,unknown_track_221,2026-07-23T07:52:59.651+00:00,2026-07-23T07:53:00.967+00:00,1.316,1.6102,sustained_proximity_estimate
STARTED,NDI: SHINJAN (shinjan-pc) [Q2],7de79667-0e08-4152-b45d-1958ba84a996,b20659d6-0ffd-4647-bd8e-b9140be6c652,2026-07-23T07:52:59.651+00:00,2026-07-23T07:53:00.967+00:00,1.316,0.7457,sustained_proximity_estimate
STARTED,NDI: SHINJAN (shinjan-pc) [Q2],7de79667-0e08-4152-b45d-1958ba84a996,unknown_track_374,2026-07-23T07:52:59.651+00:00,2026-07-23T07:53:00.967+00:00,1.316,1.1479,sustained_proximity_estimate
STARTED,NDI: SHINJAN (shinjan-pc) [Q2],b20659d6-0ffd-4647-bd8e-b9140be6c652,unknown_track_374,2026-07-23T07:52:59.651+00:00,2026-07-23T07:53:00.967+00:00,1.316,1.2992,sustained_proximity_estimate
UPDATED,NDI: SHINJAN (shinjan-pc) [Q1],7de79667-0e08-4152-b45d-1958ba84a996,b20659d6-0ffd-4647-bd8e-b9140be6c652,2026-07-23T07:52:59.651+00:00,2026-07-23T07:53:01.581+00:00,1.930,0.9074,sustained_proximity_estimate
UPDATED,NDI: SHINJAN (shinjan-pc) [Q1],7de79667-0e08-4152-b45d-1958ba84a996,unknown_track_221,2026-07-23T07:52:59.651+00:00,2026-07-23T07:53:01.581+00:00,1.930,1.4709,sustained_proximity_estimate
UPDATED,NDI: SHINJAN (shinjan-pc) [Q2],7de79667-0e08-4152-b45d-1958ba84a996,b20659d6-0ffd-4647-bd8e-b9140be6c652,2026-07-23T07:52:59.651+00:00,2026-07-23T07:53:01.581+00:00,1.930,0.7629,sustained_proximity_estimate
UPDATED,NDI: SHINJAN (shinjan-pc) [Q2],7de79667-0e08-4152-b45d-1958ba84a996,unknown_track_374,2026-07-23T07:52:59.651+00:00,2026-07-23T07:53:01.581+00:00,1.930,1.2365,sustained_proximity_estimate
UPDATED,NDI: SHINJAN (shinjan-pc) [Q2],b20659d6-0ffd-4647-bd8e-b9140be6c652,unknown_track_374,2026-07-23T07:52:59.651+00:00,2026-07-23T07:53:01.581+00:00,1.930,1.3364,sustained_proximity_estimate
UPDATED,NDI: SHINJAN (shinjan-pc) [Q1],7de79667-0e08-4152-b45d-1958ba84a996,b20659d6-0ffd-4647-bd8e-b9140be6c652,2026-07-23T07:52:59.651+00:00,2026-07-23T07:53:02.208+00:00,2.557,0.9984,sustained_proximity_estimate
UPDATED,NDI: SHINJAN (shinjan-pc) [Q2],b20659d6-0ffd-4647-bd8e-b9140be6c652,unknown_track_374,2026-07-23T07:52:59.651+00:00,2026-07-23T07:53:02.208+00:00,2.557,1.4666,sustained_proximity_estimate
ENDED,NDI: SHINJAN (shinjan-pc) [Q1],7de79667-0e08-4152-b45d-1958ba84a996,b20659d6-0ffd-4647-bd8e-b9140be6c652,2026-07-23T07:52:59.651+00:00,2026-07-23T07:53:02.208+00:00,2.557,0.9984,sustained_proximity_estimate
ENDED,NDI: SHINJAN (shinjan-pc) [Q1],7de79667-0e08-4152-b45d-1958ba84a996,unknown_track_221,2026-07-23T07:52:59.651+00:00,2026-07-23T07:53:01.581+00:00,1.930,1.4709,sustained_proximity_estimate
ENDED,NDI: SHINJAN (shinjan-pc) [Q2],7de79667-0e08-4152-b45d-1958ba84a996,b20659d6-0ffd-4647-bd8e-b9140be6c652,2026-07-23T07:52:59.651+00:00,2026-07-23T07:53:01.581+00:00,1.930,0.7629,sustained_proximity_estimate
ENDED,NDI: SHINJAN (shinjan-pc) [Q2],7de79667-0e08-4152-b45d-1958ba84a996,unknown_track_374,2026-07-23T07:52:59.651+00:00,2026-07-23T07:53:01.581+00:00,1.930,1.2365,sustained_proximity_estimate
ENDED,NDI: SHINJAN (shinjan-pc) [Q2],b20659d6-0ffd-4647-bd8e-b9140be6c652,unknown_track_374,2026-07-23T07:52:59.651+00:00,2026-07-23T07:53:02.208+00:00,2.557,1.4666,sustained_proximity_estimate
STARTED,NDI: SHINJAN (shinjan-pc) [Q2],b20659d6-0ffd-4647-bd8e-b9140be6c652,unknown_track_366,2026-07-23T07:53:05.551+00:00,2026-07-23T07:53:07.185+00:00,1.634,1.8529,sustained_proximity_estimate
STARTED,NDI: SHINJAN (shinjan-pc) [Q2],b20659d6-0ffd-4647-bd8e-b9140be6c652,unknown_track_374,2026-07-23T07:53:05.551+00:00,2026-07-23T07:53:07.185+00:00,1.634,1.4421,sustained_proximity_estimate
STARTED,NDI: SHINJAN (shinjan-pc) [Q2],b20659d6-0ffd-4647-bd8e-b9140be6c652,unknown_track_386,2026-07-23T07:53:05.551+00:00,2026-07-23T07:53:07.185+00:00,1.634,0.8214,sustained_proximity_estimate
STARTED,NDI: SHINJAN (shinjan-pc) [Q2],unknown_track_366,unknown_track_374,2026-07-23T07:53:05.551+00:00,2026-07-23T07:53:07.185+00:00,1.634,0.7145,sustained_proximity_estimate
STARTED,NDI: SHINJAN (shinjan-pc) [Q2],unknown_track_366,unknown_track_386,2026-07-23T07:53:05.551+00:00,2026-07-23T07:53:07.185+00:00,1.634,1.6422,sustained_proximity_estimate
STARTED,NDI: SHINJAN (shinjan-pc) [Q2],unknown_track_374,unknown_track_386,2026-07-23T07:53:05.551+00:00,2026-07-23T07:53:07.185+00:00,1.634,1.5192,sustained_proximity_estimate
STARTED,NDI: SHINJAN (shinjan-pc) [Q1],b20659d6-0ffd-4647-bd8e-b9140be6c652,unknown_track_221,2026-07-23T07:53:06.548+00:00,2026-07-23T07:53:07.822+00:00,1.274,1.6713,sustained_proximity_estimate
UPDATED,NDI: SHINJAN (shinjan-pc) [Q2],b20659d6-0ffd-4647-bd8e-b9140be6c652,unknown_track_366,2026-07-23T07:53:05.551+00:00,2026-07-23T07:53:07.822+00:00,2.271,1.7713,sustained_proximity_estimate
UPDATED,NDI: SHINJAN (shinjan-pc) [Q2],b20659d6-0ffd-4647-bd8e-b9140be6c652,unknown_track_374,2026-07-23T07:53:05.551+00:00,2026-07-23T07:53:07.822+00:00,2.271,1.4324,sustained_proximity_estimate
UPDATED,NDI: SHINJAN (shinjan-pc) [Q2],b20659d6-0ffd-4647-bd8e-b9140be6c652,unknown_track_386,2026-07-23T07:53:05.551+00:00,2026-07-23T07:53:07.822+00:00,2.271,0.8607,sustained_proximity_estimate
UPDATED,NDI: SHINJAN (shinjan-pc) [Q2],unknown_track_366,unknown_track_374,2026-07-23T07:53:05.551+00:00,2026-07-23T07:53:07.822+00:00,2.271,0.5837,sustained_proximity_estimate
UPDATED,NDI: SHINJAN (shinjan-pc) [Q2],unknown_track_366,unknown_track_386,2026-07-23T07:53:05.551+00:00,2026-07-23T07:53:07.822+00:00,2.271,1.6826,sustained_proximity_estimate
UPDATED,NDI: SHINJAN (shinjan-pc) [Q2],unknown_track_374,unknown_track_386,2026-07-23T07:53:05.551+00:00,2026-07-23T07:53:07.822+00:00,2.271,1.4851,sustained_proximity_estimate
UPDATED,NDI: SHINJAN (shinjan-pc) [Q1],b20659d6-0ffd-4647-bd8e-b9140be6c652,unknown_track_221,2026-07-23T07:53:06.548+00:00,2026-07-23T07:53:08.454+00:00,1.906,1.6399,sustained_proximity_estimate
UPDATED,NDI: SHINJAN (shinjan-pc) [Q2],b20659d6-0ffd-4647-bd8e-b9140be6c652,unknown_track_366,2026-07-23T07:53:05.551+00:00,2026-07-23T07:53:08.454+00:00,2.903,1.7596,sustained_proximity_estimate
UPDATED,NDI: SHINJAN (shinjan-pc) [Q2],b20659d6-0ffd-4647-bd8e-b9140be6c652,unknown_track_374,2026-07-23T07:53:05.551+00:00,2026-07-23T07:53:08.454+00:00,2.903,1.4318,sustained_proximity_estimate
UPDATED,NDI: SHINJAN (shinjan-pc) [Q2],b20659d6-0ffd-4647-bd8e-b9140be6c652,unknown_track_386,2026-07-23T07:53:05.551+00:00,2026-07-23T07:53:08.454+00:00,2.903,0.8679,sustained_proximity_estimate
UPDATED,NDI: SHINJAN (shinjan-pc) [Q2],unknown_track_366,unknown_track_374,2026-07-23T07:53:05.551+00:00,2026-07-23T07:53:08.454+00:00,2.903,0.5938,sustained_proximity_estimate
UPDATED,NDI: SHINJAN (shinjan-pc) [Q2],unknown_track_366,unknown_track_386,2026-07-23T07:53:05.551+00:00,2026-07-23T07:53:08.454+00:00,2.903,1.7117,sustained_proximity_estimate
UPDATED,NDI: SHINJAN (shinjan-pc) [Q2],unknown_track_374,unknown_track_386,2026-07-23T07:53:05.551+00:00,2026-07-23T07:53:08.454+00:00,2.903,1.4345,sustained_proximity_estimate
ENDED,NDI: SHINJAN (shinjan-pc) [Q1],b20659d6-0ffd-4647-bd8e-b9140be6c652,unknown_track_221,2026-07-23T07:53:06.548+00:00,2026-07-23T07:53:08.454+00:00,1.906,1.6399,sustained_proximity_estimate
ENDED,NDI: SHINJAN (shinjan-pc) [Q2],b20659d6-0ffd-4647-bd8e-b9140be6c652,unknown_track_366,2026-07-23T07:53:05.551+00:00,2026-07-23T07:53:08.454+00:00,2.903,1.7596,sustained_proximity_estimate
ENDED,NDI: SHINJAN (shinjan-pc) [Q2],b20659d6-0ffd-4647-bd8e-b9140be6c652,unknown_track_374,2026-07-23T07:53:05.551+00:00,2026-07-23T07:53:08.454+00:00,2.903,1.4318,sustained_proximity_estimate
ENDED,NDI: SHINJAN (shinjan-pc) [Q2],b20659d6-0ffd-4647-bd8e-b9140be6c652,unknown_track_386,2026-07-23T07:53:05.551+00:00,2026-07-23T07:53:08.454+00:00,2.903,0.8679,sustained_proximity_estimate
ENDED,NDI: SHINJAN (shinjan-pc) [Q2],unknown_track_366,unknown_track_374,2026-07-23T07:53:05.551+00:00,2026-07-23T07:53:08.454+00:00,2.903,0.5938,sustained_proximity_estimate
ENDED,NDI: SHINJAN (shinjan-pc) [Q2],unknown_track_366,unknown_track_386,2026-07-23T07:53:05.551+00:00,2026-07-23T07:53:08.454+00:00,2.903,1.7117,sustained_proximity_estimate
ENDED,NDI: SHINJAN (shinjan-pc) [Q2],unknown_track_374,unknown_track_386,2026-07-23T07:53:05.551+00:00,2026-07-23T07:53:08.454+00:00,2.903,1.4345,sustained_proximity_estimate
STARTED,NDI: SHINJAN (shinjan-pc) [Q1],7de79667-0e08-4152-b45d-1958ba84a996,b20659d6-0ffd-4647-bd8e-b9140be6c652,2026-07-23T07:53:12.035+00:00,2026-07-23T07:53:13.245+00:00,1.210,0.8912,sustained_proximity_estimate
STARTED,NDI: SHINJAN (shinjan-pc) [Q1],7de79667-0e08-4152-b45d-1958ba84a996,unknown_track_361,2026-07-23T07:53:12.035+00:00,2026-07-23T07:53:13.245+00:00,1.210,0.8418,sustained_proximity_estimate
STARTED,NDI: SHINJAN (shinjan-pc) [Q1],b20659d6-0ffd-4647-bd8e-b9140be6c652,unknown_track_361,2026-07-23T07:53:12.035+00:00,2026-07-23T07:53:13.245+00:00,1.210,1.4203,sustained_proximity_estimate
STARTED,NDI: SHINJAN (shinjan-pc) [Q2],b20659d6-0ffd-4647-bd8e-b9140be6c652,unknown_track_374,2026-07-23T07:53:12.035+00:00,2026-07-23T07:53:13.245+00:00,1.210,1.4541,sustained_proximity_estimate
UPDATED,NDI: SHINJAN (shinjan-pc) [Q1],7de79667-0e08-4152-b45d-1958ba84a996,b20659d6-0ffd-4647-bd8e-b9140be6c652,2026-07-23T07:53:12.035+00:00,2026-07-23T07:53:13.874+00:00,1.839,0.8708,sustained_proximity_estimate
UPDATED,NDI: SHINJAN (shinjan-pc) [Q2],b20659d6-0ffd-4647-bd8e-b9140be6c652,unknown_track_374,2026-07-23T07:53:12.035+00:00,2026-07-23T07:53:13.874+00:00,1.839,1.6283,sustained_proximity_estimate
STARTED,NDI: SHINJAN (shinjan-pc) [Q2],b20659d6-0ffd-4647-bd8e-b9140be6c652,unknown_track_386,2026-07-23T07:53:12.645+00:00,2026-07-23T07:53:13.874+00:00,1.229,0.8368,sustained_proximity_estimate
STARTED,NDI: SHINJAN (shinjan-pc) [Q2],unknown_track_374,unknown_track_386,2026-07-23T07:53:12.645+00:00,2026-07-23T07:53:13.874+00:00,1.229,1.7141,sustained_proximity_estimate
ENDED,NDI: SHINJAN (shinjan-pc) [Q1],7de79667-0e08-4152-b45d-1958ba84a996,unknown_track_361,2026-07-23T07:53:12.035+00:00,2026-07-23T07:53:13.245+00:00,1.210,0.8418,sustained_proximity_estimate
ENDED,NDI: SHINJAN (shinjan-pc) [Q1],b20659d6-0ffd-4647-bd8e-b9140be6c652,unknown_track_361,2026-07-23T07:53:12.035+00:00,2026-07-23T07:53:13.245+00:00,1.210,1.4203,sustained_proximity_estimate
UPDATED,NDI: SHINJAN (shinjan-pc) [Q1],7de79667-0e08-4152-b45d-1958ba84a996,b20659d6-0ffd-4647-bd8e-b9140be6c652,2026-07-23T07:53:12.035+00:00,2026-07-23T07:53:14.470+00:00,2.435,0.9311,sustained_proximity_estimate
UPDATED,NDI: SHINJAN (shinjan-pc) [Q2],b20659d6-0ffd-4647-bd8e-b9140be6c652,unknown_track_374,2026-07-23T07:53:12.035+00:00,2026-07-23T07:53:14.470+00:00,2.435,1.7454,sustained_proximity_estimate
UPDATED,NDI: SHINJAN (shinjan-pc) [Q2],b20659d6-0ffd-4647-bd8e-b9140be6c652,unknown_track_386,2026-07-23T07:53:12.645+00:00,2026-07-23T07:53:14.470+00:00,1.825,0.8160,sustained_proximity_estimate
UPDATED,NDI: SHINJAN (shinjan-pc) [Q2],unknown_track_374,unknown_track_386,2026-07-23T07:53:12.645+00:00,2026-07-23T07:53:14.470+00:00,1.825,1.8835,sustained_proximity_estimate
ENDED,NDI: SHINJAN (shinjan-pc) [Q1],7de79667-0e08-4152-b45d-1958ba84a996,b20659d6-0ffd-4647-bd8e-b9140be6c652,2026-07-23T07:53:12.035+00:00,2026-07-23T07:53:14.470+00:00,2.435,0.9311,sustained_proximity_estimate
ENDED,NDI: SHINJAN (shinjan-pc) [Q2],b20659d6-0ffd-4647-bd8e-b9140be6c652,unknown_track_374,2026-07-23T07:53:12.035+00:00,2026-07-23T07:53:14.470+00:00,2.435,1.7454,sustained_proximity_estimate
ENDED,NDI: SHINJAN (shinjan-pc) [Q2],b20659d6-0ffd-4647-bd8e-b9140be6c652,unknown_track_386,2026-07-23T07:53:12.645+00:00,2026-07-23T07:53:14.470+00:00,1.825,0.8160,sustained_proximity_estimate
ENDED,NDI: SHINJAN (shinjan-pc) [Q2],unknown_track_374,unknown_track_386,2026-07-23T07:53:12.645+00:00,2026-07-23T07:53:14.470+00:00,1.825,1.8835,sustained_proximity_estimate
STARTED,NDI: SHINJAN (shinjan-pc) [Q2],7de79667-0e08-4152-b45d-1958ba84a996,b20659d6-0ffd-4647-bd8e-b9140be6c652,2026-07-23T07:53:18.033+00:00,2026-07-23T07:53:19.376+00:00,1.343,0.8264,sustained_proximity_estimate
STARTED,NDI: SHINJAN (shinjan-pc) [Q2],7de79667-0e08-4152-b45d-1958ba84a996,unknown_track_374,2026-07-23T07:53:18.033+00:00,2026-07-23T07:53:19.376+00:00,1.343,1.9325,sustained_proximity_estimate
STARTED,NDI: SHINJAN (shinjan-pc) [Q2],7de79667-0e08-4152-b45d-1958ba84a996,unknown_track_402,2026-07-23T07:53:18.033+00:00,2026-07-23T07:53:19.376+00:00,1.343,1.4370,sustained_proximity_estimate
STARTED,NDI: SHINJAN (shinjan-pc) [Q2],b20659d6-0ffd-4647-bd8e-b9140be6c652,unknown_track_374,2026-07-23T07:53:18.033+00:00,2026-07-23T07:53:19.376+00:00,1.343,1.7956,sustained_proximity_estimate
STARTED,NDI: SHINJAN (shinjan-pc) [Q2],b20659d6-0ffd-4647-bd8e-b9140be6c652,unknown_track_402,2026-07-23T07:53:18.033+00:00,2026-07-23T07:53:19.376+00:00,1.343,1.4437,sustained_proximity_estimate
STARTED,NDI: SHINJAN (shinjan-pc) [Q2],unknown_track_374,unknown_track_402,2026-07-23T07:53:18.033+00:00,2026-07-23T07:53:19.376+00:00,1.343,0.5874,sustained_proximity_estimate
UPDATED,NDI: SHINJAN (shinjan-pc) [Q2],7de79667-0e08-4152-b45d-1958ba84a996,b20659d6-0ffd-4647-bd8e-b9140be6c652,2026-07-23T07:53:18.033+00:00,2026-07-23T07:53:20.121+00:00,2.088,0.8112,sustained_proximity_estimate
UPDATED,NDI: SHINJAN (shinjan-pc) [Q2],7de79667-0e08-4152-b45d-1958ba84a996,unknown_track_374,2026-07-23T07:53:18.033+00:00,2026-07-23T07:53:20.121+00:00,2.088,1.8682,sustained_proximity_estimate
UPDATED,NDI: SHINJAN (shinjan-pc) [Q2],7de79667-0e08-4152-b45d-1958ba84a996,unknown_track_402,2026-07-23T07:53:18.033+00:00,2026-07-23T07:53:20.121+00:00,2.088,1.4314,sustained_proximity_estimate
UPDATED,NDI: SHINJAN (shinjan-pc) [Q2],b20659d6-0ffd-4647-bd8e-b9140be6c652,unknown_track_374,2026-07-23T07:53:18.033+00:00,2026-07-23T07:53:20.121+00:00,2.088,1.7631,sustained_proximity_estimate
UPDATED,NDI: SHINJAN (shinjan-pc) [Q2],b20659d6-0ffd-4647-bd8e-b9140be6c652,unknown_track_402,2026-07-23T07:53:18.033+00:00,2026-07-23T07:53:20.121+00:00,2.088,1.4937,sustained_proximity_estimate
UPDATED,NDI: SHINJAN (shinjan-pc) [Q2],unknown_track_374,unknown_track_402,2026-07-23T07:53:18.033+00:00,2026-07-23T07:53:20.121+00:00,2.088,0.6068,sustained_proximity_estimate
UPDATED,NDI: SHINJAN (shinjan-pc) [Q2],7de79667-0e08-4152-b45d-1958ba84a996,b20659d6-0ffd-4647-bd8e-b9140be6c652,2026-07-23T07:53:18.033+00:00,2026-07-23T07:53:20.814+00:00,2.781,0.8049,sustained_proximity_estimate
UPDATED,NDI: SHINJAN (shinjan-pc) [Q2],7de79667-0e08-4152-b45d-1958ba84a996,unknown_track_374,2026-07-23T07:53:18.033+00:00,2026-07-23T07:53:20.814+00:00,2.781,1.7966,sustained_proximity_estimate
UPDATED,NDI: SHINJAN (shinjan-pc) [Q2],7de79667-0e08-4152-b45d-1958ba84a996,unknown_track_402,2026-07-23T07:53:18.033+00:00,2026-07-23T07:53:20.814+00:00,2.781,1.4127,sustained_proximity_estimate
UPDATED,NDI: SHINJAN (shinjan-pc) [Q2],b20659d6-0ffd-4647-bd8e-b9140be6c652,unknown_track_374,2026-07-23T07:53:18.033+00:00,2026-07-23T07:53:20.814+00:00,2.781,1.7043,sustained_proximity_estimate
UPDATED,NDI: SHINJAN (shinjan-pc) [Q2],b20659d6-0ffd-4647-bd8e-b9140be6c652,unknown_track_402,2026-07-23T07:53:18.033+00:00,2026-07-23T07:53:20.814+00:00,2.781,1.5324,sustained_proximity_estimate
UPDATED,NDI: SHINJAN (shinjan-pc) [Q2],unknown_track_374,unknown_track_402,2026-07-23T07:53:18.033+00:00,2026-07-23T07:53:20.814+00:00,2.781,0.6480,sustained_proximity_estimate
ENDED,NDI: SHINJAN (shinjan-pc) [Q2],7de79667-0e08-4152-b45d-1958ba84a996,b20659d6-0ffd-4647-bd8e-b9140be6c652,2026-07-23T07:53:18.033+00:00,2026-07-23T07:53:20.814+00:00,2.781,0.8049,sustained_proximity_estimate
ENDED,NDI: SHINJAN (shinjan-pc) [Q2],7de79667-0e08-4152-b45d-1958ba84a996,unknown_track_374,2026-07-23T07:53:18.033+00:00,2026-07-23T07:53:20.814+00:00,2.781,1.7966,sustained_proximity_estimate
ENDED,NDI: SHINJAN (shinjan-pc) [Q2],7de79667-0e08-4152-b45d-1958ba84a996,unknown_track_402,2026-07-23T07:53:18.033+00:00,2026-07-23T07:53:20.814+00:00,2.781,1.4127,sustained_proximity_estimate
ENDED,NDI: SHINJAN (shinjan-pc) [Q2],b20659d6-0ffd-4647-bd8e-b9140be6c652,unknown_track_374,2026-07-23T07:53:18.033+00:00,2026-07-23T07:53:20.814+00:00,2.781,1.7043,sustained_proximity_estimate
ENDED,NDI: SHINJAN (shinjan-pc) [Q2],b20659d6-0ffd-4647-bd8e-b9140be6c652,unknown_track_402,2026-07-23T07:53:18.033+00:00,2026-07-23T07:53:20.814+00:00,2.781,1.5324,sustained_proximity_estimate
ENDED,NDI: SHINJAN (shinjan-pc) [Q2],unknown_track_374,unknown_track_402,2026-07-23T07:53:18.033+00:00,2026-07-23T07:53:20.814+00:00,2.781,0.6480,sustained_proximity_estimate
STARTED,NDI: SHINJAN (shinjan-pc) [Q1],7de79667-0e08-4152-b45d-1958ba84a996,b20659d6-0ffd-4647-bd8e-b9140be6c652,2026-07-23T07:53:23.829+00:00,2026-07-23T07:53:25.065+00:00,1.236,0.9546,sustained_proximity_estimate
STARTED,NDI: SHINJAN (shinjan-pc) [Q1],7de79667-0e08-4152-b45d-1958ba84a996,unknown_track_361,2026-07-23T07:53:23.829+00:00,2026-07-23T07:53:25.065+00:00,1.236,0.7790,sustained_proximity_estimate
STARTED,NDI: SHINJAN (shinjan-pc) [Q1],b20659d6-0ffd-4647-bd8e-b9140be6c652,unknown_track_361,2026-07-23T07:53:23.829+00:00,2026-07-23T07:53:25.065+00:00,1.236,1.4274,sustained_proximity_estimate
STARTED,NDI: SHINJAN (shinjan-pc) [Q2],7de79667-0e08-4152-b45d-1958ba84a996,b20659d6-0ffd-4647-bd8e-b9140be6c652,2026-07-23T07:53:23.829+00:00,2026-07-23T07:53:25.065+00:00,1.236,0.8369,sustained_proximity_estimate
STARTED,NDI: SHINJAN (shinjan-pc) [Q2],7de79667-0e08-4152-b45d-1958ba84a996,unknown_track_374,2026-07-23T07:53:23.829+00:00,2026-07-23T07:53:25.065+00:00,1.236,1.7041,sustained_proximity_estimate
STARTED,NDI: SHINJAN (shinjan-pc) [Q2],7de79667-0e08-4152-b45d-1958ba84a996,unknown_track_402,2026-07-23T07:53:23.829+00:00,2026-07-23T07:53:25.065+00:00,1.236,1.5214,sustained_proximity_estimate
STARTED,NDI: SHINJAN (shinjan-pc) [Q2],b20659d6-0ffd-4647-bd8e-b9140be6c652,unknown_track_374,2026-07-23T07:53:23.829+00:00,2026-07-23T07:53:25.065+00:00,1.236,1.5548,sustained_proximity_estimate
STARTED,NDI: SHINJAN (shinjan-pc) [Q2],b20659d6-0ffd-4647-bd8e-b9140be6c652,unknown_track_402,2026-07-23T07:53:23.829+00:00,2026-07-23T07:53:25.065+00:00,1.236,1.6812,sustained_proximity_estimate
STARTED,NDI: SHINJAN (shinjan-pc) [Q2],unknown_track_374,unknown_track_402,2026-07-23T07:53:23.829+00:00,2026-07-23T07:53:25.065+00:00,1.236,0.7269,sustained_proximity_estimate
UPDATED,NDI: SHINJAN (shinjan-pc) [Q1],7de79667-0e08-4152-b45d-1958ba84a996,b20659d6-0ffd-4647-bd8e-b9140be6c652,2026-07-23T07:53:23.829+00:00,2026-07-23T07:53:25.702+00:00,1.873,0.9704,sustained_proximity_estimate
UPDATED,NDI: SHINJAN (shinjan-pc) [Q1],7de79667-0e08-4152-b45d-1958ba84a996,unknown_track_361,2026-07-23T07:53:23.829+00:00,2026-07-23T07:53:25.702+00:00,1.873,0.7191,sustained_proximity_estimate
UPDATED,NDI: SHINJAN (shinjan-pc) [Q1],b20659d6-0ffd-4647-bd8e-b9140be6c652,unknown_track_361,2026-07-23T07:53:23.829+00:00,2026-07-23T07:53:25.702+00:00,1.873,1.4217,sustained_proximity_estimate
UPDATED,NDI: SHINJAN (shinjan-pc) [Q2],b20659d6-0ffd-4647-bd8e-b9140be6c652,unknown_track_374,2026-07-23T07:53:23.829+00:00,2026-07-23T07:53:25.702+00:00,1.873,1.5533,sustained_proximity_estimate
UPDATED,NDI: SHINJAN (shinjan-pc) [Q2],b20659d6-0ffd-4647-bd8e-b9140be6c652,unknown_track_402,2026-07-23T07:53:23.829+00:00,2026-07-23T07:53:25.702+00:00,1.873,1.7104,sustained_proximity_estimate
UPDATED,NDI: SHINJAN (shinjan-pc) [Q2],unknown_track_374,unknown_track_402,2026-07-23T07:53:23.829+00:00,2026-07-23T07:53:25.702+00:00,1.873,0.7184,sustained_proximity_estimate
UPDATED,NDI: SHINJAN (shinjan-pc) [Q1],b20659d6-0ffd-4647-bd8e-b9140be6c652,unknown_track_361,2026-07-23T07:53:23.829+00:00,2026-07-23T07:53:26.334+00:00,2.505,1.4039,sustained_proximity_estimate
ENDED,NDI: SHINJAN (shinjan-pc) [Q2],7de79667-0e08-4152-b45d-1958ba84a996,b20659d6-0ffd-4647-bd8e-b9140be6c652,2026-07-23T07:53:23.829+00:00,2026-07-23T07:53:25.065+00:00,1.236,0.8369,sustained_proximity_estimate
ENDED,NDI: SHINJAN (shinjan-pc) [Q2],7de79667-0e08-4152-b45d-1958ba84a996,unknown_track_374,2026-07-23T07:53:23.829+00:00,2026-07-23T07:53:25.065+00:00,1.236,1.7041,sustained_proximity_estimate
ENDED,NDI: SHINJAN (shinjan-pc) [Q2],7de79667-0e08-4152-b45d-1958ba84a996,unknown_track_402,2026-07-23T07:53:23.829+00:00,2026-07-23T07:53:25.065+00:00,1.236,1.5214,sustained_proximity_estimate
UPDATED,NDI: SHINJAN (shinjan-pc) [Q2],b20659d6-0ffd-4647-bd8e-b9140be6c652,unknown_track_374,2026-07-23T07:53:23.829+00:00,2026-07-23T07:53:26.334+00:00,2.505,1.5447,sustained_proximity_estimate
UPDATED,NDI: SHINJAN (shinjan-pc) [Q2],b20659d6-0ffd-4647-bd8e-b9140be6c652,unknown_track_402,2026-07-23T07:53:23.829+00:00,2026-07-23T07:53:26.334+00:00,2.505,1.6823,sustained_proximity_estimate
UPDATED,NDI: SHINJAN (shinjan-pc) [Q2],unknown_track_374,unknown_track_402,2026-07-23T07:53:23.829+00:00,2026-07-23T07:53:26.334+00:00,2.505,0.6940,sustained_proximity_estimate
ENDED,NDI: SHINJAN (shinjan-pc) [Q1],7de79667-0e08-4152-b45d-1958ba84a996,b20659d6-0ffd-4647-bd8e-b9140be6c652,2026-07-23T07:53:23.829+00:00,2026-07-23T07:53:25.702+00:00,1.873,0.9704,sustained_proximity_estimate
ENDED,NDI: SHINJAN (shinjan-pc) [Q1],7de79667-0e08-4152-b45d-1958ba84a996,unknown_track_361,2026-07-23T07:53:23.829+00:00,2026-07-23T07:53:25.702+00:00,1.873,0.7191,sustained_proximity_estimate
ENDED,NDI: SHINJAN (shinjan-pc) [Q1],b20659d6-0ffd-4647-bd8e-b9140be6c652,unknown_track_361,2026-07-23T07:53:23.829+00:00,2026-07-23T07:53:26.334+00:00,2.505,1.4039,sustained_proximity_estimate
ENDED,NDI: SHINJAN (shinjan-pc) [Q2],b20659d6-0ffd-4647-bd8e-b9140be6c652,unknown_track_374,2026-07-23T07:53:23.829+00:00,2026-07-23T07:53:26.334+00:00,2.505,1.5447,sustained_proximity_estimate
ENDED,NDI: SHINJAN (shinjan-pc) [Q2],b20659d6-0ffd-4647-bd8e-b9140be6c652,unknown_track_402,2026-07-23T07:53:23.829+00:00,2026-07-23T07:53:26.334+00:00,2.505,1.6823,sustained_proximity_estimate
ENDED,NDI: SHINJAN (shinjan-pc) [Q2],unknown_track_374,unknown_track_402,2026-07-23T07:53:23.829+00:00,2026-07-23T07:53:26.334+00:00,2.505,0.6940,sustained_proximity_estimate
